时间,期货结算价(连续):欧盟排放配额(EUA)
2005-04-25,17.45
2005-04-26,17.15
2005-04-27,16.35
2005-04-28,15.95
2005-04-29,16.4
2005-05-04,16.1
2005-05-05,16.5
2005-05-09,16.85
2005-05-10,16.95
2005-05-11,16.75
2005-05-12,16.35
2005-05-13,16.65
2005-05-16,16.75
2005-05-17,17.05
2005-05-18,17.3
2005-05-19,17.8
2005-05-20,18.55
2005-05-23,18.3
2005-05-24,18.95
2005-05-25,19.75
2005-05-26,19.6
2005-05-27,19.45
2005-05-31,19.65
2005-06-01,19.45
2005-06-02,19.2
2005-06-03,18.85
2005-06-06,19.05
2005-06-07,19.4
2005-06-08,19.55
2005-06-09,19.5
2005-06-10,19.5
2005-06-13,19.6
2005-06-14,19.65
2005-06-15,19.85
2005-06-16,20.35
2005-06-17,21.2
2005-06-20,22.7
2005-06-21,22.7
2005-06-22,22.8
2005-06-23,23.05
2005-06-24,23.6
2005-06-27,23.55
2005-06-28,24.2
2005-06-29,25
2005-06-30,25.3
2005-07-01,26.5
2005-07-04,28.85
2005-07-05,28.25
2005-07-06,28.7
2005-07-07,28.8
2005-07-08,29.1
2005-07-11,29.1
2005-07-12,28.95
2005-07-13,27.35
2005-07-14,23.45
2005-07-15,23.7
2005-07-18,24.1
2005-07-19,23.95
2005-07-20,20.65
2005-07-21,19.9
2005-07-22,19.6
2005-07-25,19.95
2005-07-26,20.4
2005-07-27,21.65
2005-07-28,21.65
2005-07-29,21.9
2005-08-01,21
2005-08-02,20.25
2005-08-03,20.2
2005-08-04,20.05
2005-08-05,20.8
2005-08-08,21.45
2005-08-09,22.05
2005-08-10,22
2005-08-11,22.25
2005-08-12,22.4
2005-08-15,22
2005-08-16,22
2005-08-17,22.45
2005-08-18,22.35
2005-08-19,22.45
2005-08-22,22.65
2005-08-23,22.65
2005-08-24,22.8
2005-08-25,23.1
2005-08-26,23.2
2005-08-30,23.35
2005-08-31,23.65
2005-09-01,24.15
2005-09-02,24.45
2005-09-05,24.4
2005-09-06,24.35
2005-09-07,24.4
2005-09-08,24.1
2005-09-09,23.5
2005-09-12,22.1
2005-09-13,21.6
2005-09-14,22.25
2005-09-15,22.55
2005-09-16,21.95
2005-09-19,22.35
2005-09-20,21.95
2005-09-21,21.9
2005-09-22,22.15
2005-09-23,21.9
2005-09-26,21.45
2005-09-27,22
2005-09-28,22.7
2005-09-29,22.8
2005-09-30,22.65
2005-10-03,22.7
2005-10-04,23.25
2005-10-05,23.9
2005-10-06,23.7
2005-10-07,23.1
2005-10-10,23.15
2005-10-11,23.15
2005-10-12,23.5
2005-10-13,23.5
2005-10-14,23
2005-10-17,23.1
2005-10-18,22.8
2005-10-19,22.4
2005-10-20,22.1
2005-10-21,21.8
2005-10-24,21.4
2005-10-25,21.45
2005-10-26,21.7
2005-10-27,21.85
2005-10-28,22.05
2005-10-31,21.95
2005-11-01,21.75
2005-11-02,21.35
2005-11-03,21.25
2005-11-04,21.35
2005-11-07,21.6
2005-11-08,22.05
2005-11-09,22.5
2005-11-10,22.7
2005-11-11,22.7
2005-11-14,23.15
2005-11-15,22.85
2005-11-16,22.7
2005-11-17,22.45
2005-11-18,21.55
2005-11-21,21.4
2005-11-22,22.05
2005-11-23,21.45
2005-11-24,19.75
2005-11-25,20.1
2005-11-28,20.15
2005-11-29,19.5
2005-11-30,19.6
2005-12-01,20
2005-12-02,21.15
2005-12-05,21.7
2005-12-06,22.15
2005-12-07,21.7
2005-12-08,21.05
2005-12-09,20.8
2005-12-12,21.3
2005-12-13,21.65
2005-12-14,21.35
2005-12-15,21.4
2005-12-16,21.2
2005-12-19,21.05
2005-12-20,21.5
2005-12-21,21.45
2005-12-22,21.3
2005-12-23,21
2005-12-28,21.55
2005-12-29,21.65
2005-12-30,21.7
2006-01-03,22.3
2006-01-04,22.6
2006-01-05,23
2006-01-06,23.55
2006-01-09,23.25
2006-01-10,23.25
2006-01-11,23.25
2006-01-12,23.5
2006-01-13,23.4
2006-01-16,23.35
2006-01-17,24.55
2006-01-18,25.7
2006-01-19,25.9
2006-01-20,27.1
2006-01-23,26.25
2006-01-24,25.55
2006-01-25,25.95
2006-01-26,26.7
2006-01-27,26.1
2006-01-30,26.7
2006-01-31,26.7
2006-02-01,27.15
2006-02-02,27.7
2006-02-03,27.95
2006-02-06,27.7
2006-02-07,26.6
2006-02-08,26.15
2006-02-09,26.45
2006-02-10,26.65
2006-02-13,26.2
2006-02-14,26.35
2006-02-15,26.7
2006-02-16,27
2006-02-17,26.75
2006-02-20,27.15
2006-02-21,27.4
2006-02-22,27.35
2006-02-23,26.8
2006-02-24,26.75
2006-02-27,26.3
2006-02-28,26.55
2006-03-01,27
2006-03-02,27.25
2006-03-03,27.2
2006-03-06,27.15
2006-03-07,26.7
2006-03-08,26.85
2006-03-09,26.8
2006-03-10,27
2006-03-13,27.5
2006-03-14,27.25
2006-03-15,27.05
2006-03-16,26.7
2006-03-17,26.95
2006-03-20,27.15
2006-03-21,27.1
2006-03-22,27.15
2006-03-23,27.15
2006-03-24,26.95
2006-03-27,26.8
2006-03-28,26.95
2006-03-29,27.2
2006-03-30,27.35
2006-03-31,27.3
2006-04-03,27.35
2006-04-04,27.75
2006-04-05,28.8
2006-04-06,29.3
2006-04-07,28.8
2006-04-10,29
2006-04-11,29.4
2006-04-12,29.4
2006-04-13,29.25
2006-04-17,29.4
2006-04-18,30.45
2006-04-19,30.45
2006-04-20,29.95
2006-04-21,29.75
2006-04-24,29.85
2006-04-25,27.3
2006-04-26,20.15
2006-04-27,16.6
2006-04-28,13.55
2006-05-01,13.25
2006-05-02,11.4
2006-05-03,12.2
2006-05-04,14.2
2006-05-05,12.75
2006-05-08,12.1
2006-05-09,12.2
2006-05-10,13.25
2006-05-11,12.85
2006-05-12,9.3
2006-05-15,15.1
2006-05-16,16.65
2006-05-17,15.65
2006-05-18,15.65
2006-05-19,16.35
2006-05-22,18.25
2006-05-23,19.65
2006-05-24,19.05
2006-05-25,19.1
2006-05-26,18.7
2006-05-30,17.7
2006-05-31,16.7
2006-06-01,16.3
2006-06-02,16.3
2006-06-05,15.95
2006-06-06,15.7
2006-06-07,15
2006-06-08,14
2006-06-09,14
2006-06-12,15.05
2006-06-13,14.9
2006-06-14,14.85
2006-06-15,14.8
2006-06-16,15
2006-06-19,15.3
2006-06-20,15.95
2006-06-21,15.4
2006-06-22,15.55
2006-06-23,15.45
2006-06-26,14.95
2006-06-27,15.1
2006-06-28,15.5
2006-06-29,15.9
2006-06-30,15.85
2006-07-03,16.2
2006-07-04,16.2
2006-07-05,16
2006-07-06,16.4
2006-07-07,16.15
2006-07-10,16.35
2006-07-11,16.5
2006-07-12,16.4
2006-07-13,16.5
2006-07-14,16.9
2006-07-17,17.35
2006-07-18,17.1
2006-07-19,16.65
2006-07-20,17
2006-07-21,16.8
2006-07-24,16.7
2006-07-25,16.4
2006-07-26,16.55
2006-07-27,16.75
2006-07-28,16.3
2006-07-31,16.25
2006-08-01,16.45
2006-08-02,16.6
2006-08-03,16.05
2006-08-04,15.3
2006-08-07,15.9
2006-08-08,15.9
2006-08-09,15.85
2006-08-10,15.7
2006-08-11,15.9
2006-08-14,15.65
2006-08-15,15.6
2006-08-16,15.8
2006-08-17,15.9
2006-08-18,16
2006-08-21,16.65
2006-08-22,17
2006-08-23,16.8
2006-08-24,16.35
2006-08-25,16.4
2006-08-28,16.3
2006-08-29,16.05
2006-08-30,15.8
2006-08-31,16
2006-09-01,16
2006-09-04,16.45
2006-09-05,16.55
2006-09-06,16.7
2006-09-07,16.55
2006-09-08,16.45
2006-09-11,16.3
2006-09-12,16.4
2006-09-13,16.3
2006-09-14,16.35
2006-09-15,16.25
2006-09-18,16.25
2006-09-19,15.75
2006-09-20,14.25
2006-09-21,13.55
2006-09-22,13.35
2006-09-25,12.85
2006-09-26,12
2006-09-27,12.1
2006-09-28,12.6
2006-09-29,12.95
2006-10-02,12.15
2006-10-03,12
2006-10-04,12
2006-10-05,12.15
2006-10-06,12.1
2006-10-09,12.4
2006-10-10,12.5
2006-10-11,12.5
2006-10-12,12.45
2006-10-13,12.55
2006-10-16,12.55
2006-10-17,12.75
2006-10-18,12.9
2006-10-19,12.85
2006-10-20,12.85
2006-10-23,12.55
2006-10-24,12.55
2006-10-25,12.05
2006-10-26,12.1
2006-10-27,11.85
2006-10-30,10.8
2006-10-31,11.05
2006-11-01,11
2006-11-02,10.75
2006-11-03,10.6
2006-11-06,10.4
2006-11-07,9.45
2006-11-08,9.5
2006-11-09,9.5
2006-11-10,8.7
2006-11-13,8.45
2006-11-14,9.1
2006-11-15,9
2006-11-16,8.65
2006-11-17,8.45
2006-11-20,8.6
2006-11-21,8.75
2006-11-22,8.6
2006-11-23,8.7
2006-11-24,9
2006-11-27,8.95
2006-11-28,8.6
2006-11-29,8.15
2006-11-30,8.1
2006-12-01,7.4
2006-12-04,7.1
2006-12-05,6.75
2006-12-06,7.05
2006-12-07,7.5
2006-12-08,7.2
2006-12-11,7.05
2006-12-12,6.7
2006-12-13,6.4
2006-12-14,6.4
2006-12-15,6.55
2006-12-18,6.6
2006-12-19,6.65
2006-12-20,6.6
2006-12-21,6.8
2006-12-22,6.95
2006-12-27,6.7
2006-12-28,6.7
2006-12-29,6.6
2007-01-02,5.6
2007-01-03,4.85
2007-01-04,4.85
2007-01-05,4.8
2007-01-08,3.95
2007-01-09,3.5
2007-01-10,3.85
2007-01-11,4
2007-01-12,4.05
2007-01-15,4.05
2007-01-16,4.25
2007-01-17,4.1
2007-01-18,4
2007-01-19,4
2007-01-22,3.9
2007-01-23,3.8
2007-01-24,3.45
2007-01-25,3.3
2007-01-26,3.05
2007-01-29,2.5
2007-01-30,2.45
2007-01-31,2.35
2007-02-01,2.25
2007-02-02,2
2007-02-05,1.8
2007-02-06,1.5
2007-02-07,1.35
2007-02-08,1.5
2007-02-09,1.65
2007-02-12,1.3
2007-02-13,1.25
2007-02-14,1.2
2007-02-15,1.15
2007-02-16,1.15
2007-02-19,0.8
2007-02-20,0.9
2007-02-21,0.95
2007-02-22,0.9
2007-02-23,0.95
2007-02-26,1
2007-02-27,1
2007-02-28,0.95
2007-03-01,1
2007-03-02,1.1
2007-03-05,1
2007-03-06,1.05
2007-03-07,1.15
2007-03-08,1.15
2007-03-09,1.35
2007-03-12,1.35
2007-03-13,1.25
2007-03-14,1.25
2007-03-15,1.25
2007-03-16,1.2
2007-03-19,1.05
2007-03-20,1.05
2007-03-21,1.05
2007-03-22,1
2007-03-23,1
2007-03-26,1
2007-03-27,1.04
2007-03-28,1.2
2007-03-29,1.36
2007-03-30,1.31
2007-04-02,1.03
2007-04-03,0.9
2007-04-04,0.85
2007-04-05,0.83
2007-04-09,0.83
2007-04-10,0.83
2007-04-11,0.8
2007-04-12,0.8
2007-04-13,0.76
2007-04-16,0.72
2007-04-17,0.68
2007-04-18,0.56
2007-04-19,0.51
2007-04-20,0.63
2007-04-23,0.68
2007-04-24,0.68
2007-04-25,0.64
2007-04-26,0.54
2007-04-27,0.53
2007-04-30,0.53
2007-05-01,0.58
2007-05-02,0.56
2007-05-03,0.54
2007-05-04,0.54
2007-05-07,0.53
2007-05-08,0.47
2007-05-09,0.4
2007-05-10,0.3
2007-05-11,0.32
2007-05-14,0.33
2007-05-15,0.29
2007-05-16,0.33
2007-05-17,0.3
2007-05-18,0.28
2007-05-21,0.3
2007-05-22,0.29
2007-05-23,0.29
2007-05-24,0.29
2007-05-25,0.29
2007-05-28,0.3
2007-05-29,0.27
2007-05-30,0.27
2007-05-31,0.29
2007-06-01,0.29
2007-06-04,0.29
2007-06-05,0.28
2007-06-06,0.29
2007-06-07,0.27
2007-06-08,0.27
2007-06-11,0.25
2007-06-12,0.24
2007-06-13,0.22
2007-06-14,0.19
2007-06-15,0.17
2007-06-18,0.14
2007-06-19,0.14
2007-06-20,0.13
2007-06-21,0.12
2007-06-22,0.12
2007-06-25,0.11
2007-06-26,0.13
2007-06-27,0.13
2007-06-28,0.14
2007-06-29,0.13
2007-07-02,0.14
2007-07-03,0.13
2007-07-04,0.13
2007-07-05,0.14
2007-07-06,0.15
2007-07-09,0.14
2007-07-10,0.14
2007-07-11,0.14
2007-07-12,0.13
2007-07-13,0.13
2007-07-16,0.13
2007-07-17,0.14
2007-07-18,0.13
2007-07-19,0.12
2007-07-20,0.13
2007-07-23,0.12
2007-07-24,0.12
2007-07-25,0.12
2007-07-26,0.12
2007-07-27,0.12
2007-07-30,0.11
2007-07-31,0.12
2007-08-01,0.11
2007-08-02,0.09
2007-08-03,0.09
2007-08-06,0.09
2007-08-07,0.09
2007-08-08,0.1
2007-08-09,0.1
2007-08-10,0.1
2007-08-13,0.1
2007-08-14,0.11
2007-08-15,0.11
2007-08-16,0.11
2007-08-17,0.11
2007-08-20,0.11
2007-08-21,0.11
2007-08-22,0.11
2007-08-23,0.11
2007-08-24,0.11
2007-08-27,0.11
2007-08-28,0.11
2007-08-29,0.1
2007-08-30,0.11
2007-08-31,0.1
2007-09-03,0.1
2007-09-04,0.1
2007-09-05,0.1
2007-09-06,0.1
2007-09-07,0.1
2007-09-10,0.09
2007-09-11,0.08
2007-09-12,0.09
2007-09-13,0.07
2007-09-14,0.07
2007-09-17,0.07
2007-09-18,0.06
2007-09-19,0.08
2007-09-20,0.08
2007-09-21,0.08
2007-09-24,0.08
2007-09-25,0.08
2007-09-26,0.08
2007-09-27,0.08
2007-09-28,0.08
2007-10-01,0.07
2007-10-02,0.08
2007-10-03,0.07
2007-10-04,0.07
2007-10-05,0.11
2007-10-08,0.07
2007-10-09,0.07
2007-10-10,0.07
2007-10-11,0.07
2007-10-12,0.07
2007-10-15,0.07
2007-10-16,0.07
2007-10-17,0.07
2007-10-18,0.07
2007-10-19,0.07
2007-10-22,0.07
2007-10-23,0.07
2007-10-24,0.07
2007-10-25,0.07
2007-10-26,0.07
2007-10-29,0.07
2007-10-30,0.07
2007-10-31,0.09
2007-11-01,0.08
2007-11-02,0.08
2007-11-05,0.07
2007-11-06,0.07
2007-11-07,0.1
2007-11-08,0.11
2007-11-09,0.1
2007-11-12,0.1
2007-11-13,0.1
2007-11-14,0.09
2007-11-15,0.09
2007-11-16,0.08
2007-11-19,0.08
2007-11-20,0.07
2007-11-21,0.07
2007-11-22,0.08
2007-11-23,0.08
2007-11-26,0.07
2007-11-27,0.07
2007-11-28,0.07
2007-11-29,0.04
2007-11-30,0.01
2007-12-03,0.03
2007-12-04,0.03
2007-12-05,0.03
2007-12-06,0.03
2007-12-07,0.03
2007-12-10,0.03
2007-12-11,0.03
2007-12-12,0.03
2007-12-13,0.03
2007-12-14,0.03
2007-12-17,0.01
2007-12-18,22.6
2007-12-19,22.45
2007-12-20,22.3
2007-12-21,21.93
2007-12-24,22
2007-12-27,21.87
2007-12-28,22.21
2007-12-31,22.41
2008-01-02,22.92
2008-01-03,23.54
2008-01-04,23.55
2008-01-07,23.66
2008-01-08,23.7
2008-01-09,23.42
2008-01-10,23.11
2008-01-11,23.11
2008-01-14,23.41
2008-01-15,23.17
2008-01-16,22.75
2008-01-17,22.23
2008-01-18,22.28
2008-01-21,20.84
2008-01-22,20.31
2008-01-23,20.03
2008-01-24,19.76
2008-01-25,21.04
2008-01-28,20.65
2008-01-29,20.7
2008-01-30,20.08
2008-01-31,19.1
2008-02-01,19.22
2008-02-04,19.19
2008-02-05,18.84
2008-02-06,19.97
2008-02-07,20.44
2008-02-08,20.39
2008-02-11,20.16
2008-02-12,19.97
2008-02-13,19.93
2008-02-14,20.72
2008-02-15,20.87
2008-02-18,20.93
2008-02-19,21.64
2008-02-20,21.5
2008-02-21,21.7
2008-02-22,21.48
2008-02-25,21.59
2008-02-26,21.35
2008-02-27,21.26
2008-02-28,21.16
2008-02-29,21.31
2008-03-03,20.88
2008-03-04,20.67
2008-03-05,21.24
2008-03-06,21.35
2008-03-07,21.38
2008-03-10,21.66
2008-03-11,21.86
2008-03-12,21.95
2008-03-13,22.55
2008-03-14,22.21
2008-03-17,21.43
2008-03-18,21.66
2008-03-19,21.56
2008-03-20,21.97
2008-03-25,22.54
2008-03-26,22.51
2008-03-27,22.26
2008-03-28,21.76
2008-03-31,22.27
2008-04-01,22.52
2008-04-02,23.42
2008-04-03,23.47
2008-04-04,23.31
2008-04-07,23.82
2008-04-08,23.51
2008-04-09,23.69
2008-04-10,24.44
2008-04-11,24.38
2008-04-14,25
2008-04-15,25.14
2008-04-16,24.8
2008-04-17,24.69
2008-04-18,24.51
2008-04-21,25.23
2008-04-22,25.34
2008-04-23,25
2008-04-24,24.51
2008-04-25,24.74
2008-04-28,24.63
2008-04-29,24.19
2008-04-30,23.88
2008-05-01,23.56
2008-05-02,24.5
2008-05-06,25.31
2008-05-07,25.03
2008-05-08,24.91
2008-05-09,25.17
2008-05-12,25.39
2008-05-13,25.04
2008-05-14,24.46
2008-05-15,24.68
2008-05-16,24.89
2008-05-19,25.31
2008-05-20,25.36
2008-05-21,25.73
2008-05-22,26.06
2008-05-23,26.11
2008-05-26,26.38
2008-05-27,26.34
2008-05-28,26.19
2008-05-29,26.59
2008-05-30,26.1
2008-06-02,26.34
2008-06-03,27.13
2008-06-04,26.6
2008-06-05,26.44
2008-06-06,27.54
2008-06-09,27.49
2008-06-10,27.2
2008-06-11,27.32
2008-06-12,27.16
2008-06-13,27
2008-06-16,27.13
2008-06-17,27.24
2008-06-18,27.5
2008-06-19,27.64
2008-06-20,27.41
2008-06-23,27.77
2008-06-24,27.78
2008-06-25,27.59
2008-06-26,27.88
2008-06-27,28.34
2008-06-30,28.77
2008-07-01,29.33
2008-07-02,27.99
2008-07-03,27.45
2008-07-04,27.64
2008-07-07,27.51
2008-07-08,25.79
2008-07-09,26.02
2008-07-10,26.68
2008-07-11,27.45
2008-07-14,27.26
2008-07-15,26.32
2008-07-16,25.03
2008-07-17,25.76
2008-07-18,24.5
2008-07-21,24.49
2008-07-22,24.67
2008-07-23,24.74
2008-07-24,25.14
2008-07-25,24.94
2008-07-28,24.41
2008-07-29,23.63
2008-07-30,22.7
2008-07-31,22.06
2008-08-01,21.38
2008-08-04,21.21
2008-08-05,21.67
2008-08-06,22.26
2008-08-07,22.82
2008-08-08,22.61
2008-08-11,22.65
2008-08-12,23.31
2008-08-13,23.67
2008-08-14,23.43
2008-08-15,23.19
2008-08-18,23.59
2008-08-19,23.73
2008-08-20,24.42
2008-08-21,24.72
2008-08-22,24.58
2008-08-25,24.37
2008-08-26,24.72
2008-08-27,25.14
2008-08-28,25.17
2008-08-29,25.19
2008-09-01,24.96
2008-09-02,24.72
2008-09-03,24.45
2008-09-04,24.65
2008-09-05,24.4
2008-09-08,24.19
2008-09-09,22.86
2008-09-10,22.77
2008-09-11,23.07
2008-09-12,23.9
2008-09-15,23.03
2008-09-16,22.91
2008-09-17,23.25
2008-09-18,23.78
2008-09-19,24.68
2008-09-22,24.85
2008-09-23,25.06
2008-09-24,24.65
2008-09-25,24.67
2008-09-26,24.45
2008-09-29,23.19
2008-09-30,22.35
2008-10-01,22.83
2008-10-02,23.14
2008-10-03,23.07
2008-10-06,22.08
2008-10-07,22.25
2008-10-08,21.81
2008-10-09,22.5
2008-10-10,22.04
2008-10-13,22.84
2008-10-14,23.29
2008-10-15,22.82
2008-10-16,21.91
2008-10-17,21.68
2008-10-20,21.8
2008-10-21,21.25
2008-10-22,19.9
2008-10-23,20.19
2008-10-24,19.14
2008-10-27,17.87
2008-10-28,17.63
2008-10-29,18.45
2008-10-30,18.12
2008-10-31,17.94
2008-11-03,18.25
2008-11-04,18.94
2008-11-05,18.54
2008-11-06,18.2
2008-11-07,18.69
2008-11-10,18.51
2008-11-11,17.94
2008-11-12,17.95
2008-11-13,17.95
2008-11-14,17.43
2008-11-17,17.03
2008-11-18,16.55
2008-11-19,16.33
2008-11-20,14.92
2008-11-21,15.03
2008-11-24,15.86
2008-11-25,15.76
2008-11-26,15.63
2008-11-27,16.31
2008-11-28,15.52
2008-12-01,15.53
2008-12-02,15.36
2008-12-03,15.22
2008-12-04,14.82
2008-12-05,13.72
2008-12-08,14.45
2008-12-09,14.28
2008-12-10,14.37
2008-12-11,14.86
2008-12-12,14.88
2008-12-15,15.3
2008-12-16,15.93
2008-12-17,15.95
2008-12-18,15.73
2008-12-19,15.74
2008-12-22,16.07
2008-12-23,15.81
2008-12-24,15.75
2008-12-29,15.81
2008-12-30,16.02
2008-12-31,15.9
2009-01-02,15.55
2009-01-05,15.38
2009-01-06,15.69
2009-01-07,15.45
2009-01-08,14.76
2009-01-09,14.44
2009-01-12,13.94
2009-01-13,13.78
2009-01-14,13.28
2009-01-15,13.25
2009-01-16,12.6
2009-01-19,11.63
2009-01-20,11.51
2009-01-21,11.5
2009-01-22,11.7
2009-01-23,11.67
2009-01-26,12.11
2009-01-27,11.91
2009-01-28,11.74
2009-01-29,11.88
2009-01-30,11.85
2009-02-02,11.29
2009-02-03,10.61
2009-02-04,10.43
2009-02-05,10.2
2009-02-06,10.07
2009-02-09,10.05
2009-02-10,9.33
2009-02-11,8.49
2009-02-12,8.2
2009-02-13,8.63
2009-02-16,8.4
2009-02-17,8.64
2009-02-18,9.68
2009-02-19,10.81
2009-02-20,9.97
2009-02-23,9.64
2009-02-24,9.36
2009-02-25,9.74
2009-02-26,10.6
2009-02-27,10.09
2009-03-02,10.06
2009-03-03,10.98
2009-03-04,11.64
2009-03-05,11.29
2009-03-06,10.83
2009-03-09,11.65
2009-03-10,12.01
2009-03-11,11.69
2009-03-12,11.87
2009-03-13,12.29
2009-03-16,12.58
2009-03-17,12.96
2009-03-18,12.42
2009-03-19,11.77
2009-03-20,11.28
2009-03-23,11.94
2009-03-24,11.27
2009-03-25,10.63
2009-03-26,10.95
2009-03-27,11.19
2009-03-30,11.2
2009-03-31,11.75
2009-04-01,12.22
2009-04-02,12.14
2009-04-03,12.52
2009-04-06,12.71
2009-04-07,12.41
2009-04-08,12.79
2009-04-09,13.39
2009-04-14,14.25
2009-04-15,13.93
2009-04-16,13.93
2009-04-17,13.81
2009-04-20,13.13
2009-04-21,13.22
2009-04-22,13.57
2009-04-23,13.44
2009-04-24,13.74
2009-04-27,13.61
2009-04-28,13.44
2009-04-29,13.73
2009-04-30,14.26
2009-05-01,14.4
2009-05-04,14.78
2009-05-05,14.17
2009-05-06,14.6
2009-05-07,14.85
2009-05-08,15.55
2009-05-11,15.87
2009-05-12,15.11
2009-05-13,14.73
2009-05-14,14.44
2009-05-15,14.08
2009-05-18,14.38
2009-05-19,14.63
2009-05-20,15.21
2009-05-21,15
2009-05-22,15.17
2009-05-26,15.01
2009-05-27,15.22
2009-05-28,15.17
2009-05-29,14.91
2009-06-01,15.17
2009-06-02,14.96
2009-06-03,14.29
2009-06-04,14.22
2009-06-05,14.12
2009-06-08,13.36
2009-06-09,13.19
2009-06-10,13.32
2009-06-11,13.42
2009-06-12,13.05
2009-06-15,12.39
2009-06-16,12.96
2009-06-17,12.93
2009-06-18,12.89
2009-06-19,13.35
2009-06-22,12.95
2009-06-23,13.02
2009-06-24,13.32
2009-06-25,13.47
2009-06-26,13.4
2009-06-29,13.56
2009-06-30,13.26
2009-07-01,13.24
2009-07-02,13.1
2009-07-03,13.03
2009-07-06,13.05
2009-07-07,13.17
2009-07-08,13.42
2009-07-09,13.8
2009-07-10,14
2009-07-13,14.68
2009-07-14,14.26
2009-07-15,14.51
2009-07-16,14.53
2009-07-17,14.09
2009-07-20,14.16
2009-07-21,14.48
2009-07-22,14.39
2009-07-23,14.43
2009-07-24,14.31
2009-07-27,14.13
2009-07-28,13.8
2009-07-29,13.61
2009-07-30,13.74
2009-07-31,13.71
2009-08-03,14.41
2009-08-04,14.61
2009-08-05,14.34
2009-08-06,14.35
2009-08-07,14.32
2009-08-10,14.2
2009-08-11,14.18
2009-08-12,14.36
2009-08-13,14.35
2009-08-14,14.39
2009-08-17,14.5
2009-08-18,14.78
2009-08-19,14.93
2009-08-20,15.14
2009-08-21,15.4
2009-08-24,15.22
2009-08-25,15.21
2009-08-26,15.21
2009-08-27,15.17
2009-08-28,15.2
2009-08-31,14.93
2009-09-01,14.79
2009-09-02,15.06
2009-09-03,15.37
2009-09-04,15.21
2009-09-07,15.33
2009-09-08,15.45
2009-09-09,15.16
2009-09-10,15.09
2009-09-11,14.57
2009-09-14,13.9
2009-09-15,14.28
2009-09-16,14.07
2009-09-17,13.62
2009-09-18,13.65
2009-09-21,13.97
2009-09-22,13.74
2009-09-23,13.34
2009-09-24,12.79
2009-09-25,13.1
2009-09-28,13.51
2009-09-29,13.1
2009-09-30,13.36
2009-10-01,13.22
2009-10-02,13.05
2009-10-05,13.12
2009-10-06,13.73
2009-10-07,13.61
2009-10-08,13.42
2009-10-09,13.78
2009-10-12,14.28
2009-10-13,14.32
2009-10-14,14.44
2009-10-15,14.22
2009-10-16,14.14
2009-10-19,14.44
2009-10-20,14.58
2009-10-21,14.97
2009-10-22,14.46
2009-10-23,14.39
2009-10-26,14.34
2009-10-27,14.26
2009-10-28,14.24
2009-10-29,14.75
2009-10-30,14.54
2009-11-02,14.54
2009-11-03,14.39
2009-11-04,14.36
2009-11-05,14.37
2009-11-06,13.97
2009-11-09,13.87
2009-11-10,13.72
2009-11-11,13.52
2009-11-12,13.31
2009-11-13,13.41
2009-11-16,13.74
2009-11-17,13.35
2009-11-18,13.5
2009-11-19,13.39
2009-11-20,13.07
2009-11-23,13.1
2009-11-24,12.63
2009-11-25,12.88
2009-11-26,12.93
2009-11-27,13.18
2009-11-30,13.14
2009-12-01,13.49
2009-12-02,13.57
2009-12-03,13.85
2009-12-04,14.12
2009-12-07,14.76
2009-12-08,14.09
2009-12-09,14.17
2009-12-10,14.17
2009-12-11,14.36
2009-12-14,14.37
2009-12-15,14.61
2009-12-16,14.36
2009-12-17,13.61
2009-12-18,13.58
2009-12-21,12.45
2009-12-22,12.71
2009-12-23,13
2009-12-24,12.74
2009-12-29,12.66
2009-12-30,12.7
2009-12-31,12.53
2010-01-04,13.09
2010-01-05,12.7
2010-01-06,12.41
2010-01-07,12.73
2010-01-08,13
2010-01-11,13.18
2010-01-12,12.87
2010-01-13,13.09
2010-01-14,13.6
2010-01-15,13.34
2010-01-18,13.71
2010-01-19,13.81
2010-01-20,13.37
2010-01-21,13.25
2010-01-22,13.13
2010-01-25,13.45
2010-01-26,13.61
2010-01-27,13.4
2010-01-28,13.14
2010-01-29,12.86
2010-02-01,12.72
2010-02-02,12.74
2010-02-03,12.75
2010-02-04,13.22
2010-02-05,13.27
2010-02-08,13.75
2010-02-09,13.55
2010-02-10,13.26
2010-02-11,13.19
2010-02-12,12.95
2010-02-15,13.13
2010-02-16,13.31
2010-02-17,12.91
2010-02-18,12.96
2010-02-19,12.52
2010-02-22,12.78
2010-02-23,12.73
2010-02-24,13.06
2010-02-25,12.9
2010-02-26,13
2010-03-01,13.33
2010-03-02,13.3
2010-03-03,13.54
2010-03-04,13.12
2010-03-05,13.3
2010-03-08,13.1
2010-03-09,13.13
2010-03-10,13.23
2010-03-11,12.99
2010-03-12,12.9
2010-03-15,13.09
2010-03-16,12.98
2010-03-17,13.04
2010-03-18,13.11
2010-03-19,13.12
2010-03-22,13.14
2010-03-23,12.92
2010-03-24,12.78
2010-03-25,12.66
2010-03-26,12.92
2010-03-29,12.77
2010-03-30,12.84
2010-03-31,12.83
2010-04-01,13.09
2010-04-06,13.44
2010-04-07,13.53
2010-04-08,13.56
2010-04-09,13.7
2010-04-12,13.71
2010-04-13,13.7
2010-04-14,14.22
2010-04-15,14.15
2010-04-16,14.42
2010-04-19,14.56
2010-04-20,14.71
2010-04-21,14.66
2010-04-22,14.66
2010-04-23,14.95
2010-04-26,15.59
2010-04-27,15.25
2010-04-28,14.98
2010-04-29,15.35
2010-04-30,15.94
2010-05-03,16.52
2010-05-04,15.92
2010-05-05,16
2010-05-06,16.19
2010-05-07,15.54
2010-05-10,15.26
2010-05-11,15.69
2010-05-12,15.74
2010-05-13,15.82
2010-05-14,15.65
2010-05-17,15.1
2010-05-18,15.29
2010-05-19,14.72
2010-05-20,14.7
2010-05-21,14.85
2010-05-24,15.42
2010-05-25,15.2
2010-05-26,15.7
2010-05-27,15.49
2010-05-28,15.11
2010-06-01,15.14
2010-06-02,15.27
2010-06-03,15.26
2010-06-04,15.34
2010-06-07,15.22
2010-06-08,15.69
2010-06-09,15.76
2010-06-10,15.46
2010-06-11,15.62
2010-06-14,15.88
2010-06-15,15.79
2010-06-16,15.57
2010-06-17,15.71
2010-06-18,15.77
2010-06-21,15.84
2010-06-22,15.34
2010-06-23,15.37
2010-06-24,15.25
2010-06-25,15.42
2010-06-28,15.43
2010-06-29,15.22
2010-06-30,15.26
2010-07-01,15.25
2010-07-02,15.36
2010-07-05,15.39
2010-07-06,15.18
2010-07-07,14.85
2010-07-08,14.4
2010-07-09,14.65
2010-07-12,14.07
2010-07-13,13.85
2010-07-14,14.01
2010-07-15,13.95
2010-07-16,14.26
2010-07-19,14.56
2010-07-20,14.23
2010-07-21,13.94
2010-07-22,14.25
2010-07-23,14.01
2010-07-26,13.53
2010-07-27,13.72
2010-07-28,13.76
2010-07-29,14.02
2010-07-30,14.15
2010-08-02,14.49
2010-08-03,14.43
2010-08-04,14.33
2010-08-05,14.34
2010-08-06,14.23
2010-08-09,14.57
2010-08-10,14.5
2010-08-11,14.4
2010-08-12,14.43
2010-08-13,14.49
2010-08-16,14.41
2010-08-17,14.49
2010-08-18,14.4
2010-08-19,14.92
2010-08-20,15.07
2010-08-23,14.82
2010-08-24,14.96
2010-08-25,15.39
2010-08-26,15.26
2010-08-27,15.29
2010-08-30,15.46
2010-08-31,15.27
2010-09-01,15.39
2010-09-02,15.78
2010-09-03,15.74
2010-09-06,15.72
2010-09-07,15.74
2010-09-08,15.61
2010-09-09,15.51
2010-09-10,15.28
2010-09-13,15.3
2010-09-14,15.27
2010-09-15,15.42
2010-09-16,15.26
2010-09-17,15.31
2010-09-20,15.02
2010-09-21,14.91
2010-09-22,15.03
2010-09-23,14.89
2010-09-24,15.3
2010-09-27,15.39
2010-09-28,15.67
2010-09-29,15.65
2010-09-30,15.41
2010-10-01,15.36
2010-10-04,15.27
2010-10-05,15.57
2010-10-06,15.57
2010-10-07,15.47
2010-10-08,15.57
2010-10-11,15.84
2010-10-12,15.75
2010-10-13,15.63
2010-10-14,15.54
2010-10-15,15.45
2010-10-18,15.38
2010-10-19,15.03
2010-10-20,15.15
2010-10-21,14.86
2010-10-22,15.07
2010-10-25,15.16
2010-10-26,15
2010-10-27,15.1
2010-10-28,14.91
2010-10-29,14.63
2010-11-01,14.69
2010-11-02,14.71
2010-11-03,14.69
2010-11-04,14.38
2010-11-05,14.51
2010-11-08,14.24
2010-11-09,14.3
2010-11-10,14.49
2010-11-11,14.84
2010-11-12,14.9
2010-11-15,15.11
2010-11-16,14.63
2010-11-17,14.88
2010-11-18,14.94
2010-11-19,14.96
2010-11-22,15.08
2010-11-23,15.02
2010-11-24,15.15
2010-11-25,15.08
2010-11-26,15.08
2010-11-29,14.95
2010-11-30,14.76
2010-12-01,14.84
2010-12-02,14.67
2010-12-03,14.75
2010-12-06,14.87
2010-12-07,14.79
2010-12-08,14.67
2010-12-09,14.53
2010-12-10,14.59
2010-12-13,14.53
2010-12-14,14.46
2010-12-15,14.34
2010-12-16,14.26
2010-12-17,13.98
2010-12-20,13.9
2010-12-21,13.96
2010-12-22,14.1
2010-12-23,13.86
2010-12-24,13.87
2010-12-27,13.87
2010-12-28,13.87
2010-12-29,14.06
2010-12-30,13.94
2010-12-31,14.02
2011-01-03,14.02
2011-01-04,14.21
2011-01-05,14.31
2011-01-06,14.47
2011-01-07,14.41
2011-01-10,14.01
2011-01-11,14.09
2011-01-12,14.03
2011-01-13,14.06
2011-01-14,14.27
2011-01-17,14.34
2011-01-18,14.39
2011-01-19,14.16
2011-01-20,14.15
2011-01-21,14.26
2011-01-24,14.37
2011-01-25,14.68
2011-01-26,14.69
2011-01-27,14.51
2011-01-28,14.54
2011-01-31,14.76
2011-02-01,14.64
2011-02-02,14.76
2011-02-03,14.47
2011-02-04,14.49
2011-02-07,14.42
2011-02-08,14.49
2011-02-09,14.46
2011-02-10,14.47
2011-02-11,14.67
2011-02-14,14.67
2011-02-15,14.57
2011-02-16,14.46
2011-02-17,14.59
2011-02-18,14.63
2011-02-21,15.04
2011-02-22,15.02
2011-02-23,14.96
2011-02-24,15.05
2011-02-25,15.21
2011-02-28,15.3
2011-03-01,15.28
2011-03-02,15.2
2011-03-03,15.17
2011-03-04,15.5
2011-03-07,15.39
2011-03-08,15.31
2011-03-09,15.36
2011-03-10,15.3
2011-03-11,15.3
2011-03-14,16.02
2011-03-15,16.67
2011-03-16,16.71
2011-03-17,16.28
2011-03-18,16.76
2011-03-21,16.35
2011-03-22,16.42
2011-03-23,16.42
2011-03-24,16.06
2011-03-25,16.33
2011-03-28,16.79
2011-03-29,16.69
2011-03-30,16.66
2011-03-31,16.88
2011-04-01,16.75
2011-04-04,16.83
2011-04-05,16.62
2011-04-06,16.74
2011-04-07,16.58
2011-04-08,16.6
2011-04-11,16.36
2011-04-12,16.2
2011-04-13,16.25
2011-04-14,16.38
2011-04-15,16.69
2011-04-18,16.3
2011-04-19,16.41
2011-04-20,16.62
2011-04-21,16.5
2011-04-25,16.5
2011-04-26,16.52
2011-04-27,16.61
2011-04-28,16.77
2011-04-29,16.7
2011-05-02,17.03
2011-05-03,16.81
2011-05-04,16.7
2011-05-05,16.58
2011-05-06,16.66
2011-05-09,16.63
2011-05-10,16.56
2011-05-11,16.44
2011-05-12,16.52
2011-05-13,16.38
2011-05-16,16.55
2011-05-17,16.21
2011-05-18,16.19
2011-05-19,16.11
2011-05-20,15.99
2011-05-23,15.81
2011-05-24,16.05
2011-05-25,16.05
2011-05-26,16.05
2011-05-27,16.6
2011-05-30,16.6
2011-05-31,16.69
2011-06-01,16.51
2011-06-02,16.46
2011-06-03,16.53
2011-06-06,16.39
2011-06-07,16.35
2011-06-08,16.21
2011-06-09,16.38
2011-06-10,16.37
2011-06-13,16.4
2011-06-14,16.21
2011-06-15,15.98
2011-06-16,15.82
2011-06-17,15.4
2011-06-20,15.02
2011-06-21,14.55
2011-06-22,14.54
2011-06-23,13.15
2011-06-24,12.07
2011-06-27,12.76
2011-06-28,13.32
2011-06-29,12.83
2011-06-30,13.36
2011-07-01,13.11
2011-07-04,13.24
2011-07-05,13.38
2011-07-06,13.01
2011-07-07,12.85
2011-07-08,12.54
2011-07-11,11.94
2011-07-12,12.25
2011-07-13,11.84
2011-07-14,12.15
2011-07-15,12.26
2011-07-18,12.08
2011-07-19,12.25
2011-07-20,12.64
2011-07-21,12.95
2011-07-22,12.84
2011-07-25,12.79
2011-07-26,12.75
2011-07-27,12.28
2011-07-28,12.37
2011-07-29,12.11
2011-08-01,11.88
2011-08-02,11.61
2011-08-03,11.3
2011-08-04,11.17
2011-08-05,10.58
2011-08-08,10.62
2011-08-09,11.3
2011-08-10,11.47
2011-08-11,12.13
2011-08-12,12.33
2011-08-15,12.34
2011-08-16,12.25
2011-08-17,12.67
2011-08-18,12.2
2011-08-19,12.36
2011-08-22,12.43
2011-08-23,12.78
2011-08-24,13.03
2011-08-25,12.88
2011-08-26,13.05
2011-08-29,13.18
2011-08-30,13.38
2011-08-31,12.84
2011-09-01,12.8
2011-09-02,12.51
2011-09-05,12.29
2011-09-06,12.09
2011-09-07,12.34
2011-09-08,12.16
2011-09-09,11.79
2011-09-12,11.81
2011-09-13,11.94
2011-09-14,12.13
2011-09-15,12.28
2011-09-16,12.06
2011-09-19,11.72
2011-09-20,11.82
2011-09-21,11.72
2011-09-22,11.25
2011-09-23,11.27
2011-09-26,10.81
2011-09-27,10.74
2011-09-28,10.42
2011-09-29,10.85
2011-09-30,10.66
2011-10-03,10.09
2011-10-04,10.02
2011-10-05,10.15
2011-10-06,10.4
2011-10-07,10.4
2011-10-10,10.66
2011-10-11,10.61
2011-10-12,10.64
2011-10-13,10.24
2011-10-14,10.36
2011-10-17,10.29
2011-10-18,10.25
2011-10-19,9.97
2011-10-20,10.14
2011-10-21,10.31
2011-10-24,10.49
2011-10-25,10.36
2011-10-26,10.07
2011-10-27,10.38
2011-10-28,10.37
2011-10-31,10.12
2011-11-01,9.85
2011-11-02,9.47
2011-11-03,9.66
2011-11-04,9.39
2011-11-07,9.93
2011-11-08,10.07
2011-11-09,9.87
2011-11-10,9.8
2011-11-11,10.11
2011-11-14,10.04
2011-11-15,10.01
2011-11-16,9.85
2011-11-17,9.63
2011-11-18,9.33
2011-11-21,8.88
2011-11-22,9.08
2011-11-23,8.42
2011-11-24,7.86
2011-11-25,7.69
2011-11-28,7.97
2011-11-29,7.98
2011-11-30,8.35
2011-12-01,7.93
2011-12-02,7.82
2011-12-05,7.31
2011-12-06,7.32
2011-12-07,7.21
2011-12-08,7.64
2011-12-09,7.84
2011-12-12,7.54
2011-12-13,7.03
2011-12-14,6.45
2011-12-15,6.77
2011-12-16,6.75
2011-12-19,6.98
2011-12-20,8.54
2011-12-21,7.98
2011-12-22,7.71
2011-12-23,7.85
2011-12-28,7.42
2011-12-29,6.91
2011-12-30,6.97
2012-01-03,6.28
2012-01-04,6.27
2012-01-05,6.43
2012-01-06,6.3
2012-01-09,6.51
2012-01-10,6.84
2012-01-11,6.75
2012-01-12,6.92
2012-01-13,6.73
2012-01-16,6.47
2012-01-17,6.48
2012-01-18,6.61
2012-01-19,7.07
2012-01-20,7.02
2012-01-23,6.86
2012-01-24,7.26
2012-01-25,7.33
2012-01-26,7.49
2012-01-27,7.97
2012-01-30,7.55
2012-01-31,7.84
2012-02-01,8.26
2012-02-02,8.53
2012-02-03,8.29
2012-02-06,8.49
2012-02-07,8.53
2012-02-08,8.12
2012-02-09,7.79
2012-02-10,7.71
2012-02-13,7.46
2012-02-14,7.89
2012-02-15,8.14
2012-02-16,8.77
2012-02-17,9.04
2012-02-20,8.54
2012-02-21,8.96
2012-02-22,8.93
2012-02-23,8.62
2012-02-24,9.19
2012-02-27,9.28
2012-02-28,8.8
2012-02-29,8.34
2012-03-01,8.65
2012-03-02,8.83
2012-03-05,8.62
2012-03-06,8.35
2012-03-07,8.4
2012-03-08,8.25
2012-03-09,7.9
2012-03-12,7.66
2012-03-13,7.62
2012-03-14,7.95
2012-03-15,7.83
2012-03-16,7.6
2012-03-19,7.62
2012-03-20,7.02
2012-03-21,7.26
2012-03-22,6.71
2012-03-23,6.87
2012-03-26,6.84
2012-03-27,7.12
2012-03-28,7.04
2012-03-29,6.71
2012-03-30,6.98
2012-04-02,6.21
2012-04-03,6.35
2012-04-04,6.08
2012-04-05,6.68
2012-04-09,6.68
2012-04-10,6.78
2012-04-11,6.92
2012-04-12,7.06
2012-04-13,7.12
2012-04-16,6.79
2012-04-17,7.05
2012-04-18,7.2
2012-04-19,7.33
2012-04-20,7.32
2012-04-23,7.07
2012-04-24,7.07
2012-04-25,7.03
2012-04-26,7.22
2012-04-27,7.24
2012-04-30,7.48
2012-05-01,7.47
2012-05-02,7.12
2012-05-03,7.06
2012-05-04,6.6
2012-05-07,6.61
2012-05-08,6.74
2012-05-09,6.68
2012-05-10,6.65
2012-05-11,6.73
2012-05-14,6.56
2012-05-15,6.45
2012-05-16,6.5
2012-05-17,6.45
2012-05-18,6.33
2012-05-21,6.6
2012-05-22,6.88
2012-05-23,6.68
2012-05-24,6.78
2012-05-25,6.8
2012-05-28,6.68
2012-05-29,6.54
2012-05-30,6.4
2012-05-31,6.27
2012-06-01,6.38
2012-06-04,6.38
2012-06-05,6.38
2012-06-06,6.36
2012-06-07,6.45
2012-06-08,6.6
2012-06-11,6.62
2012-06-12,6.65
2012-06-13,6.71
2012-06-14,6.84
2012-06-15,7.23
2012-06-18,7.33
2012-06-19,7.5
2012-06-20,7.44
2012-06-21,7.5
2012-06-22,8.09
2012-06-25,7.98
2012-06-26,7.98
2012-06-27,7.89
2012-06-28,7.91
2012-06-29,8.2
2012-07-02,8.07
2012-07-03,8.25
2012-07-04,8.21
2012-07-05,8.27
2012-07-06,7.99
2012-07-09,7.93
2012-07-10,7.87
2012-07-11,7.82
2012-07-12,7.59
2012-07-13,7.59
2012-07-16,7.51
2012-07-17,7.62
2012-07-18,7.09
2012-07-19,6.82
2012-07-20,7.08
2012-07-23,7.07
2012-07-24,7.14
2012-07-25,6.8
2012-07-26,6.92
2012-07-27,6.86
2012-07-30,6.54
2012-07-31,6.88
2012-08-01,6.92
2012-08-02,7.03
2012-08-03,7.06
2012-08-06,7.16
2012-08-07,7.27
2012-08-08,7.19
2012-08-09,7.1
2012-08-10,7.16
2012-08-13,7.45
2012-08-14,7.61
2012-08-15,7.44
2012-08-16,7.66
2012-08-17,7.66
2012-08-20,7.6
2012-08-21,7.88
2012-08-22,7.99
2012-08-23,8.12
2012-08-24,8.13
2012-08-27,8.1
2012-08-28,7.93
2012-08-29,7.67
2012-08-30,7.64
2012-08-31,8.03
2012-09-03,8.22
2012-09-04,8.17
2012-09-05,8.2
2012-09-06,8.21
2012-09-07,8.33
2012-09-10,7.79
2012-09-11,7.7
2012-09-12,7.89
2012-09-13,7.75
2012-09-14,7.4
2012-09-17,7.35
2012-09-18,7.4
2012-09-19,7.52
2012-09-20,7.63
2012-09-21,7.41
2012-09-24,7.22
2012-09-25,7.45
2012-09-26,7.6
2012-09-27,7.81
2012-09-28,7.93
2012-10-01,7.92
2012-10-02,7.84
2012-10-03,7.56
2012-10-04,7.6
2012-10-05,7.77
2012-10-08,7.89
2012-10-09,7.86
2012-10-10,7.69
2012-10-11,7.77
2012-10-12,7.8
2012-10-15,7.66
2012-10-16,7.96
2012-10-17,8.24
2012-10-18,8.04
2012-10-19,7.94
2012-10-22,7.87
2012-10-23,7.86
2012-10-24,7.65
2012-10-25,7.66
2012-10-26,7.86
2012-10-29,8.05
2012-10-30,8.13
2012-10-31,8.23
2012-11-01,8.04
2012-11-02,8.1
2012-11-05,8.25
2012-11-06,8.34
2012-11-07,8.22
2012-11-08,8.27
2012-11-09,8.32
2012-11-12,9.07
2012-11-13,8.4
2012-11-14,7.91
2012-11-15,7.12
2012-11-16,6.89
2012-11-19,6.71
2012-11-20,6.74
2012-11-21,6.77
2012-11-22,6.78
2012-11-23,7.01
2012-11-26,6.84
2012-11-27,6.85
2012-11-28,6.83
2012-11-29,6.58
2012-11-30,6.2
2012-12-03,5.95
2012-12-04,5.72
2012-12-05,6.15
2012-12-06,6.39
2012-12-07,6.78
2012-12-10,7.07
2012-12-11,6.84
2012-12-12,6.75
2012-12-13,6.67
2012-12-14,6.57
2012-12-17,6.47
2012-12-18,6.7
2012-12-19,7.03
2012-12-20,7.17
2012-12-21,7
2012-12-24,6.92
2012-12-26,6.92
2012-12-27,6.84
2012-12-28,6.5
2012-12-31,6.45
2013-01-02,6.37
2013-01-03,6.2
2013-01-04,6.14
2013-01-07,6.46
2013-01-08,6.27
2013-01-09,6.02
2013-01-10,5.86
2013-01-11,5.72
2013-01-14,5.71
2013-01-15,5.88
2013-01-16,5.47
2013-01-17,5.44
2013-01-18,4.97
2013-01-21,4.81
2013-01-22,5.3
2013-01-23,4.52
2013-01-24,4.21
2013-01-25,4
2013-01-28,4.07
2013-01-29,3.88
2013-01-30,3.69
2013-01-31,3.31
2013-02-01,4.21
2013-02-04,4.19
2013-02-05,4.29
2013-02-06,4.06
2013-02-07,4.09
2013-02-08,4.43
2013-02-11,4.36
2013-02-12,4.46
2013-02-13,5.1
2013-02-14,5.12
2013-02-15,5.06
2013-02-18,4.99
2013-02-19,4.56
2013-02-20,4.86
2013-02-21,5.17
2013-02-22,5.07
2013-02-25,4.47
2013-02-26,4.2
2013-02-27,4.37
2013-02-28,4.8
2013-03-01,4.57
2013-03-04,4.53
2013-03-05,4.14
2013-03-06,4.19
2013-03-07,4.24
2013-03-08,4.18
2013-03-11,3.88
2013-03-12,3.66
2013-03-13,3.45
2013-03-14,3.63
2013-03-15,3.71
2013-03-18,3.48
2013-03-19,3.45
2013-03-20,3.9
2013-03-21,4.35
2013-03-22,4.08
2013-03-25,4.42
2013-03-26,4.55
2013-03-27,4.88
2013-03-28,4.74
2013-04-01,4.74
2013-04-02,4.87
2013-04-03,4.85
2013-04-04,4.97
2013-04-05,5.1
2013-04-08,5.12
2013-04-09,4.71
2013-04-10,4.23
2013-04-11,4.28
2013-04-12,4.7
2013-04-15,4.68
2013-04-16,3.03
2013-04-17,2.7
2013-04-18,3.02
2013-04-19,3.11
2013-04-22,2.84
2013-04-23,3.05
2013-04-24,2.98
2013-04-25,2.92
2013-04-26,3.05
2013-04-29,3.26
2013-04-30,3.07
2013-05-01,2.87
2013-05-02,3.04
2013-05-03,3.73
2013-05-06,3.86
2013-05-07,3.69
2013-05-08,3.44
2013-05-09,3.74
2013-05-10,3.33
2013-05-13,3.22
2013-05-14,3.47
2013-05-15,3.59
2013-05-16,3.65
2013-05-17,3.49
2013-05-20,3.56
2013-05-21,3.51
2013-05-22,3.28
2013-05-23,3.36
2013-05-24,3.51
2013-05-27,3.45
2013-05-28,3.6
2013-05-29,3.7
2013-05-30,3.77
2013-05-31,3.91
2013-06-03,3.87
2013-06-04,3.91
2013-06-05,3.86
2013-06-06,3.95
2013-06-07,4.07
2013-06-10,4
2013-06-11,4.16
2013-06-12,4.46
2013-06-13,4.38
2013-06-14,4.74
2013-06-17,4.55
2013-06-18,4.67
2013-06-19,4.35
2013-06-20,4.4
2013-06-21,4.35
2013-06-24,4.09
2013-06-25,4.25
2013-06-26,4.39
2013-06-27,4.4
2013-06-28,4.18
2013-07-01,4.21
2013-07-02,4.26
2013-07-03,4.66
2013-07-04,4.52
2013-07-05,4.26
2013-07-08,4.21
2013-07-09,4.14
2013-07-10,4.02
2013-07-11,4.07
2013-07-12,4.02
2013-07-15,4.03
2013-07-16,4.1
2013-07-17,4.1
2013-07-18,4.1
2013-07-19,4.16
2013-07-22,4.18
2013-07-23,4.23
2013-07-24,4.27
2013-07-25,4.27
2013-07-26,4.3
2013-07-29,4.3
2013-07-30,4.26
2013-07-31,4.31
2013-08-01,4.32
2013-08-02,4.37
2013-08-05,4.4
2013-08-06,4.49
2013-08-07,4.43
2013-08-08,4.5
2013-08-09,4.43
2013-08-12,4.3
2013-08-13,4.28
2013-08-14,4.34
2013-08-15,4.34
2013-08-16,4.34
2013-08-19,4.31
2013-08-20,4.34
2013-08-21,4.36
2013-08-22,4.51
2013-08-23,4.42
2013-08-26,4.41
2013-08-27,4.53
2013-08-28,4.59
2013-08-29,4.58
2013-08-30,4.55
2013-09-02,4.49
2013-09-03,4.4
2013-09-04,4.54
2013-09-05,4.95
2013-09-06,5.32
2013-09-09,5.3
2013-09-10,5.12
2013-09-11,5.25
2013-09-12,5.61
2013-09-13,5.39
2013-09-16,5.46
2013-09-17,5.66
2013-09-18,5.52
2013-09-19,5.35
2013-09-20,5.35
2013-09-23,5.41
2013-09-24,5.37
2013-09-25,5.37
2013-09-26,5.46
2013-09-27,5.39
2013-09-30,5.02
2013-10-01,5.14
2013-10-02,5.27
2013-10-03,5.19
2013-10-04,5.09
2013-10-07,4.95
2013-10-08,4.85
2013-10-09,4.78
2013-10-10,4.75
2013-10-11,4.6
2013-10-14,4.8
2013-10-15,4.94
2013-10-16,5.32
2013-10-17,5.16
2013-10-18,5.11
2013-10-21,4.57
2013-10-22,4.69
2013-10-23,4.6
2013-10-24,4.65
2013-10-25,4.99
2013-10-28,4.8
2013-10-29,5.08
2013-10-30,4.95
2013-10-31,4.8
2013-11-01,4.61
2013-11-04,4.55
2013-11-05,4.79
2013-11-06,4.77
2013-11-07,4.79
2013-11-08,4.48
2013-11-11,4.6
2013-11-12,4.64
2013-11-13,4.64
2013-11-14,4.58
2013-11-15,4.49
2013-11-18,4.34
2013-11-19,4.42
2013-11-20,4.49
2013-11-21,4.41
2013-11-22,4.43
2013-11-25,4.4
2013-11-26,4.49
2013-11-27,4.47
2013-11-28,4.43
2013-11-29,4.36
2013-12-02,4.5
2013-12-03,4.48
2013-12-04,4.48
2013-12-05,4.64
2013-12-06,4.79
2013-12-09,4.9
2013-12-10,5.02
2013-12-11,4.88
2013-12-12,4.9
2013-12-13,4.8
2013-12-16,4.67
2013-12-17,4.89
2013-12-18,4.87
2013-12-19,4.93
2013-12-20,4.75
2013-12-23,4.78
2013-12-24,4.91
2013-12-26,4.91
2013-12-27,4.92
2013-12-30,4.91
2013-12-31,4.83
2014-01-02,4.71
2014-01-03,4.69
2014-01-06,4.61
2014-01-07,4.66
2014-01-08,4.57
2014-01-09,4.5
2014-01-10,4.52
2014-01-13,4.62
2014-01-14,4.81
2014-01-15,4.8
2014-01-16,5.05
2014-01-17,5.05
2014-01-20,4.91
2014-01-21,5.02
2014-01-22,5.11
2014-01-23,5.01
2014-01-24,5.24
2014-01-27,5.35
2014-01-28,5.5
2014-01-29,5.48
2014-01-30,5.69
2014-01-31,5.5
2014-02-03,5.82
2014-02-04,5.8
2014-02-05,6.06
2014-02-06,6.43
2014-02-07,6.41
2014-02-10,6.4
2014-02-11,6.24
2014-02-12,6.34
2014-02-13,6.37
2014-02-14,6.57
2014-02-17,6.79
2014-02-18,6.73
2014-02-19,6.9
2014-02-20,6.97
2014-02-21,7.12
2014-02-24,6.99
2014-02-25,6.21
2014-02-26,6.48
2014-02-27,6.5
2014-02-28,7.06
2014-03-03,6.61
2014-03-04,6.81
2014-03-05,6.77
2014-03-06,6.8
2014-03-07,6.9
2014-03-10,6.89
2014-03-11,6.82
2014-03-12,6.5
2014-03-13,6.43
2014-03-14,6.29
2014-03-17,5.87
2014-03-18,5.75
2014-03-19,5.99
2014-03-20,6.01
2014-03-21,6.18
2014-03-24,5.86
2014-03-25,5.85
2014-03-26,5.8
2014-03-27,5.17
2014-03-28,4.34
2014-03-31,4.64
2014-04-01,5.04
2014-04-02,4.82
2014-04-03,4.85
2014-04-04,4.68
2014-04-07,4.97
2014-04-08,4.85
2014-04-09,4.93
2014-04-10,5.11
2014-04-11,5.31
2014-04-14,5.23
2014-04-15,5.53
2014-04-16,5.45
2014-04-17,5.54
2014-04-21,5.54
2014-04-22,5.67
2014-04-23,5.66
2014-04-24,5.71
2014-04-25,5.06
2014-04-28,5.2
2014-04-29,5.41
2014-04-30,5.4
2014-05-01,5.41
2014-05-02,5.18
2014-05-05,5.21
2014-05-06,5.22
2014-05-07,5.12
2014-05-08,5.13
2014-05-09,5.24
2014-05-12,5.3
2014-05-13,5.28
2014-05-14,5.1
2014-05-15,4.77
2014-05-16,4.79
2014-05-19,4.69
2014-05-20,4.84
2014-05-21,5.12
2014-05-22,5.16
2014-05-23,5.12
2014-05-26,5.09
2014-05-27,5.17
2014-05-28,5.2
2014-05-29,5.2
2014-05-30,5.05
2014-06-02,5.14
2014-06-03,5.43
2014-06-04,5.39
2014-06-05,5.54
2014-06-06,5.44
2014-06-09,5.53
2014-06-10,5.49
2014-06-11,5.36
2014-06-12,5.55
2014-06-13,5.66
2014-06-16,5.63
2014-06-17,5.7
2014-06-18,5.65
2014-06-19,5.54
2014-06-20,5.65
2014-06-23,5.79
2014-06-24,5.74
2014-06-25,5.71
2014-06-26,5.7
2014-06-27,5.76
2014-06-30,5.81
2014-07-01,6.01
2014-07-02,6.07
2014-07-03,5.99
2014-07-04,5.65
2014-07-07,5.54
2014-07-08,5.73
2014-07-09,5.79
2014-07-10,5.66
2014-07-11,5.72
2014-07-14,5.86
2014-07-15,5.92
2014-07-16,6.02
2014-07-17,6.13
2014-07-18,5.98
2014-07-21,6.04
2014-07-22,6.15
2014-07-23,6.15
2014-07-24,6.03
2014-07-25,6.11
2014-07-28,6.17
2014-07-29,6.02
2014-07-30,6.11
2014-07-31,6.19
2014-08-01,6.26
2014-08-04,6.22
2014-08-05,6.18
2014-08-06,6.19
2014-08-07,5.93
2014-08-08,5.96
2014-08-11,6.11
2014-08-12,6.09
2014-08-13,6.21
2014-08-14,6.21
2014-08-15,6.36
2014-08-18,6.32
2014-08-19,6.43
2014-08-20,6.41
2014-08-21,6.34
2014-08-22,6.35
2014-08-25,6.32
2014-08-26,6.29
2014-08-27,6.35
2014-08-28,6.43
2014-08-29,6.38
2014-09-01,6.39
2014-09-02,6.38
2014-09-03,6.32
2014-09-04,6.11
2014-09-05,6.26
2014-09-08,6.27
2014-09-09,6.12
2014-09-10,6.08
2014-09-11,6.1
2014-09-12,6.04
2014-09-15,5.91
2014-09-16,5.79
2014-09-17,5.88
2014-09-18,5.97
2014-09-19,6.01
2014-09-22,5.98
2014-09-23,5.65
2014-09-24,5.8
2014-09-25,5.8
2014-09-26,5.91
2014-09-29,5.75
2014-09-30,5.82
2014-10-01,5.79
2014-10-02,5.67
2014-10-03,5.66
2014-10-06,5.66
2014-10-07,5.72
2014-10-08,6.03
2014-10-09,6.1
2014-10-10,6.02
2014-10-13,6.04
2014-10-14,6.07
2014-10-15,6.14
2014-10-16,6.2
2014-10-17,6.12
2014-10-20,6.13
2014-10-21,6.17
2014-10-22,6.21
2014-10-23,6.32
2014-10-24,6.39
2014-10-27,6.27
2014-10-28,6.15
2014-10-29,6.41
2014-10-30,6.41
2014-10-31,6.34
2014-11-03,6.57
2014-11-04,6.47
2014-11-05,6.63
2014-11-06,6.62
2014-11-07,6.75
2014-11-10,6.71
2014-11-11,6.79
2014-11-12,6.84
2014-11-13,6.78
2014-11-14,6.61
2014-11-17,6.89
2014-11-18,7.01
2014-11-19,7.03
2014-11-20,6.95
2014-11-21,6.99
2014-11-24,7.04
2014-11-25,7.12
2014-11-26,7.19
2014-11-27,7.09
2014-11-28,7.04
2014-12-01,7.07
2014-12-02,6.85
2014-12-03,6.89
2014-12-04,6.84
2014-12-05,6.66
2014-12-08,6.66
2014-12-09,6.74
2014-12-10,6.56
2014-12-11,6.74
2014-12-12,6.66
2014-12-15,6.89
2014-12-16,6.91
2014-12-17,6.99
2014-12-18,7.04
2014-12-19,7.08
2014-12-22,7.11
2014-12-23,7.25
2014-12-24,7.37
2014-12-26,7.37
2014-12-29,7.25
2014-12-30,7.21
2014-12-31,7.25
2015-01-02,7.01
2015-01-05,6.9
2015-01-06,6.77
2015-01-07,6.78
2015-01-08,6.81
2015-01-09,6.71
2015-01-12,6.71
2015-01-13,7.29
2015-01-14,7.16
2015-01-15,7.12
2015-01-16,7.13
2015-01-19,7.21
2015-01-20,7.16
2015-01-21,7.32
2015-01-22,6.76
2015-01-23,6.8
2015-01-26,6.85
2015-01-27,6.84
2015-01-28,6.95
2015-01-29,7.06
2015-01-30,7.08
2015-02-02,7.13
2015-02-03,7.06
2015-02-04,6.93
2015-02-05,7
2015-02-06,6.95
2015-02-09,6.91
2015-02-10,7.1
2015-02-11,7.23
2015-02-12,7.39
2015-02-13,7.63
2015-02-16,7.65
2015-02-17,7.47
2015-02-18,7.49
2015-02-19,7.34
2015-02-20,7.32
2015-02-23,7.7
2015-02-24,7.47
2015-02-25,7.39
2015-02-26,7.06
2015-02-27,7.1
2015-03-02,6.95
2015-03-03,6.73
2015-03-04,7.02
2015-03-05,6.75
2015-03-06,6.8
2015-03-09,6.68
2015-03-10,6.82
2015-03-11,6.76
2015-03-12,6.41
2015-03-13,6.46
2015-03-16,6.49
2015-03-17,6.73
2015-03-18,6.74
2015-03-19,6.67
2015-03-20,7.04
2015-03-23,7.04
2015-03-24,7.03
2015-03-25,6.97
2015-03-26,6.95
2015-03-27,6.76
2015-03-30,6.88
2015-03-31,6.92
2015-04-01,7.14
2015-04-02,7.15
2015-04-06,7.15
2015-04-07,7.11
2015-04-08,7.12
2015-04-09,7.01
2015-04-10,6.94
2015-04-13,6.8
2015-04-14,6.8
2015-04-15,6.85
2015-04-16,6.87
2015-04-17,6.84
2015-04-20,7.13
2015-04-21,7.08
2015-04-22,7.09
2015-04-23,7.25
2015-04-24,7.28
2015-04-27,7.15
2015-04-28,7.35
2015-04-29,7.46
2015-04-30,7.39
2015-05-01,7.48
2015-05-04,7.58
2015-05-05,7.55
2015-05-06,7.53
2015-05-07,7.43
2015-05-08,7.53
2015-05-11,7.62
2015-05-12,7.59
2015-05-13,7.64
2015-05-14,7.55
2015-05-15,7.59
2015-05-18,7.6
2015-05-19,7.37
2015-05-20,7.35
2015-05-21,7.3
2015-05-22,7.3
2015-05-25,7.36
2015-05-26,7.22
2015-05-27,7.17
2015-05-28,7.18
2015-05-29,7.32
2015-06-01,7.24
2015-06-02,7.44
2015-06-03,7.48
2015-06-04,7.39
2015-06-05,7.4
2015-06-08,7.44
2015-06-09,7.56
2015-06-10,7.58
2015-06-11,7.5
2015-06-12,7.61
2015-06-15,7.51
2015-06-16,7.41
2015-06-17,7.46
2015-06-18,7.45
2015-06-19,7.41
2015-06-22,7.46
2015-06-23,7.48
2015-06-24,7.48
2015-06-25,7.58
2015-06-26,7.52
2015-06-29,7.33
2015-06-30,7.42
2015-07-01,7.47
2015-07-02,7.43
2015-07-03,7.42
2015-07-06,7.36
2015-07-07,7.44
2015-07-08,7.43
2015-07-09,7.46
2015-07-10,7.59
2015-07-13,7.77
2015-07-14,7.71
2015-07-15,7.74
2015-07-16,7.64
2015-07-17,7.72
2015-07-20,7.96
2015-07-21,7.94
2015-07-22,7.94
2015-07-23,8.05
2015-07-24,7.98
2015-07-27,8
2015-07-28,8
2015-07-29,8.04
2015-07-30,7.86
2015-07-31,7.85
2015-08-03,7.93
2015-08-04,7.88
2015-08-05,7.81
2015-08-06,7.82
2015-08-07,7.76
2015-08-10,7.9
2015-08-11,8.07
2015-08-12,8.17
2015-08-13,8.17
2015-08-14,8.3
2015-08-17,8.22
2015-08-18,8.25
2015-08-19,8.32
2015-08-20,8.34
2015-08-21,8.18
2015-08-24,8.15
2015-08-25,8.23
2015-08-26,8.08
2015-08-27,8.03
2015-08-28,8.09
2015-08-31,8.05
2015-09-01,7.99
2015-09-02,8.1
2015-09-03,8.15
2015-09-04,8.07
2015-09-07,8.06
2015-09-08,8.22
2015-09-09,8.25
2015-09-10,8.26
2015-09-11,8.24
2015-09-14,8.21
2015-09-15,8.15
2015-09-16,8.21
2015-09-17,8.21
2015-09-18,8.09
2015-09-21,7.96
2015-09-22,8
2015-09-23,8.05
2015-09-24,7.99
2015-09-25,7.98
2015-09-28,7.9
2015-09-29,7.96
2015-09-30,8.13
2015-10-01,8.15
2015-10-02,8.13
2015-10-05,8.19
2015-10-06,8.2
2015-10-07,8.09
2015-10-08,8.11
2015-10-09,8.33
2015-10-12,8.28
2015-10-13,8.32
2015-10-14,8.42
2015-10-15,8.41
2015-10-16,8.38
2015-10-19,8.34
2015-10-20,8.46
2015-10-21,8.44
2015-10-22,8.47
2015-10-23,8.62
2015-10-26,8.65
2015-10-27,8.6
2015-10-28,8.56
2015-10-29,8.67
2015-10-30,8.63
2015-11-02,8.59
2015-11-03,8.44
2015-11-04,8.39
2015-11-05,8.46
2015-11-06,8.4
2015-11-09,8.31
2015-11-10,8.44
2015-11-11,8.44
2015-11-12,8.37
2015-11-13,8.39
2015-11-16,8.53
2015-11-17,8.61
2015-11-18,8.58
2015-11-19,8.63
2015-11-20,8.51
2015-11-23,8.56
2015-11-24,8.65
2015-11-25,8.62
2015-11-26,8.58
2015-11-27,8.58
2015-11-30,8.58
2015-12-01,8.56
2015-12-02,8.48
2015-12-03,8.59
2015-12-04,8.52
2015-12-07,8.41
2015-12-08,8.41
2015-12-09,8.4
2015-12-10,8.36
2015-12-11,8.07
2015-12-14,8.07
2015-12-15,8.19
2015-12-16,8.13
2015-12-17,8.07
2015-12-18,8.06
2015-12-21,8.19
2015-12-22,8.25
2015-12-23,8.22
2015-12-24,8.19
2015-12-28,8.31
2015-12-29,8.27
2015-12-30,8.21
2015-12-31,8.22
2016-01-04,8.04
2016-01-05,7.99
2016-01-06,7.74
2016-01-07,7.54
2016-01-08,7.41
2016-01-11,7.12
2016-01-12,7.1
2016-01-13,7.24
2016-01-14,7.08
2016-01-15,6.67
2016-01-18,6.71
2016-01-19,6.81
2016-01-20,6.31
2016-01-21,6.17
2016-01-22,6.32
2016-01-25,5.87
2016-01-26,6.07
2016-01-27,5.9
2016-01-28,6.06
2016-01-29,6.04
2016-02-01,5.68
2016-02-02,5.81
2016-02-03,5.61
2016-02-04,5.6
2016-02-05,5.54
2016-02-08,5.23
2016-02-09,4.95
2016-02-10,4.87
2016-02-11,4.73
2016-02-12,5.05
2016-02-15,4.79
2016-02-16,4.67
2016-02-17,5.07
2016-02-18,5.24
2016-02-19,5.15
2016-02-22,5.4
2016-02-23,4.89
2016-02-24,4.85
2016-02-25,5.06
2016-02-26,4.98
2016-02-29,4.99
2016-03-01,4.99
2016-03-02,4.95
2016-03-03,4.88
2016-03-04,4.92
2016-03-07,5.09
2016-03-08,5.01
2016-03-09,5.07
2016-03-10,4.9
2016-03-11,4.98
2016-03-14,4.85
2016-03-15,4.85
2016-03-16,4.95
2016-03-17,4.99
2016-03-18,4.93
2016-03-21,4.86
2016-03-22,4.81
2016-03-23,4.79
2016-03-24,4.84
2016-03-28,4.84
2016-03-29,4.77
2016-03-30,4.95
2016-03-31,5.2
2016-04-01,5.16
2016-04-04,5.32
2016-04-05,5.23
2016-04-06,5.3
2016-04-07,5.27
2016-04-08,5.41
2016-04-11,5.57
2016-04-12,5.58
2016-04-13,5.53
2016-04-14,5.6
2016-04-15,5.47
2016-04-18,5.46
2016-04-19,5.56
2016-04-20,5.54
2016-04-21,5.74
2016-04-22,5.96
2016-04-25,5.89
2016-04-26,6.61
2016-04-27,6.83
2016-04-28,6.33
2016-04-29,6.17
2016-05-02,6.1
2016-05-03,5.98
2016-05-04,6.12
2016-05-05,6.19
2016-05-06,5.85
2016-05-09,5.69
2016-05-10,5.89
2016-05-11,6.01
2016-05-12,5.8
2016-05-13,5.84
2016-05-16,6.1
2016-05-17,6.04
2016-05-18,6.05
2016-05-19,5.98
2016-05-20,5.95
2016-05-23,5.72
2016-05-24,5.78
2016-05-25,5.85
2016-05-26,6.01
2016-05-27,6.02
2016-05-30,6.1
2016-05-31,6.08
2016-06-01,5.95
2016-06-02,6.01
2016-06-03,5.93
2016-06-06,6.19
2016-06-07,6.1
2016-06-08,6.09
2016-06-09,6.1
2016-06-10,5.94
2016-06-13,5.84
2016-06-14,5.84
2016-06-15,5.89
2016-06-16,5.7
2016-06-17,5.66
2016-06-20,5.84
2016-06-21,5.54
2016-06-22,5.67
2016-06-23,5.63
2016-06-24,4.95
2016-06-27,4.76
2016-06-28,4.68
2016-06-29,4.51
2016-06-30,4.46
2016-07-01,4.61
2016-07-04,4.96
2016-07-05,4.7
2016-07-06,4.58
2016-07-07,4.57
2016-07-08,4.53
2016-07-11,4.42
2016-07-12,4.62
2016-07-13,4.78
2016-07-14,4.77
2016-07-15,4.92
2016-07-18,4.84
2016-07-19,4.66
2016-07-20,4.68
2016-07-21,4.64
2016-07-22,4.55
2016-07-25,4.58
2016-07-26,4.5
2016-07-27,4.52
2016-07-28,4.47
2016-07-29,4.41
2016-08-01,4.37
2016-08-02,4.4
2016-08-03,4.62
2016-08-04,4.68
2016-08-05,4.72
2016-08-08,4.94
2016-08-09,4.87
2016-08-10,4.76
2016-08-11,4.87
2016-08-12,4.89
2016-08-15,4.8
2016-08-16,4.69
2016-08-17,4.48
2016-08-18,4.68
2016-08-19,4.76
2016-08-22,4.89
2016-08-23,4.7
2016-08-24,4.6
2016-08-25,4.7
2016-08-26,4.69
2016-08-29,4.69
2016-08-30,4.54
2016-08-31,4.46
2016-09-01,4.37
2016-09-02,4.08
2016-09-05,3.93
2016-09-06,4.13
2016-09-07,4.01
2016-09-08,4.08
2016-09-09,4.08
2016-09-12,4.03
2016-09-13,4.02
2016-09-14,3.98
2016-09-15,4.14
2016-09-16,4.36
2016-09-19,4.4
2016-09-20,4.16
2016-09-21,4.21
2016-09-22,4.42
2016-09-23,4.54
2016-09-26,4.62
2016-09-27,4.43
2016-09-28,4.95
2016-09-29,5.02
2016-09-30,4.96
2016-10-03,5.31
2016-10-04,5.21
2016-10-05,5.48
2016-10-06,5.86
2016-10-07,5.69
2016-10-10,5.66
2016-10-11,5.43
2016-10-12,5.52
2016-10-13,5.65
2016-10-14,5.81
2016-10-17,5.87
2016-10-18,5.95
2016-10-19,5.67
2016-10-20,5.58
2016-10-21,5.89
2016-10-24,5.81
2016-10-25,5.81
2016-10-26,5.94
2016-10-27,5.81
2016-10-28,5.88
2016-10-31,5.9
2016-11-01,6.03
2016-11-02,6.24
2016-11-03,6.5
2016-11-04,6.41
2016-11-07,6.23
2016-11-08,6.15
2016-11-09,6.13
2016-11-10,5.92
2016-11-11,5.67
2016-11-14,5.41
2016-11-15,5.74
2016-11-16,5.55
2016-11-17,5.9
2016-11-18,5.58
2016-11-21,5.48
2016-11-22,5.51
2016-11-23,5.39
2016-11-24,5.34
2016-11-25,5
2016-11-28,4.74
2016-11-29,4.56
2016-11-30,4.58
2016-12-01,4.46
2016-12-02,4.3
2016-12-05,4.37
2016-12-06,4.5
2016-12-07,4.3
2016-12-08,4.61
2016-12-09,4.46
2016-12-12,4.87
2016-12-13,4.79
2016-12-14,5.01
2016-12-15,4.84
2016-12-16,4.93
2016-12-19,5.09
2016-12-20,5.23
2016-12-21,5.8
2016-12-22,6.07
2016-12-23,6.22
2016-12-27,6.32
2016-12-28,6.32
2016-12-29,6.34
2016-12-30,6.54
2017-01-02,6.11
2017-01-03,5.41
2017-01-04,5.7
2017-01-05,5.27
2017-01-06,5.03
2017-01-09,5.25
2017-01-10,5.49
2017-01-11,5.51
2017-01-12,5.03
2017-01-13,5.03
2017-01-16,4.69
2017-01-17,4.99
2017-01-18,4.83
2017-01-19,5.19
2017-01-20,5.42
2017-01-23,5.31
2017-01-24,5.07
2017-01-25,4.97
2017-01-26,5.19
2017-01-27,4.91
2017-01-30,5.15
2017-01-31,5.35
2017-02-01,5.26
2017-02-02,5.22
2017-02-03,5.15
2017-02-06,5.09
2017-02-07,5.16
2017-02-08,5.21
2017-02-09,5.27
2017-02-10,5.11
2017-02-13,4.89
2017-02-14,5.12
2017-02-15,5.05
2017-02-16,4.93
2017-02-17,4.97
2017-02-20,5.08
2017-02-21,5.04
2017-02-22,5.06
2017-02-23,5.34
2017-02-24,5.38
2017-02-27,5.19
2017-02-28,5.23
2017-03-01,5.9
2017-03-02,5.46
2017-03-03,5.59
2017-03-06,5.48
2017-03-07,5.37
2017-03-08,5.23
2017-03-09,5.12
2017-03-10,5.16
2017-03-13,5.15
2017-03-14,5.1
2017-03-15,5.19
2017-03-16,5.14
2017-03-17,5.13
2017-03-20,4.99
2017-03-21,4.93
2017-03-22,4.96
2017-03-23,4.97
2017-03-24,4.76
2017-03-27,4.62
2017-03-28,4.73
2017-03-29,4.75
2017-03-30,4.91
2017-03-31,4.68
2017-04-03,4.86
2017-04-04,4.64
2017-04-05,4.81
2017-04-06,5.05
2017-04-07,4.88
2017-04-10,4.78
2017-04-11,4.86
2017-04-12,4.92
2017-04-13,4.94
2017-04-17,4.94
2017-04-18,4.85
2017-04-19,4.82
2017-04-20,4.74
2017-04-21,4.56
2017-04-24,4.83
2017-04-25,4.49
2017-04-26,4.6
2017-04-27,5.54
2017-04-28,4.56
2017-05-01,4.56
2017-05-02,4.44
2017-05-03,4.39
2017-05-04,4.51
2017-05-05,4.57
2017-05-08,4.42
2017-05-09,4.51
2017-05-10,4.45
2017-05-11,4.34
2017-05-12,4.45
2017-05-15,4.38
2017-05-17,4.53
2017-05-18,4.76
2017-05-19,4.85
2017-05-22,4.9
2017-05-23,4.75
2017-05-24,4.91
2017-05-25,4.98
2017-05-26,5.19
2017-05-29,5.17
2017-05-30,5.14
2017-05-31,4.98
2017-06-01,5.08
2017-06-02,5.16
2017-06-05,5.17
2017-06-06,4.97
2017-06-07,4.87
2017-06-08,5.04
2017-06-09,5.04
2017-06-12,4.91
2017-06-13,5
2017-06-14,4.93
2017-06-15,4.95
2017-06-16,4.87
2017-06-19,4.92
2017-06-20,4.94
2017-06-21,4.87
2017-06-22,4.86
2017-06-23,4.86
2017-06-26,4.77
2017-06-27,4.93
2017-06-28,4.93
2017-06-29,5.16
2017-06-30,5.02
2017-07-03,5.13
2017-07-04,5.11
2017-07-05,5.04
2017-07-06,5.23
2017-07-07,5.33
2017-07-10,5.39
2017-07-11,5.32
2017-07-12,5.47
2017-07-13,5.35
2017-07-14,5.41
2017-07-17,5.43
2017-07-18,5.45
2017-07-19,5.38
2017-07-20,5.29
2017-07-21,5.08
2017-07-24,5.13
2017-07-25,5.15
2017-07-26,5.24
2017-07-27,5.13
2017-07-28,5.17
2017-07-31,5.22
2017-08-01,5.29
2017-08-02,5.42
2017-08-03,5.42
2017-08-04,5.34
2017-08-07,5.26
2017-08-08,5.26
2017-08-09,5.36
2017-08-10,5.36
2017-08-11,5.38
2017-08-14,5.51
2017-08-15,5.52
2017-08-16,5.79
2017-08-17,5.8
2017-08-18,5.81
2017-08-21,5.74
2017-08-22,5.77
2017-08-23,5.94
2017-08-24,5.94
2017-08-25,6.08
2017-08-28,6.09
2017-08-29,6.03
2017-08-30,6.02
2017-08-31,5.93
2017-09-01,5.82
2017-09-04,5.91
2017-09-05,6.49
2017-09-06,6.69
2017-09-07,6.89
2017-09-08,7.06
2017-09-11,6.87
2017-09-12,6.86
2017-09-13,7.09
2017-09-14,7.09
2017-09-15,6.94
2017-09-18,6.72
2017-09-19,7.02
2017-09-20,6.9
2017-09-21,6.55
2017-09-22,6.64
2017-09-25,7.27
2017-09-26,6.97
2017-09-27,6.92
2017-09-28,6.96
2017-09-29,7.06
2017-10-02,6.93
2017-10-03,6.99
2017-10-04,6.89
2017-10-05,6.88
2017-10-06,6.99
2017-10-09,6.95
2017-10-10,7.39
2017-10-11,7.38
2017-10-12,7.41
2017-10-13,7.32
2017-10-16,7.36
2017-10-17,7.42
2017-10-18,7.81
2017-10-19,7.65
2017-10-20,7.57
2017-10-23,7.44
2017-10-24,7.47
2017-10-25,7.4
2017-10-26,7.2
2017-10-27,7.17
2017-10-30,7.14
2017-10-31,7.37
2017-11-01,7.51
2017-11-02,7.66
2017-11-03,7.88
2017-11-06,7.92
2017-11-07,7.75
2017-11-08,7.72
2017-11-09,7.55
2017-11-10,7.4
2017-11-13,7.35
2017-11-14,7.39
2017-11-15,7.69
2017-11-16,7.5
2017-11-17,7.48
2017-11-20,7.44
2017-11-21,7.39
2017-11-22,7.37
2017-11-23,7.66
2017-11-24,7.77
2017-11-27,7.7
2017-11-28,7.59
2017-11-29,7.7
2017-11-30,7.53
2017-12-01,7.68
2017-12-04,7.55
2017-12-05,7.43
2017-12-06,7.27
2017-12-07,7.35
2017-12-08,7.14
2017-12-11,7.2
2017-12-12,7.14
2017-12-13,7.07
2017-12-14,7.09
2017-12-15,7.18
2017-12-18,7.39
2017-12-19,7.5
2017-12-20,7.77
2017-12-21,7.98
2017-12-22,8.15
2017-12-26,8.15
2017-12-27,8.13
2017-12-28,8.17
2017-12-29,8.14
2018-01-02,7.78
2018-01-03,7.8
2018-01-04,7.74
2018-01-05,7.75
2018-01-08,7.62
2018-01-09,7.75
2018-01-10,7.86
2018-01-11,7.79
2018-01-12,7.83
2018-01-15,7.77
2018-01-16,8.02
2018-01-17,8.15
2018-01-18,8.46
2018-01-19,8.73
2018-01-22,8.72
2018-01-23,8.98
2018-01-24,9.42
2018-01-25,9.21
2018-01-26,9.06
2018-01-29,8.97
2018-01-30,8.86
2018-01-31,9.25
2018-02-01,9.24
2018-02-02,8.93
2018-02-05,9.05
2018-02-06,8.78
2018-02-07,8.97
2018-02-08,9.1
2018-02-09,9.21
2018-02-12,9.46
2018-02-13,9.87
2018-02-14,9.58
2018-02-15,9.52
2018-02-16,9.5
2018-02-19,9.86
2018-02-20,9.7
2018-02-21,9.54
2018-02-22,9.7
2018-02-23,9.79
2018-02-26,9.61
2018-02-27,10.13
2018-02-28,10.08
2018-03-01,9.97
2018-03-02,10.12
2018-03-05,10.34
2018-03-06,10.45
2018-03-07,10.62
2018-03-08,11.1
2018-03-09,11.1
2018-03-12,11.06
2018-03-13,11.38
2018-03-14,11.18
2018-03-15,11.16
2018-03-16,11.15
2018-03-19,11.04
2018-03-20,11.52
2018-03-21,12.82
2018-03-22,12.31
2018-03-23,12.58
2018-03-26,12.96
2018-03-27,13.65
2018-03-28,12.96
2018-03-29,13.26
2018-04-02,13.26
2018-04-03,13.27
2018-04-04,13.02
2018-04-05,12.61
2018-04-06,12.96
2018-04-09,13.3
2018-04-10,13.34
2018-04-11,13.39
2018-04-12,13.55
2018-04-13,13.9
2018-04-16,13.95
2018-04-17,13.7
2018-04-18,13.85
2018-04-19,13.42
2018-04-20,13.01
2018-04-23,12.85
2018-04-24,13.18
2018-04-25,13.21
2018-04-26,13.44
2018-04-27,13.51
2018-04-30,13.54
2018-05-01,13.34
2018-05-02,13.02
2018-05-03,12.92
2018-05-04,12.98
2018-05-07,13.58
2018-05-08,13.56
2018-05-09,13.96
2018-05-10,14.57
2018-05-11,14.6
2018-05-14,14.6
2018-05-15,14.29
2018-05-16,15.15
2018-05-17,15.27
2018-05-18,15.22
2018-05-21,15.53
2018-05-22,15.92
2018-05-23,15.98
2018-05-24,16.26
2018-05-25,15.97
2018-05-28,16.28
2018-05-29,16.27
2018-05-30,15.81
2018-05-31,14.88
2018-06-01,15.26
2018-06-04,16.1
2018-06-05,15.74
2018-06-06,15.9
2018-06-07,15.97
2018-06-08,15.79
2018-06-11,15.46
2018-06-12,15.12
2018-06-13,15.28
2018-06-14,14.88
2018-06-15,14.5
2018-06-18,14.57
2018-06-19,14.21
2018-06-20,14.47
2018-06-21,14.78
2018-06-22,15.09
2018-06-25,14.99
2018-06-26,14.99
2018-06-27,15.21
2018-06-28,14.96
2018-06-29,14.95
2018-07-02,15.03
2018-07-03,15.06
2018-07-04,15.48
2018-07-05,15.64
2018-07-06,15.66
2018-07-09,15.96
2018-07-10,16.01
2018-07-11,16.28
2018-07-12,16.05
2018-07-13,16.02
2018-07-16,15.89
2018-07-17,16.04
2018-07-18,16.37
2018-07-19,16.82
2018-07-20,17.03
2018-07-23,17.35
2018-07-24,17.06
2018-07-25,17.3
2018-07-26,17.25
2018-07-27,17.06
2018-07-30,17
2018-07-31,17.36
2018-08-01,17.74
2018-08-02,17.59
2018-08-03,17.63
2018-08-06,17.53
2018-08-07,17.47
2018-08-08,17.36
2018-08-09,17.56
2018-08-10,17.85
2018-08-13,17.95
2018-08-14,18.12
2018-08-15,18.05
2018-08-16,17.95
2018-08-17,18.1
2018-08-20,18.45
2018-08-21,18.45
2018-08-22,19.78
2018-08-23,20.36
2018-08-24,20.65
2018-08-27,21.28
2018-08-28,20.65
2018-08-29,21.02
2018-08-30,21.13
2018-08-31,21.06
2018-09-03,20.21
2018-09-04,20.14
2018-09-05,20.34
2018-09-06,21.44
2018-09-07,23.19
2018-09-10,25.19
2018-09-11,24.13
2018-09-12,22.92
2018-09-13,18.87
2018-09-14,19.94
2018-09-17,20.9
2018-09-18,20.19
2018-09-19,21.43
2018-09-20,21.98
2018-09-21,22.08
2018-09-24,22.37
2018-09-25,21.19
2018-09-26,20.18
2018-09-27,20.77
2018-09-28,21.16
2018-10-01,21.32
2018-10-02,20.95
2018-10-03,21.14
2018-10-04,21.3
2018-10-05,22.11
2018-10-08,21.89
2018-10-09,20.75
2018-10-10,19.43
2018-10-11,19.85
2018-10-12,20.35
2018-10-15,18.57
2018-10-16,19.28
2018-10-17,19.26
2018-10-18,19.73
2018-10-19,19.7
2018-10-22,19.09
2018-10-23,19.23
2018-10-24,19.61
2018-10-25,19.08
2018-10-26,18.28
2018-10-29,16.68
2018-10-30,16.02
2018-10-31,16.36
2018-11-01,15.62
2018-11-02,17.08
2018-11-05,17.23
2018-11-06,17.57
2018-11-07,18.62
2018-11-08,19.56
2018-11-09,19.5
2018-11-12,20.5
2018-11-13,20.14
2018-11-14,19.74
2018-11-15,19
2018-11-16,19.11
2018-11-19,18.93
2018-11-20,19.46
2018-11-21,20.49
2018-11-22,20.92
2018-11-23,20.21
2018-11-26,19.83
2018-11-27,19.6
2018-11-28,19.29
2018-11-29,20.02
2018-11-30,20.5
2018-12-03,20.63
2018-12-04,20.73
2018-12-05,19.67
2018-12-06,19.99
2018-12-07,20.29
2018-12-10,20.86
2018-12-11,20.16
2018-12-12,21.47
2018-12-13,22.32
2018-12-14,23.37
2018-12-17,24.26
2018-12-18,24.03
2018-12-19,24.32
2018-12-20,24.17
2018-12-21,24.6
2018-12-24,24.84
2018-12-26,24.84
2018-12-27,24.67
2018-12-28,24.64
2018-12-31,24.67
2019-01-02,25
2019-01-03,23.04
2019-01-04,23.5
2019-01-07,22.07
2019-01-08,22.66
2019-01-09,21.86
2019-01-10,21.94
2019-01-11,22.59
2019-01-14,22.4
2019-01-15,22.47
2019-01-16,23.23
2019-01-17,23.49
2019-01-18,24.68
2019-01-21,24.28
2019-01-22,25.01
2019-01-23,24.53
2019-01-24,25.01
2019-01-25,23.76
2019-01-28,22.6
2019-01-29,23.23
2019-01-30,22.9
2019-01-31,22.15
2019-02-01,21.84
2019-02-04,22.91
2019-02-05,23.02
2019-02-06,23.55
2019-02-07,23.33
2019-02-08,22.23
2019-02-11,22.26
2019-02-12,20.58
2019-02-13,20.83
2019-02-14,19.67
2019-02-15,20.3
2019-02-18,19.89
2019-02-19,20.09
2019-02-20,20.36
2019-02-21,18.7
2019-02-22,18.84
2019-02-25,19.14
2019-02-26,19.56
2019-02-27,21.17
2019-02-28,21.59
2019-03-01,22.18
2019-03-04,23.03
2019-03-05,22.83
2019-03-06,22.04
2019-03-07,23.17
2019-03-08,22.91
2019-03-11,22.18
2019-03-12,22.22
2019-03-13,22.17
2019-03-14,22.63
2019-03-15,22.36
2019-03-18,21.71
2019-03-19,21.01
2019-03-20,21.53
2019-03-21,20.83
2019-03-22,20.56
2019-03-25,20.83
2019-03-26,21.44
2019-03-27,21.75
2019-03-28,22.16
2019-03-29,21.44
2019-04-01,21.82
2019-04-02,21.93
2019-04-03,23.09
2019-04-04,24.37
2019-04-05,24.53
2019-04-08,24.25
2019-04-09,25.46
2019-04-10,26.05
2019-04-11,27.24
2019-04-12,26.5
2019-04-15,26.73
2019-04-16,26.92
2019-04-17,27.38
2019-04-18,26.81
2019-04-22,26.81
2019-04-23,27.45
2019-04-24,27.33
2019-04-25,27.21
2019-04-26,25.78
2019-04-29,26.3
2019-04-30,26.2
2019-05-01,25.69
2019-05-02,24.62
2019-05-03,25.12
2019-05-06,25.25
2019-05-07,26.32
2019-05-08,26.82
2019-05-09,26.42
2019-05-10,25.54
2019-05-13,24.95
2019-05-14,25.81
2019-05-15,25.89
2019-05-16,25.49
2019-05-17,24.92
2019-05-20,25.12
2019-05-21,25.32
2019-05-22,26.3
2019-05-23,25.99
2019-05-24,25.4
2019-05-27,25.51
2019-05-28,25.4
2019-05-29,25.45
2019-05-30,25.22
2019-05-31,24.39
2019-06-03,23.67
2019-06-04,24.49
2019-06-05,24.18
2019-06-06,23.91
2019-06-07,24.44
2019-06-10,25.13
2019-06-11,24.91
2019-06-12,24.75
2019-06-13,24.9
2019-06-14,24.99
2019-06-17,24.96
2019-06-18,25.05
2019-06-19,24.89
2019-06-20,25.03
2019-06-21,25.24
2019-06-24,26.31
2019-06-25,26.37
2019-06-26,27.35
2019-06-27,26.85
2019-06-28,26.24
2019-07-01,26.87
2019-07-02,26.68
2019-07-03,26.47
2019-07-04,25.97
2019-07-05,26.34
2019-07-08,26.77
2019-07-09,26.52
2019-07-10,28.15
2019-07-11,28.26
2019-07-12,28.76
2019-07-15,29.02
2019-07-16,28.44
2019-07-17,28.43
2019-07-18,27.74
2019-07-19,28.85
2019-07-22,28.95
2019-07-23,29.77
2019-07-24,29.15
2019-07-25,28.98
2019-07-26,28.25
2019-07-29,28.38
2019-07-30,27.87
2019-07-31,27.95
2019-08-01,29.42
2019-08-02,29.23
2019-08-05,28.67
2019-08-06,28.38
2019-08-07,28.25
2019-08-08,28.51
2019-08-09,28.1
2019-08-12,26.68
2019-08-13,27.08
2019-08-14,26.89
2019-08-15,25.97
2019-08-16,25.97
2019-08-19,26.55
2019-08-20,26.24
2019-08-21,26.01
2019-08-22,25.65
2019-08-23,25.08
2019-08-26,25.82
2019-08-27,25.4
2019-08-28,26
2019-08-29,26.45
2019-08-30,26.31
2019-09-02,25.18
2019-09-03,25.22
2019-09-04,25.52
2019-09-05,25.53
2019-09-06,25.08
2019-09-09,25.01
2019-09-10,26.72
2019-09-11,26.27
2019-09-12,26.43
2019-09-13,26.37
2019-09-16,27.02
2019-09-17,26.2
2019-09-18,25.44
2019-09-19,25.94
2019-09-20,26.51
2019-09-23,25.78
2019-09-24,25.52
2019-09-25,25.19
2019-09-26,25.62
2019-09-27,25.29
2019-09-30,24.72
2019-10-01,25.04
2019-10-02,24.2
2019-10-03,23.24
2019-10-04,22.94
2019-10-07,23.41
2019-10-08,22.53
2019-10-09,22.65
2019-10-10,23.26
2019-10-11,24.44
2019-10-14,24.15
2019-10-15,25.71
2019-10-16,26.3
2019-10-17,26.06
2019-10-18,25.87
2019-10-21,25.92
2019-10-22,25.65
2019-10-23,24.75
2019-10-24,25.44
2019-10-25,24.96
2019-10-28,25.11
2019-10-29,25.44
2019-10-30,25.99
2019-10-31,25.6
2019-11-01,25.28
2019-11-04,25.62
2019-11-05,25.5
2019-11-06,24.78
2019-11-07,24.93
2019-11-08,24.83
2019-11-11,24.92
2019-11-12,24.11
2019-11-13,24.38
2019-11-14,23.95
2019-11-15,23.84
2019-11-18,23.38
2019-11-19,23.43
2019-11-20,24.02
2019-11-21,23.93
2019-11-22,24.57
2019-11-25,24.43
2019-11-26,24.38
2019-11-27,25.11
2019-11-28,25.01
2019-11-29,25.22
2019-12-02,24.33
2019-12-03,24
2019-12-04,24.74
2019-12-05,24.69
2019-12-06,24.94
2019-12-09,25.13
2019-12-10,24.94
2019-12-11,24.48
2019-12-12,25.07
2019-12-13,24.02
2019-12-16,24.86
2019-12-17,25.94
2019-12-18,26.46
2019-12-19,26.73
2019-12-20,26.55
2019-12-23,26.42
2019-12-24,25.96
2019-12-26,25.96
2019-12-27,26.58
2019-12-30,24.96
2019-12-31,24.51
2020-01-02,24.26
2020-01-03,24.88
2020-01-06,24.13
2020-01-07,24.45
2020-01-08,23.97
2020-01-09,24.58
2020-01-10,24.12
2020-01-13,24.06
2020-01-14,23.77
2020-01-15,24.43
2020-01-16,24.77
2020-01-17,25.36
2020-01-20,25.08
2020-01-21,24.85
2020-01-22,24.94
2020-01-23,24.63
2020-01-24,24.31
2020-01-27,24.51
2020-01-28,24.58
2020-01-29,23.92
2020-01-30,23.65
2020-01-31,23.81
2020-02-03,23.15
2020-02-04,23.3
2020-02-05,23.71
2020-02-06,23.5
2020-02-07,23.26
2020-02-10,23.11
2020-02-11,23.25
2020-02-12,23.83
2020-02-13,24.35
2020-02-14,24.24
2020-02-17,25
2020-02-18,25.09
2020-02-19,25.66
2020-02-20,25.59
2020-02-21,25.56
2020-02-24,24.53
2020-02-25,24.14
2020-02-26,24.22
2020-02-27,23.56
2020-02-28,23.57
2020-03-02,23.49
2020-03-03,23.33
2020-03-04,23.8
2020-03-05,23.77
2020-03-06,23.39
2020-03-09,23.25
2020-03-10,24.07
2020-03-11,23.89
2020-03-12,22.49
2020-03-13,21.89
2020-03-16,19.41
2020-03-17,18.25
2020-03-18,15.24
2020-03-19,16.31
2020-03-20,16.04
2020-03-23,15.45
2020-03-24,16.7
2020-03-25,17.41
2020-03-26,17.22
2020-03-27,16.26
2020-03-30,16.93
2020-03-31,17.56
2020-04-01,16.96
2020-04-02,17.95
2020-04-03,17.86
2020-04-06,20.3
2020-04-07,20.41
2020-04-08,21.04
2020-04-09,20.98
2020-04-13,20.98
2020-04-14,19.73
2020-04-15,19.17
2020-04-16,20.85
2020-04-17,21.61
2020-04-20,21.29
2020-04-21,19.77
2020-04-22,20.57
2020-04-23,20.94
2020-04-24,20.66
2020-04-27,20.2
2020-04-28,20.14
2020-04-29,20.12
2020-04-30,19.5
2020-05-01,18.9
2020-05-04,19.28
2020-05-05,19.02
2020-05-06,18.93
2020-05-07,19.47
2020-05-08,19.28
2020-05-11,18.99
2020-05-12,18.45
2020-05-13,18.59
2020-05-14,18.76
2020-05-15,19.09
2020-05-18,20.26
2020-05-19,19.9
2020-05-20,21.19
2020-05-21,21.12
2020-05-22,21.33
2020-05-25,21.54
2020-05-26,21.53
2020-05-27,21.26
2020-05-28,21.19
2020-05-29,21.33
2020-06-01,20.9
2020-06-02,22
2020-06-03,22.01
2020-06-04,22.14
2020-06-05,23.17
2020-06-08,22.65
2020-06-09,22.42
2020-06-10,22.85
2020-06-11,22.21
2020-06-12,21.93
2020-06-15,22.1
2020-06-16,22.72
2020-06-17,22.69
2020-06-18,24.4
2020-06-19,24.09
2020-06-22,24.46
2020-06-23,25.35
2020-06-24,25.33
2020-06-25,25.11
2020-06-26,24.66
2020-06-29,26.55
2020-06-30,26.91
2020-07-01,27.65
2020-07-02,27.31
2020-07-03,27.85
2020-07-06,29.64
2020-07-07,29.32
2020-07-08,29.25
2020-07-09,28.54
2020-07-10,28.96
2020-07-13,29.27
2020-07-14,29.56
2020-07-15,28.75
2020-07-16,26.52
2020-07-17,27.74
2020-07-20,26.09
2020-07-21,26.54
2020-07-22,26.55
2020-07-23,27.25
2020-07-24,26.29
2020-07-27,24.93
2020-07-28,25.67
2020-07-29,26.13
2020-07-30,25.49
2020-07-31,26.22
2020-08-03,26.06
2020-08-04,26.77
2020-08-05,26.71
2020-08-06,26.33
2020-08-07,26.36
2020-08-10,26.66
2020-08-11,26.14
2020-08-12,25.92
2020-08-13,25.38
2020-08-14,25.42
2020-08-17,26.26
2020-08-18,26.51
2020-08-19,26.2
2020-08-20,25.88
2020-08-21,25.62
2020-08-24,27.45
2020-08-25,28.59
2020-08-26,28.6
2020-08-27,28.35
2020-08-28,29.5
2020-08-31,28.64
2020-09-01,27.72
2020-09-02,28.21
2020-09-03,28.72
2020-09-04,27.34
2020-09-07,27.04
2020-09-08,26.78
2020-09-09,27.19
2020-09-10,28.4
2020-09-11,28.24
2020-09-14,30.44
2020-09-15,29.76
2020-09-16,29.96
2020-09-17,28.41
2020-09-18,27.97
2020-09-21,26.38
2020-09-22,27.83
2020-09-23,26.48
2020-09-24,26.77
2020-09-25,26.15
2020-09-28,27.69
2020-09-29,26.76
2020-09-30,26.91
2020-10-01,26.49
2020-10-02,27.01
2020-10-05,26.92
2020-10-06,26.78
2020-10-07,26.89
2020-10-08,26.33
2020-10-09,25.71
2020-10-12,25.87
2020-10-13,25.21
2020-10-14,25.75
2020-10-15,24.96
2020-10-16,24.89
2020-10-19,24.98
2020-10-20,24.41
2020-10-21,23.57
2020-10-22,24.18
2020-10-23,25.49
2020-10-26,23.85
2020-10-27,24.06
2020-10-28,23.03
2020-10-29,23.66
2020-10-30,23.7
2020-11-02,23.67
2020-11-03,24.38
2020-11-04,25.11
2020-11-05,25.98
2020-11-06,25.42
2020-11-09,26.55
2020-11-10,26.23
2020-11-11,26.13
2020-11-12,25.92
2020-11-13,26.28
2020-11-16,27.39
2020-11-17,26.64
2020-11-18,27.19
2020-11-19,26.35
2020-11-20,26.74
2020-11-23,27.25
2020-11-24,27.63
2020-11-25,27.62
2020-11-26,28.1
2020-11-27,28.13
2020-11-30,29.13
2020-12-01,28.86
2020-12-02,29.55
2020-12-03,29
2020-12-04,30.11
2020-12-07,29.62
2020-12-08,29.57
2020-12-09,29.7
2020-12-10,30.9
2020-12-11,30.52
2020-12-14,30.81
2020-12-15,32.02
2020-12-16,31.63
2020-12-17,31.81
2020-12-18,30.95
2020-12-21,30.76
2020-12-22,31.01
2020-12-23,31.77
2020-12-24,32.04
2020-12-28,33.29
2020-12-29,32.87
2020-12-30,32.05
2020-12-31,32.57
2021-01-04,33.56
2021-01-05,32.84
2021-01-06,33.51
2021-01-07,34.64
2021-01-08,34.8
2021-01-11,34.42
2021-01-12,34.54
2021-01-13,33.54
2021-01-14,33.42
2021-01-15,31.64
2021-01-18,31.53
2021-01-19,32.99
2021-01-20,32.82
2021-01-21,34.02
2021-01-22,34.15
2021-01-25,33.08
2021-01-26,33.28
2021-01-27,33.21
2021-01-28,33.88
2021-01-29,32.88
2021-02-01,32.81
2021-02-02,34.93
2021-02-03,37.38
2021-02-04,37.22
2021-02-05,38.15
2021-02-08,38.56
2021-02-09,38.21
2021-02-10,39.28
2021-02-11,38.71
2021-02-12,39.97
2021-02-15,39.47
2021-02-16,38.82
2021-02-17,38.05
2021-02-18,38.28
2021-02-19,37.37
2021-02-22,37.92
2021-02-23,38.61
2021-02-24,39.09
2021-02-25,38.2
2021-02-26,37.23
2021-03-01,37.07
2021-03-02,38.29
2021-03-03,37.41
2021-03-04,38.1
2021-03-05,38.96
2021-03-08,39.07
2021-03-09,40.58
2021-03-10,41.47
2021-03-11,41.85
2021-03-12,42.77
2021-03-15,42.29
2021-03-16,41.47
2021-03-17,42.86
2021-03-18,42.28
2021-03-19,41.84
2021-03-22,42.72
2021-03-23,41.32
2021-03-24,41.49
2021-03-25,40.26
2021-03-26,41.63
2021-03-29,41.75
2021-03-30,41.95
2021-03-31,42.45
2021-04-01,42.37
2021-04-05,42.37
2021-04-06,44.14
2021-04-07,43.77
2021-04-08,43.38
2021-04-09,43.56
2021-04-12,44.39
2021-04-13,43.76
2021-04-14,43.73
2021-04-15,44.08
2021-04-16,44.33
2021-04-19,44.27
2021-04-20,44.81
2021-04-21,45.82
2021-04-22,47
2021-04-23,46.86
2021-04-26,47.11
2021-04-27,47.2
2021-04-28,47.69
2021-04-29,47.91
2021-04-30,48.73
2021-05-03,49.31
2021-05-04,48.5
2021-05-05,49.33
2021-05-06,49.82
2021-05-07,50.33
2021-05-10,52.1
2021-05-11,52.91
2021-05-12,55.17
2021-05-13,54.35
2021-05-14,56.49
2021-05-17,56.15
2021-05-18,52.9
2021-05-19,49.55
2021-05-20,52.58
2021-05-21,51.65
2021-05-24,52.68
2021-05-25,53.24
2021-05-26,53.59
2021-05-27,51.76
2021-05-28,50.95
2021-05-31,51.62
2021-06-01,52.32
2021-06-02,51.32
2021-06-03,50.17
2021-06-04,49.9
2021-06-07,51.38
2021-06-08,52.08
2021-06-09,53.42
2021-06-10,53.69
2021-06-11,52.58
2021-06-14,52.8
2021-06-15,51.3
2021-06-16,51.24
2021-06-17,50.81
2021-06-18,51.8
2021-06-21,52.33
2021-06-22,53.31
2021-06-23,54.56
2021-06-24,54.98
2021-06-25,54.95
2021-06-28,55.4
2021-06-29,55.53
2021-06-30,56.25
2021-07-01,57.52
2021-07-02,57.24
2021-07-05,57.77
2021-07-06,53.92
2021-07-07,52.52
2021-07-08,52.26
2021-07-09,54.17
2021-07-12,51.62
2021-07-13,52.76
2021-07-14,53.27
2021-07-15,52.89
2021-07-16,52.79
2021-07-19,52.32
2021-07-20,51.13
2021-07-21,52.06
2021-07-22,50.72
2021-07-23,50.82
2021-07-26,53.12
2021-07-27,52.83
2021-07-28,53.76
2021-07-29,53.98
2021-07-30,53.26
2021-08-02,54.36
2021-08-03,54.12
2021-08-04,55.39
2021-08-05,55.91
2021-08-06,56.59
2021-08-09,56.55
2021-08-10,57.34
2021-08-11,57.7
2021-08-12,56.19
2021-08-13,55.31
2021-08-16,58.09
2021-08-17,57.17
2021-08-18,57.07
2021-08-19,53.44
2021-08-20,54.32
2021-08-23,55.29
2021-08-24,56.58
2021-08-25,56.49
2021-08-26,56.81
2021-08-27,58.94
2021-08-30,60.69
2021-08-31,60.7
2021-09-01,60.05
2021-09-02,61.46
2021-09-03,61.26
2021-09-06,62.25
2021-09-07,61.93
2021-09-08,62.39
2021-09-09,62.69
2021-09-10,60.86
2021-09-13,61.01
2021-09-14,59.8
2021-09-15,59.8
2021-09-16,59.26
2021-09-17,59.43
2021-09-20,60.63
2021-09-21,60.11
2021-09-22,60.54
2021-09-23,60.48
2021-09-24,62.88
2021-09-27,64.31
2021-09-28,61.86
2021-09-29,62.81
2021-09-30,61.66
2021-10-01,61.96
2021-10-04,63.32
2021-10-05,64.63
2021-10-06,59.03
2021-10-07,60.3
2021-10-08,58.28
2021-10-11,59.1
2021-10-12,58.9
2021-10-13,59.04
2021-10-14,61.41
2021-10-15,59.42
2021-10-18,58.53
2021-10-19,54.52
2021-10-20,57.76
2021-10-21,57.95
2021-10-22,58.24
2021-10-25,58.96
2021-10-26,59.88
2021-10-27,59.96
2021-10-28,58.63
2021-10-29,58.77
2021-11-01,56.99
2021-11-02,59.53
2021-11-03,59.89
2021-11-04,59.93
2021-11-05,59.46
2021-11-08,60.7
2021-11-09,60.48
2021-11-10,63.23
2021-11-11,63.77
2021-11-12,63.34
2021-11-15,66.04
2021-11-16,67.65
2021-11-17,67.26
2021-11-18,69.2
2021-11-19,69.47
2021-11-22,70.04
2021-11-23,69.3
2021-11-24,73.05
2021-11-25,74.6
2021-11-26,72.91
2021-11-29,74.35
2021-11-30,75.51
2021-12-01,76.96
2021-12-02,80.01
2021-12-03,78.4
2021-12-06,81.42
2021-12-07,85.09
2021-12-08,89.09
2021-12-09,80.45
2021-12-10,83.97
2021-12-13,82.33
2021-12-14,79.71
2021-12-15,80.7
2021-12-16,85.02
2021-12-17,73.48
2021-12-20,79.62
2021-12-21,80.49
2021-12-22,76.37
2021-12-23,74.04
2021-12-24,75.91
2021-12-27,76.55
2021-12-28,78.86
2021-12-29,79.97
2021-12-30,79.77
2021-12-31,80.22
2022-01-03,83.63
2022-01-04,84.55
2022-01-05,87.24
2022-01-06,86.4
2022-01-07,85.09
2022-01-10,79.8
2022-01-11,81.03
2022-01-12,79.75
2022-01-13,80.3
2022-01-14,81.82
2022-01-17,80.32
2022-01-18,82.38
2022-01-19,81.82
2022-01-20,85.32
2022-01-21,84.17
2022-01-24,83.72
2022-01-25,87.15
2022-01-26,88.36
2022-01-27,89.46
2022-01-28,88.9
2022-01-31,88.89
2022-02-01,89.22
2022-02-02,93.8
2022-02-03,94.44
2022-02-04,96.08
2022-02-07,96.33
2022-02-08,96.55
2022-02-09,90.45
2022-02-10,90.44
2022-02-11,92.53
2022-02-14,91.37
2022-02-15,90.75
2022-02-16,89.42
2022-02-17,86.01
2022-02-18,89.08
2022-02-21,89.31
2022-02-22,89.41
2022-02-23,94.72
2022-02-24,86.68
2022-02-25,87.77
2022-02-28,81.89
2022-03-01,68.59
2022-03-02,68.34
2022-03-03,67.18
2022-03-04,64.91
2022-03-07,58.08
2022-03-08,68.29
2022-03-09,72.95
2022-03-10,76.15
2022-03-11,76.5
2022-03-14,78
2022-03-15,77.17
2022-03-16,77.9
2022-03-17,79.66
2022-03-18,78.64
2022-03-21,78.12
2022-03-22,80.4
2022-03-23,76.37
2022-03-24,78.03
2022-03-25,78.4
2022-03-28,80.63
2022-03-29,81.54
2022-03-30,78.12
2022-03-31,76.32
2022-04-01,78.35
2022-04-04,78.34
2022-04-05,77.89
2022-04-06,77.02
2022-04-07,79.78
2022-04-08,79.93
2022-04-11,77.79
2022-04-12,78.84
2022-04-13,77.26
2022-04-14,79.78
2022-04-18,79.78
2022-04-19,79.98
2022-04-20,87.6
2022-04-21,86.19
2022-04-22,88.68
2022-04-25,83.13
2022-04-26,82.4
2022-04-27,80.71
2022-04-28,82.37
2022-04-29,84.12
2022-05-02,82.71
2022-05-03,87.84
2022-05-04,87.96
2022-05-05,88.58
2022-05-06,91.19
2022-05-09,86.66
2022-05-10,86.96
2022-05-11,88.47
2022-05-12,87.89
2022-05-13,88.11
2022-05-16,89.19
2022-05-17,91.34
2022-05-18,84.28
2022-05-19,82.85
2022-05-20,80.06
2022-05-23,77.83
2022-05-24,81.06
2022-05-25,81.12
2022-05-26,84.48
2022-05-27,83.92
2022-05-30,83.69
2022-05-31,83.74
2022-06-01,85.8
2022-06-02,86.06
2022-06-03,86.59
2022-06-06,81.17
2022-06-07,81.07
2022-06-08,79.61
2022-06-09,80.84
2022-06-10,81.69
2022-06-13,81.35
2022-06-14,83.93
2022-06-15,86.01
2022-06-16,82.79
2022-06-17,82.18
2022-06-20,83.78
2022-06-21,84.51
2022-06-22,81.66
2022-06-23,83.9
2022-06-24,83.2
2022-06-27,84.82
2022-06-28,87.12
2022-06-29,88.07
2022-06-30,89.88
2022-07-01,85.3
2022-07-04,84.29
2022-07-05,82.99
2022-07-06,82.94
2022-07-07,84.64
2022-07-08,82.51
2022-07-11,84.07
2022-07-12,85.37
2022-07-13,83.59
2022-07-14,83.7
2022-07-15,85.09
2022-07-18,84.66
2022-07-19,83.37
2022-07-20,78.58
2022-07-21,77.85
2022-07-22,76.03
2022-07-25,76.08
2022-07-26,76.39
2022-07-27,75.85
2022-07-28,78.68
2022-07-29,78.27
2022-08-01,80.28
2022-08-02,81.66
2022-08-03,83.71
2022-08-04,83.9
2022-08-05,84.48
2022-08-08,83.53
2022-08-09,85.65
2022-08-10,85.63
2022-08-11,87.27
2022-08-12,88.58
2022-08-15,90.48
2022-08-16,91.77
2022-08-17,95.4
2022-08-18,95.72
2022-08-19,97.67
2022-08-22,91.83
2022-08-23,88.94
2022-08-24,88.86
2022-08-25,88.95
2022-08-26,89.94
2022-08-29,86.24
2022-08-30,80.34
2022-08-31,79.61
2022-09-01,80.33
2022-09-02,77.45
2022-09-05,74.05
2022-09-06,69.57
2022-09-07,68.71
2022-09-08,66.93
2022-09-09,65.72
2022-09-12,71.44
2022-09-13,69.36
2022-09-14,72.14
2022-09-15,71.45
2022-09-16,72.87
2022-09-19,70.71
2022-09-20,70.74
2022-09-21,69.4
2022-09-22,70.05
2022-09-23,65.41
2022-09-26,69.97
2022-09-27,67.78
2022-09-28,64.97
2022-09-29,65.52
2022-09-30,66.52
2022-10-03,65.69
2022-10-04,66.66
2022-10-05,66.84
2022-10-06,68.73
2022-10-07,69.62
2022-10-10,66.56
2022-10-11,66.12
2022-10-12,66.5
2022-10-13,68.62
2022-10-14,67.8
2022-10-17,67.29
2022-10-18,67.55
2022-10-19,67.08
2022-10-20,66.66
2022-10-21,68.52
2022-10-24,72.11
2022-10-25,76.88
2022-10-26,75.55
2022-10-27,79.95
2022-10-28,80.93
2022-10-31,79.68
2022-11-01,76.57
2022-11-02,76.54
2022-11-03,76.13
2022-11-04,76.21
2022-11-07,77.35
2022-11-08,75.94
2022-11-09,72.63
2022-11-10,72.92
2022-11-11,75.7
2022-11-14,75.1
2022-11-15,76.53
2022-11-16,73.3
2022-11-17,72.29
2022-11-18,72.36
2022-11-21,74.49
2022-11-22,73.75
2022-11-23,75.72
2022-11-24,78.12
2022-11-25,78.71
2022-11-28,78.68
2022-11-29,81.25
2022-11-30,84.69
2022-12-01,85.22
2022-12-02,87.67
2022-12-05,87.31
2022-12-06,87.69
2022-12-07,88.07
2022-12-08,88.67
2022-12-09,87.84
2022-12-12,90.17
2022-12-13,88.64
2022-12-14,86.61
2022-12-15,85.5
2022-12-16,83.82
2022-12-19,84.11
2022-12-20,87.18
2022-12-21,84.88
2022-12-22,86.24
2022-12-23,86.33
2022-12-27,85.37
2022-12-28,83.14
2022-12-29,81.59
2022-12-30,81.07
2023-01-02,83.4
2023-01-03,80.72
2023-01-04,75.09
2023-01-05,76.21
2023-01-06,74.75
2023-01-09,78.75
2023-01-10,77.75
2023-01-11,76.17
2023-01-12,77.41
2023-01-13,77.05
2023-01-16,74.79
2023-01-17,76.79
2023-01-18,80.48
2023-01-19,81.1
2023-01-20,82.28
2023-01-23,82.36
2023-01-24,78.87
2023-01-25,81.43
2023-01-26,86.43
2023-01-27,86.14
2023-01-30,86.53
2023-01-31,90.05
2023-02-01,92.38
2023-02-02,89.98
2023-02-03,90.24
2023-02-06,87.87
2023-02-07,87.32
2023-02-08,87.31
2023-02-09,88.01
2023-02-10,90.02
2023-02-13,89.22
2023-02-14,89.07
2023-02-15,91.29
2023-02-16,94.4
2023-02-17,93.13
2023-02-20,95.16
2023-02-21,97.08
2023-02-22,93.58
2023-02-23,94.34
2023-02-24,94.1
2023-02-27,96.85
2023-02-28,96.58
2023-03-01,93.72
2023-03-02,90.23
2023-03-03,89.07
2023-03-06,89.9
2023-03-07,92.59
2023-03-08,94.7
2023-03-09,95.31
2023-03-10,96.72
2023-03-13,94.26
2023-03-14,89.8
2023-03-15,86.6
2023-03-16,84.43
2023-03-17,84.58
2023-03-20,85.11
2023-03-21,86.88
2023-03-22,86.77
2023-03-23,89.69
2023-03-24,85.1
2023-03-27,84.77
2023-03-28,86.88
2023-03-29,87.81
2023-03-30,88.5
2023-03-31,89.48
2023-04-03,93.24
2023-04-04,92.46
2023-04-05,94.13
2023-04-06,94.15
2023-04-10,94.15
2023-04-11,94.86
2023-04-12,93.39
2023-04-13,91.95
2023-04-14,91.38
2023-04-17,90.62
2023-04-18,92.86
2023-04-19,92
2023-04-20,89.54
2023-04-21,87.29
2023-04-24,85.94
2023-04-25,84.84
2023-04-26,83.54
2023-04-27,84.03
2023-04-28,85.37
2023-05-01,83.96
2023-05-02,86.31
2023-05-03,83.01
2023-05-04,82.72
2023-05-05,82.98
2023-05-08,83.41
2023-05-09,84.75
2023-05-10,87.39
2023-05-11,86.3
2023-05-12,86.36
2023-05-15,84.91
2023-05-16,86.52
2023-05-17,86.12
2023-05-18,87.76
2023-05-19,87.79
2023-05-22,85.65
2023-05-23,83.68
2023-05-24,83.35
2023-05-25,81.23
2023-05-26,80.56
2023-05-29,81.13
2023-05-30,78.82
2023-05-31,79.38
2023-06-01,77.11
2023-06-02,77.38
2023-06-05,80.88
2023-06-06,80.05
2023-06-07,81.92
2023-06-08,82.32
2023-06-09,85.06
2023-06-12,86.09
2023-06-13,88.12
2023-06-14,91.52
2023-06-15,91.41
2023-06-16,90.51
2023-06-19,90.25
2023-06-20,92.9
2023-06-21,88.59
2023-06-22,88.2
2023-06-23,85.93
2023-06-26,84.3
2023-06-27,87.25
2023-06-28,86.12
2023-06-29,86.29
2023-06-30,87.48
2023-07-03,85.72
2023-07-04,85.65
2023-07-05,84.26
2023-07-06,84.45
2023-07-07,84.65
2023-07-10,84.8
2023-07-11,85.25
2023-07-12,84.32
2023-07-13,84.35
2023-07-14,84.54
2023-07-17,84.99
2023-07-18,85.85
2023-07-19,87.67
2023-07-20,88.99
2023-07-21,89.86
2023-07-24,89.54
2023-07-25,90.32
2023-07-26,89.26
2023-07-27,89.5
2023-07-28,87.15
2023-07-31,85.16
2023-08-01,83.85
2023-08-02,82.25
2023-08-03,83.59
2023-08-04,82.45
2023-08-07,81.48
2023-08-08,83.16
2023-08-09,82.74
2023-08-10,83.66
2023-08-11,85.5
2023-08-14,86.47
2023-08-15,85.84
2023-08-16,87.17
2023-08-17,87.53
2023-08-18,86.73
2023-08-21,86.59
2023-08-22,88.92
2023-08-23,87.31
2023-08-24,84.94
2023-08-25,84.5
2023-08-28,84.79
2023-08-29,83.88
2023-08-30,85.35
2023-08-31,84.86
2023-09-01,84.37
2023-09-04,83.26
2023-09-05,82.95
2023-09-06,82.79
2023-09-07,82.05
2023-09-08,80.65
2023-09-11,80.8
2023-09-12,80.23
2023-09-13,82.15
2023-09-14,82.23
2023-09-15,81.44
2023-09-18,79.99
2023-09-19,80.36
2023-09-20,81.92
2023-09-21,83.23
2023-09-22,84.56
2023-09-25,84.37
2023-09-26,82.39
2023-09-27,81.79
2023-09-28,82.21
2023-09-29,81.17
2023-10-02,80.3
2023-10-03,79.2
2023-10-04,81.2
2023-10-05,80.04
2023-10-06,79.99
2023-10-09,81.28
2023-10-10,84.34
2023-10-11,83.64
2023-10-12,84.73
2023-10-13,85.45
2023-10-16,82.85
2023-10-17,82.05
2023-10-18,81.37
2023-10-19,81.3
2023-10-20,80.94
2023-10-23,80.04
2023-10-24,80.12
2023-10-25,79.45
2023-10-26,79.18
2023-10-27,78.88
2023-10-30,78.25
2023-10-31,78.88
2023-11-01,78.36
2023-11-02,78.45
2023-11-03,77.47
2023-11-06,75.65
2023-11-07,75.05
2023-11-08,75.51
2023-11-09,77.18
2023-11-10,78.49
2023-11-13,77.28
2023-11-14,78.42
2023-11-15,79.52
2023-11-16,76.81
2023-11-17,76.36
2023-11-20,76.41
2023-11-21,75.18
2023-11-22,74.99
2023-11-23,76.4
2023-11-24,76.4
2023-11-27,73.45
2023-11-28,72.96
2023-11-29,71.02
2023-11-30,70.81
2023-12-01,72.49
2023-12-04,70.37
2023-12-05,68.64
2023-12-06,68.82
2023-12-07,69.65
2023-12-08,68.63
2023-12-11,67.28
2023-12-12,68.21
2023-12-13,68.9
2023-12-14,66.79
2023-12-15,66.35
2023-12-18,69.08
2023-12-19,69.23
2023-12-20,72.92
2023-12-21,75.18
2023-12-22,76.16
2023-12-26,76.16
2023-12-27,77.23
2023-12-28,77.43
2023-12-29,77.55
2024-01-02,73.4
2024-01-03,74.8
2024-01-04,73.24
2024-01-05,73.77
2024-01-08,69.92
2024-01-09,69.47
2024-01-10,67.55
2024-01-11,65.58
2024-01-12,63.55
2024-01-15,64.97
2024-01-16,63.32
2024-01-17,60.91
2024-01-18,60.76
2024-01-19,61.38
2024-01-22,59.83
2024-01-23,60.83
2024-01-24,63.52
2024-01-25,60.99
2024-01-26,61.38
2024-01-29,59.6
2024-01-30,61.54
2024-01-31,62.16
2024-02-01,60.28
2024-02-02,61.42
2024-02-05,60.7
2024-02-06,61.56
2024-02-07,60.42
2024-02-08,58.83
2024-02-09,56.91
2024-02-12,55.05
2024-02-13,54.63
2024-02-14,54.83
2024-02-15,56.07
2024-02-16,55.34
2024-02-19,51.8
2024-02-20,52.56
2024-02-21,52.8
2024-02-22,51.03
2024-02-23,50.52
2024-02-26,52.21
2024-02-27,54.01
2024-02-28,56.07
2024-02-29,54.27
2024-03-01,54.64
2024-03-04,55.28
2024-03-05,58.71
2024-03-06,57.42
2024-03-07,57.32
2024-03-08,56.58
2024-03-11,54.45
2024-03-12,54.78
2024-03-13,54.31
2024-03-14,56.67
2024-03-15,57.57
2024-03-18,59.56
2024-03-19,59.29
2024-03-20,59.08
2024-03-21,57.55
2024-03-22,59.94
2024-03-25,63.34
2024-03-26,60.69
2024-03-27,60.83
2024-03-28,60.2
2024-04-01,60.2
2024-04-02,57.15
2024-04-03,55.89
2024-04-04,56.96
2024-04-05,58.99
2024-04-08,61.88
2024-04-09,62.42
2024-04-10,61.2
2024-04-11,66.27
2024-04-12,69.71
2024-04-15,68.74
2024-04-16,71.7
2024-04-17,68.14
2024-04-18,69.65
2024-04-19,66.99
2024-04-22,64.56
2024-04-23,63.94
2024-04-24,64.75
2024-04-25,66.6
2024-04-26,65.16
2024-04-29,63.79
2024-04-30,66.88
2024-05-01,66.18
2024-05-02,70.79
2024-05-03,70.29
2024-05-06,71.45
2024-05-07,69.28
2024-05-08,69.99
2024-05-09,71.51
2024-05-10,70.19
2024-05-13,68.12
2024-05-14,68.53
2024-05-15,67.78
2024-05-16,68.41
2024-05-17,69
2024-05-20,72.4
2024-05-21,74.66
2024-05-22,74.62
2024-05-23,74.23
2024-05-24,74.04
2024-05-27,74.59
2024-05-28,73.01
2024-05-29,72.31
2024-05-30,73.95
2024-05-31,72.6
2024-06-03,73.05
2024-06-04,70.84
2024-06-05,70.34
2024-06-06,70.62
2024-06-07,69.91
2024-06-10,69.34
2024-06-11,69.18
2024-06-12,69.29
2024-06-13,69.27
2024-06-14,66.87
2024-06-17,66.59
2024-06-18,67.08
2024-06-19,68.85
2024-06-20,67.76
2024-06-21,66.72
2024-06-24,65.97
2024-06-25,66.8
2024-06-26,65.82
2024-06-27,65.59
2024-06-28,66.35
2024-07-01,66.93
2024-07-02,69.53
2024-07-03,69.62
2024-07-04,68.93
2024-07-05,69.23
2024-07-08,67.87
2024-07-09,67.45
2024-07-10,66.84
2024-07-11,67.27
2024-07-12,68.08
2024-07-15,66.54
2024-07-16,66.92
2024-07-17,65.47
2024-07-18,65.35
2024-07-19,65.24
2024-07-22,63.68
2024-07-23,64.66
2024-07-24,67.33
2024-07-25,65.74
2024-07-26,66.79
2024-07-29,67.58
2024-07-30,67.73
2024-07-31,68.3
2024-08-01,70.24
2024-08-02,69.66
2024-08-05,67.86
2024-08-06,69.05
2024-08-07,69.63
2024-08-08,70.13
2024-08-09,69.21
2024-08-12,71.66
2024-08-13,70.31
2024-08-14,70.89
2024-08-15,71.14
2024-08-16,71.55
2024-08-19,72.17
2024-08-20,72.43
2024-08-21,71.51
2024-08-22,70.94
2024-08-23,70.51
2024-08-26,69.89
2024-08-27,70.87
2024-08-28,70.17
2024-08-29,70.47
2024-08-30,69.7
2024-09-02,69.81
2024-09-03,67.56
2024-09-04,66.41
2024-09-05,65.64
2024-09-06,65.93
2024-09-09,65.95
2024-09-10,64.37
2024-09-11,65.85
2024-09-12,64.89
2024-09-13,64.43
2024-09-16,62.67
2024-09-17,63.79
2024-09-18,63.16
2024-09-19,62.28
2024-09-20,62.85
2024-09-23,63.56
2024-09-24,63.34
2024-09-25,64.71
2024-09-26,65.97
2024-09-27,65.78
2024-09-30,65.03
2024-10-01,63.29
2024-10-02,62.28
2024-10-03,62.44
2024-10-04,61.73
2024-10-07,61.45
2024-10-08,59.98
2024-10-09,61.7
2024-10-10,64.67
2024-10-11,64.27
2024-10-14,65.62
2024-10-15,64.76
2024-10-16,62.71
2024-10-17,62.66
2024-10-18,61.97
2024-10-21,61.45
2024-10-22,61.93
2024-10-23,64.55
2024-10-24,66.27
2024-10-25,66.61
2024-10-28,66.05
2024-10-29,67.13
2024-10-30,65.33
2024-10-31,64.43
2024-11-01,63.74
2024-11-04,65.09
2024-11-05,64.17
2024-11-06,63.63
2024-11-07,65.9
2024-11-08,67.86
2024-11-11,67.41
2024-11-12,67.37
2024-11-13,66.15
2024-11-14,68.1
2024-11-15,67.85
2024-11-18,69.34
2024-11-19,67.97
2024-11-20,68.22
2024-11-21,69.83
2024-11-22,69.11
2024-11-25,69.69
2024-11-26,69.23
2024-11-27,68.47
2024-11-28,67.63
2024-11-29,68.4
2024-12-02,68.83
2024-12-03,68.49
2024-12-04,67.86
2024-12-05,67.34
2024-12-06,68.31
2024-12-09,66.37
2024-12-10,68.18
2024-12-11,68.63
2024-12-12,66.1
2024-12-13,64.43
2024-12-16,63.32
2024-12-17,62.58
2024-12-18,63.23
2024-12-19,65.96
2024-12-20,66.47
2024-12-23,67.9
2024-12-24,67.7
2024-12-26,67.7
2024-12-27,69.73
2024-12-30,70.15
2024-12-31,71.14
2025-01-02,73.33
2025-01-03,74.03
2025-01-06,72.47
2025-01-07,72.1
2025-01-08,70.28
2025-01-09,71.56
2025-01-10,72.92
2025-01-13,74.92
2025-01-14,74.94
2025-01-15,75.92
2025-01-16,76.27
2025-01-17,77.18
2025-01-20,77.91
2025-01-21,78.18
2025-01-22,76.87
2025-01-23,78.63
2025-01-24,79.51
2025-01-27,77.22
2025-01-28,78.3
2025-01-29,80.92
2025-01-30,80.66
2025-01-31,81.94
2025-02-03,79.06
2025-02-04,79
2025-02-05,79.26
2025-02-06,80.07
2025-02-07,80.4
2025-02-10,81.05
2025-02-11,80.69
2025-02-12,78.42
2025-02-13,76.22
2025-02-14,77.89
2025-02-17,75.39
2025-02-18,73.94
2025-02-19,72.25
2025-02-20,70.91
2025-02-21,72.16
2025-02-24,71.94
2025-02-25,70.26
2025-02-26,69.56
2025-02-27,71.32
2025-02-28,69.56
2025-03-03,70.12
2025-03-04,67.13
2025-03-05,67.4
2025-03-06,65.93
2025-03-07,67.21
2025-03-10,67.57
2025-03-11,66.85
2025-03-12,68.21
2025-03-13,69.17
2025-03-14,69.56
2025-03-17,68.69
2025-03-18,69.88
2025-03-19,71.96
2025-03-20,71.54
2025-03-21,70.01
2025-03-24,70.08
2025-03-25,69.02
2025-03-26,69.4
2025-03-27,67.18
2025-03-28,67.45
2025-03-31,66.66
2025-04-01,68.65
2025-04-02,67.36
2025-04-03,64.94
2025-04-04,62.8
2025-04-07,61.85
2025-04-08,61.04
2025-04-09,59.97
2025-04-10,61.12
2025-04-11,63.79
2025-04-14,65.44
2025-04-15,65.12
2025-04-16,65.88
2025-04-17,64.83
2025-04-21,64.83
2025-04-22,63.37
2025-04-23,65.85
2025-04-24,65.28
2025-04-25,65.4
2025-04-28,64.28
2025-04-29,63.91
2025-04-30,65.62
2025-05-01,66.08
2025-05-02,67.8
2025-05-05,66.53
2025-05-06,68.29
2025-05-07,70.07
2025-05-08,69.73
2025-05-09,69.4
2025-05-12,72.35
2025-05-13,71.84
2025-05-14,71.27
2025-05-15,72.36
2025-05-16,69.95
2025-05-19,69.4
2025-05-20,72.34
2025-05-21,71.9
2025-05-22,71.31
2025-05-23,70.76
2025-05-26,72.23
2025-05-27,70.95
2025-05-28,71.26
2025-05-29,70.15
2025-05-30,69.61
2025-06-02,70.1
2025-06-03,71.78
2025-06-04,71.8
2025-06-05,71.91
2025-06-06,72.67
2025-06-09,73.41
2025-06-10,71.86
2025-06-11,73.53
2025-06-12,74.56
2025-06-13,75.09
2025-06-16,74.49
2025-06-17,73.79
2025-06-18,73.76
2025-06-19,71.91
2025-06-20,72.14
2025-06-23,72.43
2025-06-24,72.71
2025-06-25,70.31
2025-06-26,69.59
2025-06-27,70.15
2025-06-30,68.19
2025-07-01,69.93
2025-07-02,71.25
2025-07-03,71.38
2025-07-04,70.99
2025-07-07,70.52
2025-07-08,69.75
2025-07-09,69.73
2025-07-10,70.07
2025-07-11,69.88
2025-07-14,69.73
2025-07-15,70.82
2025-07-16,70.63
2025-07-17,69.88
2025-07-18,69.23
2025-07-21,69.18
2025-07-22,68.45
2025-07-23,68.72
2025-07-24,70.21
2025-07-25,70.67
2025-07-28,69.96
2025-07-29,72.48
2025-07-30,72.26
2025-07-31,72.06
2025-08-01,70.47
2025-08-04,70.27
2025-08-05,71.01
2025-08-06,70.41
2025-08-07,71.19
2025-08-08,72.61
2025-08-11,71.78
2025-08-12,70.93
2025-08-13,71.16
2025-08-14,70.38
2025-08-15,70.11
2025-08-18,71.24
2025-08-19,70.79
2025-08-20,70.91
2025-08-21,72.23
2025-08-22,72.13
2025-08-25,71.81
2025-08-26,72.36
2025-08-27,71.85
2025-08-28,71.33
2025-08-29,72.6
2025-09-01,73.56
2025-09-02,73.21
2025-09-03,74.54
2025-09-04,75.03
2025-09-05,75.64
2025-09-08,76.77
2025-09-09,76.5
2025-09-10,76.7
2025-09-11,75.15
2025-09-12,75.37
2025-09-15,76.36
2025-09-16,77.11
2025-09-17,76.59
2025-09-18,77.44
2025-09-19,77.16
2025-09-22,75.82
2025-09-23,76.4
2025-09-24,75.62
2025-09-25,75.37
2025-09-26,75.6
2025-09-29,76.4
2025-09-30,75.48
2025-10-01,76.08
2025-10-02,77.17
2025-10-03,78.89
2025-10-06,78.5
2025-10-07,78.05
2025-10-08,78.75
2025-10-09,78.98
2025-10-10,79.43
2025-10-13,77.87
2025-10-14,76.67
2025-10-15,77.63
2025-10-16,79.25
2025-10-17,79.2
2025-10-20,79.56
2025-10-21,79.32
2025-10-22,78.2
2025-10-23,78.19
2025-10-24,78.07
2025-10-27,77.52
2025-10-28,78.2
2025-10-29,78.69
2025-10-30,78.55
2025-10-31,78.43
2025-11-03,81.08
2025-11-04,82.2
2025-11-05,81.38
2025-11-06,80.06
2025-11-07,79.36
2025-11-10,79.85
2025-11-11,80.54
2025-11-12,81.8
2025-11-13,81.23
2025-11-14,80.83
2025-11-17,79.82
2025-11-18,81.12
2025-11-19,80.55
2025-11-20,81.25
2025-11-21,80.32
2025-11-24,80.5
2025-11-25,81.87
2025-11-26,81.68
2025-11-27,82.21
2025-11-28,83.26
2025-12-01,82.64
2025-12-02,81.82
2025-12-03,81.79
2025-12-04,82.43
2025-12-05,81.98
2025-12-08,81.98
2025-12-09,82.85
2025-12-10,82.42
2025-12-11,83.9
2025-12-12,83.79
2025-12-15,85
2025-12-16,85.34
2025-12-17,84.79
2025-12-18,84.49
2025-12-19,85.05
2025-12-22,85.47
2025-12-23,86.52
2025-12-24,85.99
2025-12-26,85.99
2025-12-29,85.46
2025-12-30,85.29
2025-12-31,85.38
2026-01-02,86.33
2026-01-05,85.28
2026-01-06,86.12
2026-01-07,86.16
2026-01-08,86.21
2026-01-09,87.57
2026-01-12,88.12
