国家,英国,英国
指标名称,期货收盘价(连续):IPE鹿特丹煤炭,期货结算价(连续):IPE鹿特丹煤炭
频率,日,日
单位,美元/吨,美元/吨
指标ID,S0202719,S0202718
时间区间,2008-11-25:2026-01-12,2008-11-25:2026-01-12
来源,ICE,ICE
2008-11-25,87.9,87.9
2008-11-26,88.55,88.55
2008-11-27,92.4,92.4
2008-11-28,91.65,91.65
2008-12-01,86.95,86.95
2008-12-02,85.8,85.8
2008-12-03,84.45,84.45
2008-12-04,82.4,82.4
2008-12-05,79.6,79.6
2008-12-08,82.75,82.75
2008-12-09,83.4,83.4
2008-12-10,86.1,86.1
2008-12-11,92.35,92.35
2008-12-12,88.9,88.9
2008-12-15,91.4,91.4
2008-12-16,89.6,89.6
2008-12-17,90.95,90.95
2008-12-18,89.9,89.9
2008-12-19,90.15,90.15
2008-12-22,90,90
2008-12-23,90,90
2008-12-24,89.6,89.6
2008-12-26,89.6,89.6
2008-12-29,91.15,91.15
2008-12-30,91.1,91.1
2008-12-31,91.4,91.4
2009-01-02,89.05,89.05
2009-01-05,90.4,90.4
2009-01-06,95.35,95.35
2009-01-07,93.2,93.2
2009-01-08,90.65,90.65
2009-01-09,87.55,87.55
2009-01-12,82.15,82.15
2009-01-13,82.25,82.25
2009-01-14,82.15,82.15
2009-01-15,83.6,83.6
2009-01-16,81.2,81.2
2009-01-19,78,78
2009-01-20,76.5,76.5
2009-01-21,75.15,75.15
2009-01-22,75.95,75.95
2009-01-23,76.55,76.55
2009-01-26,78.9,78.9
2009-01-27,79.4,79.4
2009-01-28,81.05,81.05
2009-01-29,81.4,81.4
2009-01-30,82.2,82.2
2009-02-02,81.05,81.05
2009-02-03,80.3,80.3
2009-02-04,80.95,80.95
2009-02-05,81.55,81.55
2009-02-06,81.45,81.45
2009-02-09,88,88
2009-02-10,85.5,85.5
2009-02-11,81.8,81.8
2009-02-12,80.35,80.35
2009-02-13,80.65,80.65
2009-02-16,78.3,78.3
2009-02-17,77.4,77.4
2009-02-18,77.15,77.15
2009-02-19,77.9,77.9
2009-02-20,75.45,75.45
2009-02-23,71.15,71.15
2009-02-24,68.85,68.85
2009-02-25,69.3,69.3
2009-02-26,72.3,72.3
2009-02-27,69.75,69.75
2009-03-02,67.6,67.6
2009-03-03,68.45,68.45
2009-03-04,70.8,70.8
2009-03-05,69.6,69.6
2009-03-06,70.4,70.4
2009-03-09,70.9,70.9
2009-03-10,70.7,70.7
2009-03-11,69.3,69.3
2009-03-12,67.75,67.75
2009-03-13,68.35,68.35
2009-03-16,66.6,66.6
2009-03-17,67.55,67.55
2009-03-18,67.75,67.75
2009-03-19,70.95,70.95
2009-03-20,72.65,72.65
2009-03-23,78.75,78.75
2009-03-24,79.35,79.35
2009-03-25,77.25,77.25
2009-03-26,80.15,80.15
2009-03-27,79,79
2009-03-30,75.5,75.5
2009-03-31,76.75,76.75
2009-04-01,77.5,77.5
2009-04-02,80.6,80.6
2009-04-03,80.1,80.1
2009-04-06,81,81
2009-04-07,78.25,78.25
2009-04-08,77.55,77.55
2009-04-09,78.45,78.45
2009-04-14,79.8,79.8
2009-04-15,79.15,79.15
2009-04-16,79.8,79.8
2009-04-17,79.3,79.3
2009-04-20,77.1,77.1
2009-04-21,75,75
2009-04-22,74.5,74.5
2009-04-23,73.8,73.8
2009-04-24,75.3,75.3
2009-04-27,73.1,73.1
2009-04-28,73.45,73.45
2009-04-29,72.7,72.7
2009-04-30,74.7,74.7
2009-05-01,74.25,74.25
2009-05-05,75.4,75.4
2009-05-06,75.52,75.52
2009-05-07,77.39,77.39
2009-05-08,77.54,77.54
2009-05-11,76.46,76.46
2009-05-12,75.15,75.15
2009-05-13,75.8,75.8
2009-05-14,74.6,74.6
2009-05-15,74.45,74.45
2009-05-18,75.65,75.65
2009-05-19,77.6,77.6
2009-05-20,77.6,77.6
2009-05-21,76.5,76.5
2009-05-22,76.85,76.85
2009-05-26,76.66,76.66
2009-05-27,77.69,77.69
2009-05-28,78.6,78.6
2009-05-29,79.79,79.79
2009-06-01,82.55,82.55
2009-06-02,84.1,84.1
2009-06-03,82.85,82.85
2009-06-04,84.8,84.8
2009-06-05,85.3,85.3
2009-06-08,85.25,85.25
2009-06-09,86.65,86.65
2009-06-10,87.8,87.8
2009-06-11,87.85,87.85
2009-06-12,87,87
2009-06-15,84.4,84.4
2009-06-16,85.35,85.35
2009-06-17,80.8,80.8
2009-06-18,80.05,80.05
2009-06-19,79.85,79.85
2009-06-22,75.35,75.35
2009-06-23,76.95,76.95
2009-06-24,77.95,77.95
2009-06-25,79.21,79.21
2009-06-26,79.85,79.85
2009-06-29,79.2,79.2
2009-06-30,77.9,77.9
2009-07-01,77.95,77.95
2009-07-02,76.3,76.3
2009-07-03,77,77
2009-07-06,76.25,76.25
2009-07-07,76.1,76.1
2009-07-08,76.9,76.9
2009-07-09,77.5,77.5
2009-07-10,78.3,78.3
2009-07-13,77.9,77.9
2009-07-14,78.8,78.8
2009-07-15,78.6,78.6
2009-07-16,79.9,79.9
2009-07-17,79.45,79.45
2009-07-20,77.8,77.8
2009-07-21,78,78
2009-07-22,76.9,76.9
2009-07-23,77.2,77.2
2009-07-24,77.5,77.5
2009-07-27,77.6,77.6
2009-07-28,76.65,76.65
2009-07-29,75.9,75.9
2009-07-30,76.65,76.65
2009-07-31,75.1,75.1
2009-08-03,76.42,76.42
2009-08-04,76.4,76.4
2009-08-05,76.65,76.65
2009-08-06,78.25,78.25
2009-08-07,77.2,77.2
2009-08-10,77.8,77.8
2009-08-11,76.55,76.55
2009-08-12,77.4,77.4
2009-08-13,78.05,78.05
2009-08-14,77.15,77.15
2009-08-17,76.55,76.55
2009-08-18,77.4,77.4
2009-08-19,77.15,77.15
2009-08-20,77.25,77.25
2009-08-21,77.5,77.5
2009-08-24,77,77
2009-08-25,76.7,76.7
2009-08-26,75.4,75.4
2009-08-27,74.8,74.8
2009-08-28,74.25,74.25
2009-09-01,71.85,71.85
2009-09-02,70.8,70.8
2009-09-03,71.15,71.15
2009-09-04,69.3,69.3
2009-09-07,70.15,70.15
2009-09-08,71.4,71.4
2009-09-09,71.8,71.8
2009-09-10,71.75,71.75
2009-09-11,72.35,72.35
2009-09-14,71,71
2009-09-15,70.7,70.7
2009-09-16,71.85,71.85
2009-09-17,71.8,71.8
2009-09-18,71.1,71.1
2009-09-21,70.5,70.5
2009-09-22,71.85,71.85
2009-09-23,71.45,71.45
2009-09-24,71.35,71.35
2009-09-25,71,71
2009-09-28,72.25,72.25
2009-09-29,72.65,72.65
2009-09-30,74.15,74.15
2009-10-01,74.55,74.55
2009-10-02,73.65,73.65
2009-10-05,73.75,73.75
2009-10-06,76.15,76.15
2009-10-07,76.6,76.6
2009-10-08,76.5,76.5
2009-10-09,76.4,76.4
2009-10-12,77.5,77.5
2009-10-13,77.6,77.6
2009-10-14,76.9,76.9
2009-10-15,76.65,76.65
2009-10-16,77.3,77.3
2009-10-19,76.95,76.95
2009-10-20,77.2,77.2
2009-10-21,77.55,77.55
2009-10-22,78.55,78.55
2009-10-23,78.4,78.4
2009-10-26,77.8,77.8
2009-10-27,77.3,77.3
2009-10-28,75.9,75.9
2009-10-29,76.85,76.85
2009-10-30,76.65,76.65
2009-11-02,76.6,76.6
2009-11-03,76.45,76.45
2009-11-04,76.9,76.9
2009-11-05,76.9,76.9
2009-11-06,76.85,76.85
2009-11-09,78,78
2009-11-10,78.45,78.45
2009-11-11,79.15,79.15
2009-11-12,78.35,78.35
2009-11-13,79.1,79.1
2009-11-16,79.95,79.95
2009-11-17,79.85,79.85
2009-11-18,80.7,80.7
2009-11-19,78.8,78.8
2009-11-20,78,78
2009-11-23,78.5,78.5
2009-11-24,77.5,77.5
2009-11-25,77.9,77.9
2009-11-26,77.75,77.75
2009-11-27,77.75,77.75
2009-11-30,77.5,77.5
2009-12-01,77.8,77.8
2009-12-02,76.8,76.8
2009-12-03,76.75,76.75
2009-12-04,76.35,76.35
2009-12-07,76,76
2009-12-08,75.85,75.85
2009-12-09,76.05,76.05
2009-12-10,75.95,75.95
2009-12-11,76.1,76.1
2009-12-14,76.15,76.15
2009-12-15,77.45,77.45
2009-12-16,79.3,79.3
2009-12-17,79,79
2009-12-18,80.3,80.3
2009-12-21,80.8,80.8
2009-12-22,80.95,80.95
2009-12-23,81.65,81.65
2009-12-24,81.75,81.75
2009-12-29,83.25,83.25
2009-12-30,83.7,83.7
2009-12-31,83.6,83.6
2010-01-04,88.65,88.65
2010-01-05,93,93
2010-01-06,93.3,93.3
2010-01-07,96.65,96.65
2010-01-08,94.7,94.7
2010-01-11,92.2,92.2
2010-01-12,87.8,87.8
2010-01-13,84.4,84.4
2010-01-14,85.4,85.4
2010-01-15,86.65,86.65
2010-01-18,85.65,85.65
2010-01-19,85.15,85.15
2010-01-20,84.2,84.2
2010-01-21,84.5,84.5
2010-01-22,84.95,84.95
2010-01-25,86.25,86.25
2010-01-26,86.65,86.65
2010-01-27,86.4,86.4
2010-01-28,86,86
2010-01-29,85.7,85.7
2010-02-01,79.15,79.15
2010-02-02,78.5,78.5
2010-02-03,77.35,77.35
2010-02-04,77.2,77.2
2010-02-05,76.95,76.95
2010-02-08,75.85,75.85
2010-02-09,76.1,76.1
2010-02-10,73.9,73.9
2010-02-11,73.1,73.1
2010-02-12,73.4,73.4
2010-02-15,74.1,74.1
2010-02-16,75.1,75.1
2010-02-17,74.4,74.4
2010-02-18,74.5,74.5
2010-02-19,74.75,74.75
2010-02-22,75.25,75.25
2010-02-23,75.35,75.35
2010-02-24,75.4,75.4
2010-02-25,75.4,75.4
2010-02-26,75.6,75.6
2010-03-01,76.75,76.75
2010-03-02,75.95,75.95
2010-03-03,73.55,73.55
2010-03-04,73.5,73.5
2010-03-05,73,73
2010-03-08,71.9,71.9
2010-03-09,70.3,70.3
2010-03-10,70.9,70.9
2010-03-11,72.3,72.3
2010-03-12,72.55,72.55
2010-03-15,73.3,73.3
2010-03-16,74,74
2010-03-17,73.25,73.25
2010-03-18,73.3,73.3
2010-03-19,73.3,73.3
2010-03-22,73.4,73.4
2010-03-23,73.6,73.6
2010-03-24,73.5,73.5
2010-03-25,73.35,73.35
2010-03-26,73.35,73.35
2010-03-29,73.5,73.5
2010-03-30,74.05,74.05
2010-03-31,75.4,75.4
2010-04-01,75.5,75.5
2010-04-06,78.15,78.15
2010-04-07,77.85,77.85
2010-04-08,78.15,78.15
2010-04-09,78.65,78.65
2010-04-12,77.45,77.45
2010-04-13,76.1,76.1
2010-04-14,76.75,76.75
2010-04-15,76.35,76.35
2010-04-16,75.75,75.75
2010-04-19,76.7,76.7
2010-04-20,77.5,77.5
2010-04-21,80.55,80.55
2010-04-22,81.4,81.4
2010-04-23,80.95,80.95
2010-04-26,83.55,83.55
2010-04-27,85.3,85.3
2010-04-28,83.5,83.5
2010-04-29,84.9,84.9
2010-04-30,83.7,83.7
2010-05-04,89.15,89.15
2010-05-05,88.6,88.6
2010-05-06,91.1,91.1
2010-05-07,91.35,91.35
2010-05-10,91.6,91.6
2010-05-11,90.25,90.25
2010-05-12,88.25,88.25
2010-05-13,88.5,88.5
2010-05-14,87.9,87.9
2010-05-17,87.15,87.15
2010-05-18,88.25,88.25
2010-05-19,87.75,87.75
2010-05-20,88.25,88.25
2010-05-21,90.25,90.25
2010-05-24,92.75,92.75
2010-05-25,91,91
2010-05-26,90.15,90.15
2010-05-27,89.85,89.85
2010-05-28,89.4,89.4
2010-06-01,88.85,88.85
2010-06-02,89.65,89.65
2010-06-03,91.25,91.25
2010-06-04,92.75,92.75
2010-06-07,94.15,94.15
2010-06-08,96.9,96.9
2010-06-09,98.9,98.9
2010-06-10,97.95,97.95
2010-06-11,96.4,96.4
2010-06-14,96.75,96.75
2010-06-15,96.65,96.65
2010-06-16,96,96
2010-06-17,95.9,95.9
2010-06-18,96,96
2010-06-21,94.75,94.75
2010-06-22,94.1,94.1
2010-06-23,94.5,94.5
2010-06-24,94.5,94.5
2010-06-25,94.5,94.5
2010-06-28,93.65,93.65
2010-06-29,94,94
2010-06-30,94.4,94.4
2010-07-01,94.25,94.25
2010-07-02,93.5,93.5
2010-07-05,93.3,93.3
2010-07-06,93.45,93.45
2010-07-07,92.8,92.8
2010-07-08,93.25,93.25
2010-07-09,93.55,93.55
2010-07-12,93.05,93.05
2010-07-13,93.05,93.05
2010-07-14,93.1,93.1
2010-07-15,92.9,92.9
2010-07-16,92.75,92.75
2010-07-19,92.75,92.75
2010-07-20,92.65,92.65
2010-07-21,92.3,92.3
2010-07-22,92.45,92.45
2010-07-23,92.6,92.6
2010-07-26,92.7,92.7
2010-07-27,92.7,92.7
2010-07-28,92.6,92.6
2010-07-29,92.75,92.75
2010-07-30,92.75,92.75
2010-08-02,94.85,94.85
2010-08-03,95.3,95.3
2010-08-04,95.05,95.05
2010-08-05,94.95,94.95
2010-08-06,94.55,94.55
2010-08-09,94.25,94.25
2010-08-10,94,94
2010-08-11,92.95,92.95
2010-08-12,92.6,92.6
2010-08-13,92.4,92.4
2010-08-16,92.45,92.45
2010-08-17,92.7,92.7
2010-08-18,92.15,92.15
2010-08-19,92.25,92.25
2010-08-20,91.95,91.95
2010-08-23,92.4,92.4
2010-08-24,91.85,91.85
2010-08-25,91.5,91.5
2010-08-26,91.6,91.6
2010-08-27,91.8,91.8
2010-08-31,91.25,91.25
2010-09-01,91.15,91.15
2010-09-02,91.23,91.23
2010-09-03,91.45,91.45
2010-09-06,91.13,91.13
2010-09-07,90.68,90.68
2010-09-08,90.55,90.55
2010-09-09,90.7,90.7
2010-09-10,90.75,90.75
2010-09-13,90.93,90.93
2010-09-14,91.78,91.78
2010-09-15,91.47,91.47
2010-09-16,91.85,91.85
2010-09-17,92.18,92.18
2010-09-20,92.03,92.03
2010-09-21,92.13,92.13
2010-09-22,92.45,92.45
2010-09-23,92.95,92.95
2010-09-24,92.67,92.67
2010-09-27,95.1,95.1
2010-09-28,95.2,95.2
2010-09-29,95.9,95.9
2010-09-30,96.37,96.37
2010-10-01,96.53,96.53
2010-10-04,95.95,95.95
2010-10-05,96.2,96.2
2010-10-06,96.83,96.83
2010-10-07,96.78,96.78
2010-10-08,96.58,96.58
2010-10-11,97.28,97.28
2010-10-12,97.27,97.27
2010-10-13,98.25,98.25
2010-10-14,99.33,99.33
2010-10-15,98.35,98.35
2010-10-18,98.25,98.25
2010-10-19,100.45,100.45
2010-10-20,98.75,98.75
2010-10-21,99.1,99.1
2010-10-22,98.75,98.75
2010-10-25,99,99
2010-10-26,98.9,98.9
2010-10-27,99.25,99.25
2010-10-28,98.9,98.9
2010-10-29,98.9,98.9
2010-11-01,105.8,105.8
2010-11-02,106.2,106.2
2010-11-03,105.4,105.4
2010-11-04,104.95,104.95
2010-11-05,104.8,104.8
2010-11-08,104,104
2010-11-09,103.5,103.5
2010-11-10,104.4,104.4
2010-11-11,105.45,105.45
2010-11-12,105.55,105.55
2010-11-15,106.65,106.65
2010-11-16,105.95,105.95
2010-11-17,105.45,105.45
2010-11-18,105.6,105.6
2010-11-19,105.65,105.65
2010-11-22,106.2,106.2
2010-11-23,106,106
2010-11-24,106.75,106.75
2010-11-25,106.3,106.3
2010-11-26,106.35,106.35
2010-11-29,114.1,114.1
2010-11-30,114.35,114.35
2010-12-01,116.45,116.45
2010-12-02,117.9,117.9
2010-12-03,119.3,119.3
2010-12-06,121.1,121.1
2010-12-07,121,120.15
2010-12-08,112,118.4
2010-12-09,117.25,116.5
2010-12-10,115.85,117.15
2010-12-13,118,118
2010-12-14,117.6,117.6
2010-12-15,117.5,117.7
2010-12-16,118.75,118.25
2010-12-17,120.75,120.75
2010-12-20,120.75,121.25
2010-12-21,121.15,121.15
2010-12-22,121.4,121.4
2010-12-23,121.25,121.25
2010-12-24,121.25,121.25
2010-12-29,125,125
2010-12-30,124.15,124.15
2010-12-31,124.35,124.35
2011-01-04,130,130.1
2011-01-05,122.35,123.4
2011-01-06,126,126.4
2011-01-07,129,128.2
2011-01-10,130.5,130.15
2011-01-11,127.25,129.4
2011-01-12,129.25,128.5
2011-01-13,127.85,128
2011-01-14,122.3,127.15
2011-01-17,126.35,126.35
2011-01-18,126.75,125.85
2011-01-19,125.6,125.6
2011-01-20,124.75,125.15
2011-01-21,122.15,122.15
2011-01-24,120.75,120.75
2011-01-25,119.75,119.75
2011-01-26,119.9,119.9
2011-01-27,120.25,120.25
2011-01-28,122,122
2011-01-31,116.3,118.5
2011-02-01,118.75,119.1
2011-02-02,120,119.9
2011-02-03,121.5,122.1
2011-02-04,122.9,121.75
2011-02-07,121.75,119.15
2011-02-08,118.5,118.3
2011-02-09,118.25,117.95
2011-02-10,118.25,117.4
2011-02-11,118,117.75
2011-02-14,118,117.75
2011-02-15,118.15,118.15
2011-02-16,117.85,117.85
2011-02-17,118.05,118.05
2011-02-18,118,118
2011-02-21,118.85,118.85
2011-02-22,118.7,118.7
2011-02-23,119.6,119.1
2011-02-24,119.5,119.2
2011-02-25,119.4,119.5
2011-02-28,119.75,120.15
2011-03-01,119.5,119.7
2011-03-02,119.75,120.05
2011-03-03,121.3,121.05
2011-03-04,122.5,122.45
2011-03-07,121,124
2011-03-08,123.7,123.55
2011-03-09,123.75,123.7
2011-03-10,122.75,122.1
2011-03-11,122.9,122.65
2011-03-14,124.5,125.25
2011-03-15,124.5,126
2011-03-16,128,127.55
2011-03-17,126,126
2011-03-18,125.5,125.25
2011-03-21,126,127.15
2011-03-22,125.75,128.1
2011-03-23,129.45,129.45
2011-03-24,126.7,126.7
2011-03-25,126.5,126.5
2011-03-28,127,126.65
2011-03-29,125.85,125.7
2011-03-30,126.4,125.3
2011-03-31,127.5,127.4
2011-04-01,128.5,128.6
2011-04-04,131.5,131.2
2011-04-05,130,129
2011-04-06,128.6,129.15
2011-04-07,123,128
2011-04-08,128.5,129
2011-04-11,129.6,129.25
2011-04-12,127.75,127.9
2011-04-13,127.4,128
2011-04-14,127.4,128.25
2011-04-15,127.25,128.95
2011-04-18,127.5,127.75
2011-04-19,127.4,127.7
2011-04-20,127,127.85
2011-04-21,127.8,127.8
2011-04-26,127.8,127.8
2011-04-27,127.95,127.95
2011-04-28,128.25,128.25
2011-05-03,127.95,127.9
2011-05-04,128,127.95
2011-05-05,127.75,126
2011-05-06,125,126
2011-05-09,126,125.6
2011-05-10,124.65,124.3
2011-05-11,124.7,123.5
2011-05-12,122.1,122.1
2011-05-13,121.6,121.6
2011-05-16,123.5,121.55
2011-05-17,122.75,122.2
2011-05-18,123.15,123.15
2011-05-19,123.35,123.35
2011-05-20,123.4,123.4
2011-05-23,123,123
2011-05-24,123,123
2011-05-25,122.9,122.9
2011-05-26,121.55,121.55
2011-05-27,122.45,122.45
2011-05-31,122.15,122.15
2011-06-01,122.2,122.2
2011-06-02,121.75,121.85
2011-06-03,122.4,122.8
2011-06-06,123.5,123.55
2011-06-07,124.5,125.3
2011-06-08,124.55,124.55
2011-06-09,124.35,124.75
2011-06-10,124.2,124.25
2011-06-13,124.15,124.7
2011-06-14,124.25,124.95
2011-06-15,124.25,124.25
2011-06-16,123.1,123.1
2011-06-17,122.65,122.65
2011-06-20,122.1,122.1
2011-06-21,122.3,122.3
2011-06-22,122.35,122.35
2011-06-23,121.75,121.75
2011-06-24,121.65,121.65
2011-06-27,120.75,120.75
2011-06-28,121.8,121.8
2011-06-29,122.55,122.55
2011-06-30,122.65,122.65
2011-07-01,123.32,122.7
2011-07-04,123.3,123.3
2011-07-05,124.05,124.05
2011-07-06,123.75,123.75
2011-07-07,124.27,123.45
2011-07-08,123.25,123.25
2011-07-11,129.5,122.65
2011-07-12,122.65,122.65
2011-07-13,122.85,122.85
2011-07-14,122.9,122.9
2011-07-15,122.95,122.95
2011-07-18,122.7,122.7
2011-07-19,123.2,122.85
2011-07-20,123.1,123.1
2011-07-21,123.1,123.1
2011-07-22,123.2,123.2
2011-07-25,123.5,123.5
2011-07-26,123.65,123.65
2011-07-27,123.65,123.65
2011-07-28,123.75,123.75
2011-07-29,123.85,123.85
2011-08-01,125.6,125.6
2011-08-02,126.25,126.25
2011-08-03,126.25,126.5
2011-08-04,126.35,126.35
2011-08-05,126.15,126.15
2011-08-08,125.5,125.5
2011-08-09,124.6,124.6
2011-08-10,125.05,125.05
2011-08-11,125.35,125.35
2011-08-15,125.8,125.8
2011-08-16,125.55,125.55
2011-08-17,125.45,125.45
2011-08-18,125,125
2011-08-19,124.65,124.65
2011-08-22,124.5,124.5
2011-08-23,124.75,124.75
2011-08-24,124.85,124.85
2011-08-25,124.8,124.8
2011-08-26,124.75,124.75
2011-08-30,124.65,124.65
2011-08-31,125.8,125.8
2011-09-01,126.3,126.3
2011-09-02,126.35,126.35
2011-09-05,126.2,126.2
2011-09-06,126.15,126.15
2011-09-07,126.25,126.25
2011-09-08,126.25,125.9
2011-09-09,125.15,125.15
2011-09-12,124.5,124.5
2011-09-13,124.05,124.05
2011-09-14,123.55,123.55
2011-09-15,123.55,123.9
2011-09-16,124.15,124.15
2011-09-19,123.8,123.8
2011-09-20,123.85,123.85
2011-09-21,124,124
2011-09-22,123.8,123.8
2011-09-23,123.6,123.6
2011-09-26,123.8,123.8
2011-09-27,123.5,123.5
2011-09-28,123.75,123.75
2011-09-29,123.7,123.7
2011-09-30,122.55,122.55
2011-10-03,119.8,119.8
2011-10-04,119.8,117.85
2011-10-05,118.3,118.3
2011-10-06,118.9,118.9
2011-10-07,118.7,118.7
2011-10-10,118.85,118.85
2011-10-11,118.5,118.5
2011-10-12,118.9,118.9
2011-10-13,118,118
2011-10-14,117.85,117.85
2011-10-17,117.95,117.95
2011-10-18,116.7,116.7
2011-10-19,115.35,115.35
2011-10-20,115.35,115.65
2011-10-21,116.45,116.45
2011-10-24,117.25,117.25
2011-10-25,117.3,117.3
2011-10-26,117.3,117.3
2011-10-27,117.35,117.35
2011-10-28,117.7,117.7
2011-10-31,118,118
2011-11-01,116.2,116.2
2011-11-02,116.6,116.6
2011-11-03,117.1,117.1
2011-11-04,117.45,117.45
2011-11-07,117.8,117.8
2011-11-08,117.1,117.1
2011-11-09,116.35,116.35
2011-11-10,116,116
2011-11-11,115.75,115.75
2011-11-14,115.8,115.8
2011-11-15,115.8,115.8
2011-11-16,116,116
2011-11-17,115.6,115.6
2011-11-18,115.4,115.4
2011-11-21,115.75,115.75
2011-11-22,114.6,114.6
2011-11-23,113.95,113.95
2011-11-24,115.5,115.5
2011-11-25,115.25,115.25
2011-11-28,111.3,111.3
2011-11-29,111.05,111.05
2011-11-30,112.1,112.1
2011-12-01,112.1,112.1
2011-12-02,112.2,112.2
2011-12-05,112.1,112.1
2011-12-06,111.85,111.85
2011-12-07,111.4,111.4
2011-12-08,111.05,111.05
2011-12-09,111.2,111.2
2011-12-12,111.4,111.4
2011-12-13,111.55,111.55
2011-12-14,111.05,111.05
2011-12-15,110.75,110.75
2011-12-16,110.9,110.9
2011-12-19,110.35,110.35
2011-12-20,111.05,111.05
2011-12-21,111.05,111.05
2011-12-22,111.2,111.2
2011-12-23,111.3,111.3
2011-12-28,110.8,110.8
2011-12-29,110.35,110.35
2011-12-30,110.2,110.2
2012-01-03,109.35,109.35
2012-01-04,109.55,109.55
2012-01-05,110.1,110.1
2012-01-06,110.2,110.2
2012-01-09,109.35,109.35
2012-01-10,108.85,108.85
2012-01-11,108.15,108.15
2012-01-12,107.75,107.75
2012-01-13,105.95,105.95
2012-01-16,103.7,103.7
2012-01-17,104.3,104.3
2012-01-18,105.65,105.65
2012-01-19,106.25,106.25
2012-01-20,106.35,106.35
2012-01-23,106.15,106.15
2012-01-24,106.1,106.1
2012-01-25,106.15,106.15
2012-01-26,106.1,106.1
2012-01-27,105.8,105.8
2012-01-30,105.5,105.5
2012-01-31,104.75,102.85
2012-02-01,101.05,101.05
2012-02-02,104.5,101.55
2012-02-03,101.2,101.2
2012-02-06,100.75,100.75
2012-02-07,99.85,99.85
2012-02-08,98.95,98.95
2012-02-09,98.95,98.95
2012-02-10,98.25,98.25
2012-02-13,98.1,98.1
2012-02-14,98.7,98.7
2012-02-15,98.6,98.6
2012-02-16,98.9,98.9
2012-02-17,99.15,99.15
2012-02-20,99.4,99.4
2012-02-21,99.35,99.35
2012-02-22,99.45,99.45
2012-02-23,99.5,99.5
2012-02-24,99.4,99.4
2012-02-27,105.55,100.75
2012-02-28,99.15,99.15
2012-02-29,97.65,97.65
2012-03-01,97.75,96.95
2012-03-02,96.55,96.55
2012-03-05,96.75,96.75
2012-03-06,96.75,96.75
2012-03-07,97.4,97.4
2012-03-08,98.15,98.15
2012-03-09,97.65,97.65
2012-03-12,97.25,97.25
2012-03-13,97.3,97.3
2012-03-14,96.7,96.7
2012-03-15,96.6,96.6
2012-03-16,96.7,96.7
2012-03-19,97.05,97.05
2012-03-20,96.9,96.9
2012-03-21,97,97
2012-03-22,96.85,96.85
2012-03-23,96.65,96.65
2012-03-26,96.65,96.65
2012-03-27,97.1,97.1
2012-03-28,97.35,97.35
2012-03-29,98.3,98.3
2012-03-30,99,99
2012-04-02,101.3,101.3
2012-04-03,99.8,99.8
2012-04-04,98.35,98.35
2012-04-05,98.4,98.4
2012-04-10,97.75,97.75
2012-04-11,97.1,97.1
2012-04-12,96.9,96.9
2012-04-13,97.5,97.5
2012-04-16,96.85,96.85
2012-04-17,96.7,96.7
2012-04-18,96.6,96.6
2012-04-19,96.2,96.2
2012-04-20,96.5,96.5
2012-04-23,96.4,96.4
2012-04-24,96.5,96.5
2012-04-25,96.35,96.35
2012-04-26,96.35,96.35
2012-04-27,96.25,96.25
2012-04-30,91.15,91.15
2012-05-01,89.3,89.3
2012-05-02,88.65,88.65
2012-05-03,89.25,89.25
2012-05-04,88.9,88.9
2012-05-08,87.15,87.15
2012-05-09,87.75,87.75
2012-05-10,87.9,87.9
2012-05-11,88.3,88.3
2012-05-14,87.85,87.85
2012-05-15,87.8,87.8
2012-05-16,87.25,87.25
2012-05-17,87.2,87.2
2012-05-18,86.8,86.8
2012-05-21,86.4,86.4
2012-05-22,85.65,85.65
2012-05-23,85.3,85.3
2012-05-24,85.3,85.3
2012-05-25,86.65,86.65
2012-05-28,87.8,87.8
2012-05-29,88.7,88.7
2012-05-30,89.15,89.15
2012-05-31,88.4,88.4
2012-06-01,88.2,88.2
2012-06-06,87.35,87.35
2012-06-07,87,87
2012-06-08,86.75,86.75
2012-06-11,86,86
2012-06-12,85.35,85.35
2012-06-13,85.65,85.65
2012-06-14,85.6,85.6
2012-06-15,85.25,85.25
2012-06-18,85.85,85.85
2012-06-19,85.9,85.9
2012-06-20,86.25,86.25
2012-06-21,86.1,86.1
2012-06-22,86.75,86.75
2012-06-25,86.7,86.7
2012-06-26,86.7,86.7
2012-06-27,86.9,86.9
2012-06-28,86.8,86.8
2012-06-29,86.7,86.7
2012-07-02,90.05,90.05
2012-07-03,90.4,90.4
2012-07-04,90.3,90.3
2012-07-05,89.65,89.65
2012-07-06,89.6,89.6
2012-07-09,89.3,89.3
2012-07-10,88.75,88.75
2012-07-11,88.45,88.45
2012-07-12,87.8,87.8
2012-07-13,88.2,88.2
2012-07-16,88.3,88.3
2012-07-17,88.7,88.7
2012-07-18,89.1,89.1
2012-07-19,89.05,89.05
2012-07-20,88.85,88.85
2012-07-23,87.65,87.65
2012-07-24,88.85,88.85
2012-07-25,89,89
2012-07-26,89.1,89.1
2012-07-27,90.4,90.4
2012-07-30,92.45,92.45
2012-07-31,94.3,94.3
2012-08-01,94.6,94.6
2012-08-02,93.55,93.55
2012-08-03,94.2,94.2
2012-08-06,95,95
2012-08-07,95.35,95.35
2012-08-08,95.8,95.8
2012-08-09,95.65,95.65
2012-08-10,95.4,95.4
2012-08-13,95.9,95.9
2012-08-14,95.6,95.6
2012-08-15,94.45,94.45
2012-08-16,94.3,94.3
2012-08-17,94.25,94.25
2012-08-20,94.1,94.1
2012-08-21,94.35,94.35
2012-08-22,94.15,94.15
2012-08-23,93.9,93.9
2012-08-24,94,94
2012-08-28,93.9,93.9
2012-08-29,93.9,93.9
2012-08-30,93.9,93.9
2012-08-31,93.9,93.9
2012-09-03,93.05,93.05
2012-09-04,92.6,92.6
2012-09-05,92.35,92.35
2012-09-06,92.3,92.3
2012-09-07,92.25,92.25
2012-09-10,91.55,91.55
2012-09-11,90.8,90.8
2012-09-12,90.2,90.2
2012-09-13,89.65,89.65
2012-09-14,90,90
2012-09-17,89.9,89.9
2012-09-18,89.7,89.7
2012-09-19,89.9,89.9
2012-09-20,89.7,89.7
2012-09-21,89.7,89.7
2012-09-24,89.5,89.5
2012-09-25,89.5,89.5
2012-09-26,89.5,89.5
2012-09-27,89.5,89.5
2012-09-28,89.5,89.5
2012-10-01,87.05,87.05
2012-10-02,87.2,87.2
2012-10-03,87,87
2012-10-04,87.55,87.55
2012-10-05,88.05,88.05
2012-10-08,88.15,88.15
2012-10-09,88.05,88.05
2012-10-10,87.45,87.45
2012-10-11,86.9,86.9
2012-10-12,86.3,86.3
2012-10-15,85.35,85.35
2012-10-16,86,86
2012-10-17,86.7,86.7
2012-10-18,86.65,86.65
2012-10-19,86.8,86.8
2012-10-22,86.8,86.8
2012-10-23,86.75,86.75
2012-10-24,86.65,86.65
2012-10-25,86.65,86.65
2012-10-26,86.6,86.6
2012-10-29,84.8,84.8
2012-10-30,85.4,85.4
2012-10-31,85.5,85.5
2012-11-01,85.85,85.85
2012-11-02,86.1,86.1
2012-11-05,86.85,86.85
2012-11-06,87.85,87.85
2012-11-07,87.3,87.3
2012-11-08,87.9,87.9
2012-11-09,87.95,87.95
2012-11-12,88.55,88.55
2012-11-13,88.4,88.4
2012-11-14,88.4,88.4
2012-11-15,89.15,89.15
2012-11-16,89.55,89.55
2012-11-19,89.35,89.35
2012-11-20,89.15,89.15
2012-11-21,88.9,88.9
2012-11-22,89.2,89.2
2012-11-23,89.35,89.35
2012-11-26,89.35,89.35
2012-11-27,89.5,89.5
2012-11-28,89.5,89.5
2012-11-29,89.5,89.5
2012-11-30,89.5,89.5
2012-12-03,93.1,93.1
2012-12-04,92.65,92.65
2012-12-05,92,92
2012-12-06,91.05,91.05
2012-12-07,90.45,90.45
2012-12-10,90.05,90.05
2012-12-11,89.4,89.4
2012-12-12,88.5,88.5
2012-12-13,88.85,88.85
2012-12-14,89.85,89.85
2012-12-17,90.25,90.25
2012-12-18,90.65,90.65
2012-12-19,90.85,90.85
2012-12-20,90.45,90.45
2012-12-21,90.2,90.2
2012-12-24,90.35,90.35
2012-12-26,90.35,90.35
2012-12-27,90.35,90.35
2012-12-28,90.05,90.05
2012-12-31,89.95,89.95
2013-01-02,89.7,89.7
2013-01-03,88.6,88.6
2013-01-04,88.5,88.5
2013-01-07,88.45,87.35
2013-01-08,86.7,86.7
2013-01-09,86.7,86.7
2013-01-10,86.55,86.55
2013-01-11,86.45,86.45
2013-01-14,86.15,86.15
2013-01-15,86.05,86.05
2013-01-16,86.05,86.05
2013-01-17,86.55,86.55
2013-01-18,87.23,86.45
2013-01-21,86.2,86.2
2013-01-22,86.15,86.15
2013-01-23,86.05,86.05
2013-01-24,86.15,86.15
2013-01-25,86.2,86.2
2013-01-28,87.75,87.75
2013-01-29,87.15,87.15
2013-01-30,86.9,86.9
2013-01-31,86.05,86.05
2013-02-01,86.25,86.25
2013-02-04,86.2,86.2
2013-02-05,86.65,86.65
2013-02-06,86.7,86.7
2013-02-07,87.05,87.05
2013-02-08,88.65,88.65
2013-02-11,87.9,87.9
2013-02-12,87.6,87.6
2013-02-13,87.55,87.55
2013-02-14,87.4,87.4
2013-02-15,87.3,87.3
2013-02-18,87.2,87.2
2013-02-19,87.6,87.6
2013-02-20,87.65,87.65
2013-02-21,87.6,87.6
2013-02-22,87.65,87.65
2013-02-25,89.35,89.35
2013-02-26,89.45,89.45
2013-02-27,89.25,89.25
2013-02-28,90.6,90.6
2013-03-01,89.95,89.95
2013-03-04,88.5,88.5
2013-03-05,88.1,88.1
2013-03-06,87.6,87.6
2013-03-07,87.95,87.95
2013-03-08,87.75,87.75
2013-03-11,87.7,87.7
2013-03-12,87.9,87.9
2013-03-13,87.3,87.3
2013-03-14,87.1,87.1
2013-03-15,86.9,86.9
2013-03-18,86.5,86.5
2013-03-19,85.65,85.65
2013-03-20,85.55,85.55
2013-03-21,85.35,85.35
2013-03-22,85.5,85.5
2013-03-25,85.3,85.3
2013-03-26,85.4,85.4
2013-03-27,85.15,85.15
2013-03-28,85.4,85.4
2013-04-02,78.25,78.25
2013-04-03,80.1,80.1
2013-04-04,80.9,80.9
2013-04-05,81.5,81.5
2013-04-08,81.5,81.5
2013-04-09,80.55,80.55
2013-04-10,80.95,80.95
2013-04-11,81.6,81.6
2013-04-12,82.2,82.2
2013-04-15,81.75,81.75
2013-04-16,82.25,82.25
2013-04-17,81.65,81.65
2013-04-18,81.65,81.65
2013-04-19,82.1,82.1
2013-04-22,82.3,82.3
2013-04-23,82.65,82.65
2013-04-24,82.4,82.4
2013-04-25,82.5,82.5
2013-04-26,82.25,82.25
2013-04-29,84.9,84.9
2013-04-30,83.95,83.95
2013-05-01,83.1,83.1
2013-05-02,83.3,83.3
2013-05-03,83.9,83.9
2013-05-07,83.75,83.75
2013-05-08,83.75,83.75
2013-05-09,83.8,83.8
2013-05-10,83.3,83.3
2013-05-13,82.55,82.55
2013-05-14,82.75,82.75
2013-05-15,82.7,82.7
2013-05-16,82.3,82.3
2013-05-17,81.95,81.95
2013-05-20,82,82
2013-05-21,82.15,82.15
2013-05-22,82.05,82.05
2013-05-23,82.1,82.1
2013-05-24,82.1,82.1
2013-05-28,82,82
2013-05-29,82.1,82.1
2013-05-30,82.05,82.05
2013-05-31,82.05,82.05
2013-06-03,78.3,78.3
2013-06-04,77.7,77.7
2013-06-05,77.7,77.7
2013-06-06,77.3,77.3
2013-06-07,77.15,77.15
2013-06-10,76.4,76.4
2013-06-11,75.4,75.4
2013-06-12,75.25,75.25
2013-06-13,74.5,74.5
2013-06-14,74.25,74.25
2013-06-17,74.15,74.15
2013-06-18,74.4,74.4
2013-06-19,74.55,74.55
2013-06-20,74.65,74.65
2013-06-21,74.5,74.5
2013-06-24,74.4,74.4
2013-06-25,74.65,74.65
2013-06-26,74.5,74.5
2013-06-27,74.55,74.55
2013-06-28,74.55,74.55
2013-07-01,73.7,73.7
2013-07-02,73.55,73.55
2013-07-03,74,74
2013-07-04,73.95,73.95
2013-07-05,74.95,74.95
2013-07-08,74.8,74.8
2013-07-09,74.85,74.85
2013-07-10,74.6,74.6
2013-07-11,74.9,74.9
2013-07-12,74.6,74.6
2013-07-15,74.9,74.9
2013-07-16,75.1,75.1
2013-07-17,75.05,75.05
2013-07-18,74.85,74.85
2013-07-19,74.6,74.6
2013-07-22,74.4,74.4
2013-07-23,74.9,74.9
2013-07-24,74.9,74.9
2013-07-25,75,75
2013-07-26,74.9,74.9
2013-07-29,77.65,77.65
2013-07-30,77.55,77.55
2013-07-31,76.35,76.35
2013-08-01,76.15,76.15
2013-08-02,75.55,75.55
2013-08-05,75.2,75.2
2013-08-06,75.1,75.1
2013-08-07,75.15,75.15
2013-08-08,75.1,75.1
2013-08-09,75.4,75.4
2013-08-12,75.3,75.3
2013-08-13,75.4,75.4
2013-08-14,75.5,75.5
2013-08-15,75.45,75.45
2013-08-16,75.55,75.55
2013-08-19,75.5,75.5
2013-08-20,75.45,75.45
2013-08-21,75.45,75.45
2013-08-22,75.65,75.65
2013-08-23,75.8,75.8
2013-08-26,75.8,75.8
2013-08-27,75.55,75.55
2013-08-28,75.4,75.4
2013-08-29,75.6,75.6
2013-08-30,75.6,75.6
2013-09-02,76.45,76.45
2013-09-03,76.4,76.4
2013-09-04,76.4,76.4
2013-09-05,76.7,76.7
2013-09-06,76.1,76.1
2013-09-09,76.35,76.35
2013-09-10,76.25,76.25
2013-09-11,76.45,76.45
2013-09-12,76.7,76.7
2013-09-13,77,77
2013-09-16,76.9,76.9
2013-09-17,77.7,77.7
2013-09-18,78.15,78.15
2013-09-19,78,78
2013-09-20,77.7,77.7
2013-09-23,78.3,78.3
2013-09-24,78.5,78.3
2013-09-25,78.45,78.45
2013-09-26,78.45,78.45
2013-09-27,78.3,78.3
2013-09-30,82.6,82.6
2013-10-01,81.6,81.6
2013-10-02,82.55,82.55
2013-10-03,82.4,82.4
2013-10-04,82.9,82.9
2013-10-07,83.05,83.05
2013-10-08,82.8,82.8
2013-10-09,80.62,80.62
2013-10-10,82.8,82.8
2013-10-11,82.4,82.4
2013-10-14,82.5,82.5
2013-10-15,82.4,82.4
2013-10-16,82.8,82.8
2013-10-17,83.45,83.45
2013-10-18,83.7,83.7
2013-10-21,83.8,83.8
2013-10-22,83.8,83.8
2013-10-23,83.75,83.75
2013-10-24,83.9,83.9
2013-10-25,83.95,83.95
2013-10-28,86.4,86.4
2013-10-29,86.15,86.25
2013-10-30,85.75,85.75
2013-10-31,83.4,83.75
2013-11-01,83.1,83.1
2013-11-04,83,83.05
2013-11-05,83.25,83.25
2013-11-06,83.9,84
2013-11-07,84.35,84.35
2013-11-08,84.05,84.05
2013-11-11,84.1,84.1
2013-11-12,83.25,83.25
2013-11-13,83.15,83.15
2013-11-14,83.4,83.4
2013-11-15,83.8,83.8
2013-11-18,83.75,83.75
2013-11-19,83.85,83.85
2013-11-20,84.5,84.5
2013-11-21,84.4,84.4
2013-11-22,84.4,84.4
2013-11-25,84.05,84.05
2013-11-26,84.45,84.45
2013-11-27,84.35,84.35
2013-11-28,84.5,84.5
2013-11-29,84.4,84.4
2013-12-02,82.25,82.25
2013-12-03,82.25,82.25
2013-12-04,81.95,81.95
2013-12-05,82.6,82.6
2013-12-06,83.35,83.35
2013-12-09,83.65,83.65
2013-12-10,84.6,84.6
2013-12-11,85.15,85.15
2013-12-12,85.8,85.8
2013-12-13,85.9,85.9
2013-12-16,85.45,85.45
2013-12-17,85.3,85.3
2013-12-18,85.2,85.2
2013-12-19,84.95,84.95
2013-12-20,85,85
2013-12-23,84.9,84.9
2013-12-24,84.9,84.9
2013-12-26,84.9,84.9
2013-12-27,85.05,85.05
2013-12-30,81,81
2013-12-31,80.93,80.93
2014-01-02,80.22,80.22
2014-01-03,79.08,79.08
2014-01-06,79.2,79.2
2014-01-07,79.12,79.12
2014-01-08,81.32,81.32
2014-01-09,83.28,83.28
2014-01-10,82.57,82.57
2014-01-13,82.88,82.88
2014-01-14,82.6,82.75
2014-01-15,83.75,83.75
2014-01-16,84.07,84.07
2014-01-17,83.98,83.98
2014-01-20,83.4,83.4
2014-01-21,82.78,82.78
2014-01-22,81.63,81.63
2014-01-23,81.7,81.7
2014-01-24,82.1,82.27
2014-01-27,82.28,82.28
2014-01-28,82.4,82.4
2014-01-29,81.75,81.75
2014-01-30,81.7,81.7
2014-01-31,80.63,80.63
2014-02-03,79.65,79.65
2014-02-04,79.45,79.45
2014-02-05,79.55,80.15
2014-02-06,80.05,80.05
2014-02-07,79.4,79.4
2014-02-10,79.05,79.05
2014-02-11,79.3,79.3
2014-02-12,79.4,79.4
2014-02-13,79.15,79.15
2014-02-14,79.3,79.3
2014-02-17,78.8,78.8
2014-02-18,78.65,78.65
2014-02-19,77.8,77.8
2014-02-20,77.55,77.55
2014-02-21,77.4,77.4
2014-02-24,77.15,77.15
2014-02-25,77.1,77.1
2014-02-26,77.1,77.1
2014-02-27,77.1,77.1
2014-02-28,77.1,77.1
2014-03-03,74.3,74.3
2014-03-04,73.25,73.25
2014-03-05,73.15,73.15
2014-03-06,73.75,73.75
2014-03-07,73.7,73.7
2014-03-10,73.6,73.6
2014-03-11,74.75,74.75
2014-03-12,75.35,75.35
2014-03-13,75.45,75.45
2014-03-14,75.65,75.65
2014-03-17,75.9,75.9
2014-03-18,75.5,75.5
2014-03-19,75.4,75.4
2014-03-20,75.2,75.2
2014-03-21,75.4,75.4
2014-03-24,75.35,75.35
2014-03-25,75.1,75.1
2014-03-26,75.1,75.1
2014-03-27,75.1,75.1
2014-03-28,75.2,75.2
2014-03-31,76.7,77.55
2014-04-01,76.25,76.2
2014-04-02,75.2,75.2
2014-04-03,75.15,75.15
2014-04-04,74.75,74.75
2014-04-07,75.28,75.28
2014-04-08,74.8,74.8
2014-04-09,74.83,74.83
2014-04-10,75.57,75.57
2014-04-11,75.68,75.68
2014-04-14,76.05,76.05
2014-04-15,76.78,76.78
2014-04-16,77.18,77.18
2014-04-17,76.47,76.47
2014-04-22,75.78,75.78
2014-04-23,76.02,76.02
2014-04-24,76.15,76.15
2014-04-25,76.35,76.35
2014-04-28,76.65,76.65
2014-04-29,76.15,76.15
2014-04-30,75.05,75.05
2014-05-01,74.9,74.9
2014-05-02,75,75
2014-05-06,75.3,75.3
2014-05-07,74.85,74.85
2014-05-08,75.15,75.15
2014-05-09,75.25,75.25
2014-05-12,75,75
2014-05-13,75.1,75.1
2014-05-14,75.3,75.3
2014-05-15,75.3,75.3
2014-05-16,75.25,75.25
2014-05-19,75.1,75.1
2014-05-20,74.9,74.9
2014-05-21,74.95,74.95
2014-05-22,75.1,75.1
2014-05-23,75,75
2014-05-27,74.8,74.8
2014-05-28,74.8,74.8
2014-05-29,74.8,74.8
2014-05-30,74.75,74.75
2014-06-02,74.3,74.2
2014-06-03,74.15,74.15
2014-06-04,73.9,73.9
2014-06-05,72.95,72.95
2014-06-06,72.75,72.75
2014-06-09,72.75,72.75
2014-06-10,72.7,72.7
2014-06-11,72.6,72.6
2014-06-12,72.6,72.6
2014-06-13,72.9,72.9
2014-06-16,73.05,73.05
2014-06-17,72.8,72.8
2014-06-18,72.55,72.55
2014-06-19,72.65,72.65
2014-06-20,72.5,72.5
2014-06-23,72.4,72.4
2014-06-24,72.25,72.25
2014-06-25,72.4,72.4
2014-06-26,72.35,72.35
2014-06-27,72.35,72.35
2014-06-30,73.25,73.62
2014-07-01,73.75,73.75
2014-07-02,73.55,73.48
2014-07-03,73.12,73.12
2014-07-04,73.18,73.18
2014-07-07,73.35,73.35
2014-07-08,73.32,73.32
2014-07-09,73.02,73.02
2014-07-10,72.98,72.98
2014-07-11,72.97,72.97
2014-07-14,73.45,73.45
2014-07-15,73.38,73.38
2014-07-16,73.3,73.3
2014-07-17,73.7,73.7
2014-07-18,73.73,73.73
2014-07-21,74.17,74.17
2014-07-22,75.1,75.1
2014-07-23,75.35,75.35
2014-07-24,75.45,75.45
2014-07-25,75.9,75.9
2014-07-28,78.45,78.45
2014-07-29,77.45,77.45
2014-07-30,76.45,76.45
2014-07-31,76.3,76.3
2014-08-01,76.3,76.3
2014-08-04,76.6,76.6
2014-08-05,77,77
2014-08-06,77.25,77.25
2014-08-07,77.85,77.85
2014-08-08,78.25,78.25
2014-08-11,77.55,77.55
2014-08-12,77.4,77.4
2014-08-13,77.45,77.45
2014-08-14,76.85,76.85
2014-08-15,77.65,77.65
2014-08-18,76.85,76.85
2014-08-19,76.75,76.75
2014-08-20,76.9,76.9
2014-08-21,77,77
2014-08-22,76.9,76.9
2014-08-26,77,77
2014-08-27,77,77
2014-08-28,77,77
2014-08-29,76.95,76.95
2014-09-01,77.15,77.15
2014-09-02,76.55,76.55
2014-09-03,76.15,76.15
2014-09-04,75.6,75.6
2014-09-05,75.2,75.2
2014-09-08,75.9,75.9
2014-09-09,75.2,75.2
2014-09-10,75.35,75.35
2014-09-11,75.5,75.5
2014-09-12,75.75,75.75
2014-09-15,75.55,75.55
2014-09-16,75.25,75.25
2014-09-17,75.25,75.25
2014-09-18,75.2,75.2
2014-09-19,75.1,75.1
2014-09-22,75.05,75.05
2014-09-23,75.05,75.05
2014-09-24,75,75
2014-09-25,75,75
2014-09-26,75,75
2014-09-29,72.35,72.15
2014-09-30,71.9,72.27
2014-10-01,72.62,72.62
2014-10-02,73.3,73.17
2014-10-03,72.85,72.3
2014-10-06,72.07,72.07
2014-10-07,72.25,72.3
2014-10-08,72.48,72.48
2014-10-09,72.22,72.22
2014-10-10,71.82,71.82
2014-10-13,71.55,71.55
2014-10-14,71.3,71.33
2014-10-15,71.7,71.7
2014-10-16,71.27,71.27
2014-10-17,71.4,71.22
2014-10-20,71.32,71.32
2014-10-21,71.67,71.67
2014-10-22,72.88,72.88
2014-10-23,73.2,73.2
2014-10-24,73.25,73.25
2014-10-27,73.35,73.35
2014-10-28,73.12,73.12
2014-10-29,73.22,73.22
2014-10-30,72.67,72.67
2014-10-31,72.27,72.27
2014-11-03,72,72
2014-11-04,71.55,71.55
2014-11-05,71.55,71.55
2014-11-06,71.25,71.25
2014-11-07,71.9,71.9
2014-11-10,73.05,73.05
2014-11-11,73.65,73.65
2014-11-12,73.4,73.4
2014-11-13,73.65,73.65
2014-11-14,73.4,73.4
2014-11-17,73.9,73.9
2014-11-18,74.15,74.15
2014-11-19,73.95,73.95
2014-11-20,73.9,73.9
2014-11-21,74.05,74.05
2014-11-24,73.95,73.95
2014-11-25,74.05,74.05
2014-11-26,74.05,74.05
2014-11-27,74.05,74.05
2014-11-28,73.9,73.9
2014-12-01,73,73.15
2014-12-02,72.6,72.6
2014-12-03,72.2,72.2
2014-12-04,72.15,72.15
2014-12-05,72,72
2014-12-08,71.7,71.7
2014-12-09,71.8,71.8
2014-12-10,71.65,71.65
2014-12-11,71.85,71.85
2014-12-12,71.5,71.5
2014-12-15,71.55,71.55
2014-12-16,71.3,71.3
2014-12-17,71.25,71.25
2014-12-18,71.3,71.3
2014-12-19,71.25,71.25
2014-12-22,71.3,71.3
2014-12-23,71.15,71.15
2014-12-24,71.1,71.1
2014-12-29,66.5,66.5
2014-12-31,66.15,66.15
2015-01-02,64.8,64.8
2015-01-05,62.73,62.73
2015-01-06,61.45,61.45
2015-01-07,59.37,59.37
2015-01-08,59,59
2015-01-09,58.27,58.27
2015-01-12,57.23,57.23
2015-01-13,58.12,58.12
2015-01-14,56.78,56.78
2015-01-15,55.42,55.42
2015-01-16,55.03,55.03
2015-01-19,55.62,55.62
2015-01-20,55.62,55.62
2015-01-21,57.58,57.58
2015-01-22,57.3,57.3
2015-01-23,56.7,56.7
2015-01-26,56.85,56.85
2015-01-27,57.78,57.78
2015-01-28,58.57,58.57
2015-01-29,57.92,57.92
2015-01-30,57.86,57.86
2015-02-02,57.7,57.7
2015-02-03,58.6,58.6
2015-02-04,58.75,58.75
2015-02-05,60.8,60.8
2015-02-06,61.25,61.25
2015-02-09,61.75,61.75
2015-02-10,61.65,61.65
2015-02-11,62.15,62.15
2015-02-12,62.75,62.75
2015-02-13,62.45,62.45
2015-02-16,62.55,62.55
2015-02-17,62.45,62.45
2015-02-18,62.45,62.45
2015-02-19,62,62
2015-02-20,62.25,62.25
2015-02-23,62.05,62.05
2015-02-24,61.75,61.75
2015-02-25,61.6,61.6
2015-02-26,61.8,61.8
2015-02-27,61.8,61.8
2015-03-02,63.35,63.1
2015-03-03,62.35,62.35
2015-03-04,62.8,62.8
2015-03-05,62.6,62.6
2015-03-06,61.65,61.65
2015-03-09,61.95,61.95
2015-03-10,61.9,61.9
2015-03-11,62.1,62.1
2015-03-12,62.1,62.1
2015-03-13,61.95,61.95
2015-03-16,61.5,61.5
2015-03-17,61.35,61.35
2015-03-18,61.45,61.45
2015-03-19,61,61
2015-03-20,60.95,60.95
2015-03-23,60.9,60.9
2015-03-24,60.9,60.9
2015-03-25,61,61
2015-03-26,60.9,60.9
2015-03-27,61.05,61.05
2015-03-30,58.55,58.55
2015-03-31,58.28,58.28
2015-04-01,57.9,57.9
2015-04-02,57.65,57.65
2015-04-07,56.73,56.73
2015-04-08,56.55,56.55
2015-04-09,57,57.75
2015-04-10,58.3,58.3
2015-04-13,59,59
2015-04-14,59.2,59.2
2015-04-15,59.28,59.28
2015-04-16,59.85,59.85
2015-04-17,59.55,59.55
2015-04-20,59.3,59.3
2015-04-21,59.15,59.15
2015-04-22,58.55,58.55
2015-04-23,58.62,58.62
2015-04-24,58.98,58.98
2015-04-27,59.4,59.4
2015-04-28,59.4,59.4
2015-04-29,59.95,59.95
2015-04-30,59.7,59.8
2015-05-01,59.9,59.9
2015-05-05,60.15,60.15
2015-05-06,60,60
2015-05-07,59.65,59.65
2015-05-08,59.55,59.55
2015-05-11,59.5,59.5
2015-05-12,59.35,59.35
2015-05-13,59.35,59.35
2015-05-14,59.15,59.15
2015-05-15,59.05,59.05
2015-05-18,59.05,59.05
2015-05-19,58.9,58.9
2015-05-20,58.9,58.9
2015-05-21,58.75,58.75
2015-05-22,58.75,58.75
2015-05-26,58.75,58.75
2015-05-27,58.8,58.8
2015-05-28,58.8,58.8
2015-05-29,58.85,58.85
2015-06-01,57.65,57.65
2015-06-02,58.2,58.2
2015-06-03,57.4,57.4
2015-06-04,56.9,56.9
2015-06-05,56.8,56.8
2015-06-08,56.8,56.8
2015-06-09,56.75,56.75
2015-06-10,56.8,56.8
2015-06-11,57.3,57.3
2015-06-12,57.75,57.75
2015-06-15,57.9,57.9
2015-06-16,57.85,57.85
2015-06-17,58,58
2015-06-18,58,58
2015-06-19,58,58
2015-06-22,58.3,58.3
2015-06-23,58.15,58.15
2015-06-24,58.1,58.1
2015-06-25,58.2,58.2
2015-06-26,58.2,58.2
2015-06-29,59.25,59.3
2015-06-30,60.1,60.25
2015-07-01,59.75,59.75
2015-07-02,59.5,59.5
2015-07-03,58.95,58.95
2015-07-06,58.4,58.4
2015-07-07,58.03,58.03
2015-07-08,58.27,58.27
2015-07-09,58.45,58.45
2015-07-10,58.68,58.68
2015-07-13,58.5,58.5
2015-07-14,58.65,58.55
2015-07-15,58.3,58.3
2015-07-16,58.25,58.25
2015-07-17,58.15,58.15
2015-07-20,58.38,58.38
2015-07-21,58.58,58.58
2015-07-22,58.4,58.4
2015-07-23,58.2,58.2
2015-07-24,58.25,58.25
2015-07-27,58.1,58.1
2015-07-28,57.9,57.9
2015-07-29,57.75,57.75
2015-07-30,57.85,57.85
2015-07-31,57.32,57.32
2015-08-03,56.4,56.4
2015-08-04,57.05,57.05
2015-08-05,56.8,57.5
2015-08-06,57.85,57.85
2015-08-07,57.15,57.15
2015-08-10,57.4,57.4
2015-08-11,56.4,56.4
2015-08-12,56.4,56.4
2015-08-13,56.55,56.55
2015-08-14,56.3,56.3
2015-08-17,56.3,56.3
2015-08-18,56.05,56.05
2015-08-19,55.95,55.95
2015-08-20,55.95,55.95
2015-08-21,55.9,55.9
2015-08-24,55.8,55.8
2015-08-25,55.8,55.8
2015-08-26,55.8,55.8
2015-08-27,55.8,55.8
2015-08-28,55.8,55.8
2015-08-31,54.95,54.95
2015-09-01,55.25,54.95
2015-09-02,54.85,54.85
2015-09-03,55.15,55.15
2015-09-04,54.55,54.55
2015-09-07,53.65,53.65
2015-09-08,53.9,53.9
2015-09-09,53.6,53.6
2015-09-10,53.8,53.8
2015-09-11,53.85,53.85
2015-09-14,53.65,53.65
2015-09-15,53.55,53.55
2015-09-16,54.15,54.15
2015-09-17,54.15,54.15
2015-09-18,54.1,54.1
2015-09-21,54,54
2015-09-22,53.9,53.9
2015-09-23,53.9,53.9
2015-09-24,53.85,53.85
2015-09-25,53.85,53.85
2015-09-28,51.4,51.2
2015-09-29,51.25,51.25
2015-09-30,51.6,50.58
2015-10-01,50.1,50.1
2015-10-02,50.15,50.15
2015-10-05,51.13,51.13
2015-10-06,51.9,51.9
2015-10-07,51.38,51.38
2015-10-08,51.18,51.18
2015-10-09,51.52,51.52
2015-10-12,51.08,51.08
2015-10-13,50.77,50.77
2015-10-14,50.47,50.47
2015-10-15,51.75,51.75
2015-10-16,50.85,50.85
2015-10-19,50.75,50.75
2015-10-20,50.85,50.85
2015-10-21,50.83,50.83
2015-10-22,50.9,50.9
2015-10-23,51.15,51.15
2015-10-26,51.7,51.7
2015-10-27,52.65,52.65
2015-10-28,52.55,52.55
2015-10-29,52.5,52.5
2015-10-30,52.47,52.47
2015-11-02,53.2,53.2
2015-11-03,53.6,53.6
2015-11-04,53.15,53.15
2015-11-05,53.15,53.15
2015-11-06,53.3,53.3
2015-11-09,53,53
2015-11-10,53.25,53.25
2015-11-11,53.5,53.5
2015-11-12,53.45,53.45
2015-11-13,53.45,53.45
2015-11-16,53.95,53.95
2015-11-17,54.45,54.45
2015-11-18,54.6,54.6
2015-11-19,54.55,54.55
2015-11-20,54.35,54.35
2015-11-23,54,54
2015-11-24,53.95,53.95
2015-11-25,53.95,53.95
2015-11-26,53.85,53.85
2015-11-27,53.85,53.85
2015-11-30,49.95,49.95
2015-12-01,49.7,49.7
2015-12-02,49.1,49.1
2015-12-03,48.95,48.95
2015-12-04,48.55,48.55
2015-12-07,47.75,47.75
2015-12-08,47.4,47.4
2015-12-09,47.45,47.45
2015-12-10,47.4,47.4
2015-12-11,47.35,47.35
2015-12-14,47.65,47.65
2015-12-15,47.7,47.7
2015-12-16,47.75,47.75
2015-12-17,47.75,47.75
2015-12-18,47.8,47.8
2015-12-21,47.6,47.6
2015-12-22,47.6,47.6
2015-12-23,47.8,47.8
2015-12-24,47.8,47.8
2015-12-29,47.9,47.9
2015-12-30,48.05,48.05
2015-12-31,48.05,48.05
2016-01-04,46.37,46.37
2016-01-05,46.47,46.47
2016-01-06,47.25,47.25
2016-01-08,46,46
2016-01-11,45.58,45.58
2016-01-12,45.05,45.05
2016-01-13,44.58,44.58
2016-01-14,45.7,45.7
2016-01-15,43.87,43.87
2016-01-18,43.88,43.88
2016-01-19,44.23,44.23
2016-01-20,44.62,44.62
2016-01-21,45.13,45.13
2016-01-22,45.35,45.35
2016-01-25,44.88,44.88
2016-01-26,44.93,44.93
2016-01-27,45.35,45.35
2016-01-28,45.23,45.23
2016-01-29,44.95,44.95
2016-02-01,44.3,44.3
2016-02-02,45.05,45.05
2016-02-03,45.2,45.2
2016-02-04,44.5,44.5
2016-02-05,44.15,44.15
2016-02-08,44.15,44.15
2016-02-09,43.7,43.7
2016-02-10,43.6,43.6
2016-02-11,43.6,43.6
2016-02-12,43.55,43.55
2016-02-15,43.5,43.5
2016-02-16,43.45,43.45
2016-02-17,43.55,43.55
2016-02-18,43.4,43.4
2016-02-19,43.5,43.5
2016-02-22,43.6,43.6
2016-02-23,44,44
2016-02-24,43.85,43.85
2016-02-25,43.8,43.8
2016-02-26,43.85,43.85
2016-02-29,44.3,44.3
2016-03-01,44.75,44.75
2016-03-02,44.7,44.7
2016-03-03,45.95,45.95
2016-03-04,46.35,46.35
2016-03-07,46.7,46.7
2016-03-08,46.3,46.3
2016-03-09,46.55,46.55
2016-03-10,46.55,46.55
2016-03-11,46.4,46.4
2016-03-14,45.9,45.9
2016-03-15,45.9,45.9
2016-03-16,45.95,45.95
2016-03-17,46.4,46.4
2016-03-18,46.6,46.6
2016-03-21,46.55,46.55
2016-03-22,46.3,46.3
2016-03-23,46.25,46.25
2016-03-24,46.25,46.25
2016-03-29,43.92,43.92
2016-03-30,44.6,44.6
2016-03-31,44.95,44.95
2016-04-01,44.8,44.6
2016-04-04,44.25,44.25
2016-04-05,44.33,44.33
2016-04-06,44.12,44.12
2016-04-07,43.9,43.95
2016-04-08,44.35,44.35
2016-04-11,44.62,44.62
2016-04-12,44.58,44.58
2016-04-13,44.58,44.58
2016-04-14,46.03,46.03
2016-04-15,46.23,46.23
2016-04-18,46.05,46.05
2016-04-19,47.25,47.25
2016-04-20,46.55,46.45
2016-04-21,46.25,46.1
2016-04-22,46.2,46.2
2016-04-25,46.03,46.03
2016-04-26,46.37,46.37
2016-04-27,46.1,46.1
2016-04-28,45.93,45.93
2016-04-29,45.92,45.92
2016-05-02,45.85,45.85
2016-05-03,45.45,45.45
2016-05-04,45.8,45.8
2016-05-05,46.4,46.4
2016-05-06,47.4,47.25
2016-05-09,47.3,47.2
2016-05-10,47.35,47.35
2016-05-11,47.75,47.85
2016-05-12,47.95,47.9
2016-05-13,47.9,47.9
2016-05-16,48.2,48.2
2016-05-17,48.3,48.25
2016-05-18,47.95,48.05
2016-05-19,47.85,47.85
2016-05-20,48,48
2016-05-23,47.8,47.8
2016-05-24,47.9,47.9
2016-05-25,48.05,48.05
2016-05-26,48.2,48.2
2016-05-27,48.2,48.2
2016-05-30,50.9,50.9
2016-05-31,51.15,51.15
2016-06-01,50.75,50.75
2016-06-02,51.1,51.1
2016-06-03,51.9,51.8
2016-06-06,53,52.6
2016-06-07,52,51.95
2016-06-08,51,51
2016-06-09,50.85,50.75
2016-06-10,50.8,50.35
2016-06-13,50.4,50.4
2016-06-14,50.45,50.45
2016-06-15,50.6,50.6
2016-06-16,50.7,50.7
2016-06-17,51,50.9
2016-06-19,51,50.9
2016-06-20,51.5,51.5
2016-06-21,51.2,51.2
2016-06-22,51.3,51.3
2016-06-23,51.3,51.3
2016-06-24,51.3,51.3
2016-06-27,53.15,53.6
2016-06-28,54.25,54.07
2016-06-29,54.35,54.35
2016-06-30,55.75,55.75
2016-07-01,57.28,57.28
2016-07-04,57.97,57.97
2016-07-05,57.55,57.55
2016-07-06,57.33,57.33
2016-07-07,58.22,58.22
2016-07-08,57.32,57.32
2016-07-11,57.27,57.27
2016-07-12,59.18,59.18
2016-07-13,59.78,59.78
2016-07-14,58.1,58.1
2016-07-15,60.42,60.42
2016-07-18,57.6,57.6
2016-07-19,58.65,58.65
2016-07-20,58.25,58.25
2016-07-21,58.25,58.25
2016-07-22,58.33,58.33
2016-07-25,58.63,58.63
2016-07-26,59.13,59.13
2016-07-27,59.98,59.98
2016-07-28,57.15,57.15
2016-08-01,61.75,61.75
2016-08-02,61.6,61.6
2016-08-03,61.1,61.1
2016-08-04,60.25,59.15
2016-08-05,58.35,57.75
2016-08-08,60.15,60.15
2016-08-09,60.8,60.8
2016-08-10,59.7,59.7
2016-08-11,60.3,61
2016-08-12,61.45,61.45
2016-08-15,61,61
2016-08-16,61.05,61.05
2016-08-17,61.05,61.05
2016-08-18,60.5,60.5
2016-08-19,60.1,60.1
2016-08-22,60.35,60.35
2016-08-23,60.05,60.05
2016-08-24,59.9,59.9
2016-08-25,60.2,60.2
2016-08-26,60.3,60.3
2016-08-29,59.75,59.75
2016-08-30,61.2,61.2
2016-08-31,61.3,61.3
2016-09-01,61.25,61.25
2016-09-02,61.9,61.9
2016-09-05,61.55,61.55
2016-09-06,61.75,61.75
2016-09-07,60.7,60.5
2016-09-08,59.85,59.85
2016-09-09,60.1,60.1
2016-09-12,60.35,60.35
2016-09-13,60.8,60.8
2016-09-14,60.5,60.5
2016-09-15,61.1,61.1
2016-09-16,61.1,61.1
2016-09-19,61.5,61.5
2016-09-20,61.5,61.5
2016-09-21,62.25,62.25
2016-09-22,62.1,62.1
2016-09-23,62.6,62.6
2016-09-26,62.55,62.55
2016-09-27,62.25,62.25
2016-09-28,62.8,62.8
2016-09-30,62.8,62.8
2016-10-03,73.5,73.25
2016-10-04,73.35,74.35
2016-10-05,74.55,74.58
2016-10-06,76.2,76.33
2016-10-07,75.85,75.77
2016-10-10,74.75,74.55
2016-10-11,74.2,73.17
2016-10-12,74.7,74.18
2016-10-13,74.65,74.65
2016-10-14,75.8,75.75
2016-10-17,78.07,78.07
2016-10-18,81.82,81.82
2016-10-19,79.5,79.32
2016-10-20,79.2,79.2
2016-10-21,80.57,80.57
2016-10-24,81.68,81.68
2016-10-25,82.05,82.05
2016-10-26,82.67,82.67
2016-10-27,81.55,81.55
2016-10-31,84.35,84.35
2016-11-01,86,85.9
2016-11-02,85.75,84.6
2016-11-03,86,85.5
2016-11-04,87.05,87.05
2016-11-07,88,87.75
2016-11-09,89.55,89.55
2016-11-10,88.9,88.9
2016-11-11,89.4,89.4
2016-11-14,87.95,87.95
2016-11-15,88.2,88.2
2016-11-16,86.5,86.5
2016-11-17,86.5,86.5
2016-11-18,86.35,86.35
2016-11-21,86.8,86.8
2016-11-22,87.15,87.15
2016-11-23,85.05,85.05
2016-11-24,86.65,86.65
2016-11-25,87,87
2016-11-28,84.35,84.35
2016-11-29,84.75,84.75
2016-11-30,85.6,85.6
2016-12-01,85.15,85.15
2016-12-02,84.15,84.1
2016-12-05,83.1,83.1
2016-12-06,79.25,79.25
2016-12-07,80,80.65
2016-12-08,82.6,82.6
2016-12-09,83.95,83.95
2016-12-12,86.2,86.5
2016-12-13,87.55,87.55
2016-12-14,88.9,88.9
2016-12-15,90.1,90.1
2016-12-16,89.4,89.4
2016-12-19,89,89.05
2016-12-20,90,90
2016-12-21,90.25,90.25
2016-12-22,90,90
2016-12-23,90.05,90.05
2016-12-27,,90.05
2016-12-28,90.6,90.6
2016-12-29,90.6,90.6
2016-12-30,90.2,90.2
2017-01-03,82.5,76.9
2017-01-04,78,78.27
2017-01-05,79.5,79.5
2017-01-06,78.75,84.75
2017-01-09,78.1,78.1
2017-01-10,80.57,80.57
2017-01-11,88.75,82.98
2017-01-12,88.5,84.62
2017-01-13,83.93,83.93
2017-01-16,83.95,83.95
2017-01-17,87.07,87.07
2017-01-18,86.5,86.33
2017-01-19,85.08,85.08
2017-01-20,85.6,85.6
2017-01-23,89.6,86.75
2017-01-24,86.2,86.13
2017-01-25,84.5,84.5
2017-01-26,83.2,83.2
2017-01-27,88.5,82.38
2017-01-30,82.5,82.3
2017-01-31,83.75,85.3
2017-02-01,85.5,84.65
2017-02-02,85.3,85.1
2017-02-06,84.3,84.3
2017-02-07,84.1,84.1
2017-02-08,83.7,83.1
2017-02-09,82.8,82.8
2017-02-10,81.1,81.2
2017-02-13,80.45,80.5
2017-02-14,80.75,80.5
2017-02-15,81.5,81.5
2017-02-16,81.75,81.75
2017-02-17,81.8,81.8
2017-02-20,82.2,82.2
2017-02-21,82.2,82.2
2017-02-22,82.1,82.1
2017-02-23,82.1,82.1
2017-02-24,82.1,82.1
2017-02-27,78.4,78.65
2017-02-28,77.9,77.9
2017-03-01,78.65,78.65
2017-03-02,78,77.95
2017-03-03,77,76.9
2017-03-06,76.8,76.8
2017-03-07,75.8,75.8
2017-03-08,76.1,76.1
2017-03-09,74.7,74.7
2017-03-10,75.3,75.35
2017-03-13,75.85,75.85
2017-03-14,75.25,75.25
2017-03-15,75.15,75.15
2017-03-16,74.7,74.7
2017-03-17,74.85,74.85
2017-03-20,74.15,74.15
2017-03-21,,73.8
2017-03-22,,73.65
2017-03-23,,73.8
2017-03-24,74,73.45
2017-03-27,,73.55
2017-03-28,,73.7
2017-03-29,,73.7
2017-03-30,,73.7
2017-03-31,74.2,74.2
2017-04-03,76.25,76.8
2017-04-04,77.25,75.73
2017-04-05,77.1,77.25
2017-04-06,77,77.8
2017-04-07,,75.85
2017-04-10,75.5,74.57
2017-04-11,75.1,73.67
2017-04-12,74.9,74.9
2017-04-13,74,75.45
2017-04-18,,75.65
2017-04-19,,75.3
2017-04-21,,74.7
2017-04-24,75.45,75.25
2017-04-25,75.35,75.25
2017-04-26,,75.35
2017-04-27,,75.9
2017-04-28,,74.5
2017-05-01,,74.3
2017-05-02,74.2,74.3
2017-05-03,74,74.15
2017-05-04,,73.55
2017-05-05,73.25,73.5
2017-05-08,,72.7
2017-05-09,,72.8
2017-05-10,,73.1
2017-05-11,,72.65
2017-05-12,,72.7
2017-05-15,72.75,72.75
2017-05-16,,73.25
2017-05-17,,73.55
2017-05-18,,74.1
2017-05-19,,74.2
2017-05-22,,74.95
2017-05-23,,74.25
2017-05-24,,74.25
2017-05-25,,74.2
2017-05-26,,74.2
2017-05-29,,76.2
2017-05-30,,77.75
2017-05-31,77,76.55
2017-06-01,77.1,77.3
2017-06-02,77.3,77.5
2017-06-05,77.75,77.85
2017-06-06,77.45,77.4
2017-06-07,78.25,77.85
2017-06-08,78.25,78.5
2017-06-09,78.75,78.55
2017-06-12,,78.65
2017-06-13,,78.75
2017-06-14,78.75,78.15
2017-06-15,,78.3
2017-06-16,,78.55
2017-06-19,,79.15
2017-06-20,,79.05
2017-06-21,,79.05
2017-06-22,,78.9
2017-06-23,,78.85
2017-06-26,,78.9
2017-06-27,,79.1
2017-06-28,,79.05
2017-06-29,,79
2017-06-30,,79
2017-07-03,,80.7
2017-07-04,,81.75
2017-07-05,,84.05
2017-07-06,85.5,85.5
2017-07-07,,85.45
2017-07-10,84.9,84.65
2017-07-11,,84.65
2017-07-12,84.5,84.3
2017-07-13,83.25,83.15
2017-07-14,,83.3
2017-07-17,,83.5
2017-07-18,,83.4
2017-07-19,,83
2017-07-20,,83.4
2017-07-21,,83.6
2017-07-24,,83.45
2017-07-25,,83.55
2017-07-26,,83.5
2017-07-27,,83.5
2017-07-28,,83.5
2017-07-31,,83.25
2017-08-01,82.95,82.25
2017-08-02,82,82.1
2017-08-03,82.6,82.8
2017-08-04,,83.6
2017-08-07,,84
2017-08-08,83.55,83.5
2017-08-09,84.05,84.1
2017-08-10,,84.4
2017-08-11,,85.1
2017-08-14,,85.4
2017-08-15,,84.75
2017-08-16,,85.35
2017-08-17,,86.1
2017-08-18,,86.25
2017-08-21,,85.2
2017-08-22,,85.25
2017-08-23,,85.4
2017-08-24,,85.15
2017-08-25,,85.25
2017-08-28,,89
2017-08-29,89.25,89.55
2017-08-30,89,89.1
2017-08-31,88,87.65
2017-09-01,88.3,88.05
2017-09-04,88.35,88.6
2017-09-05,,89.15
2017-09-06,,89.15
2017-09-07,,89.15
2017-09-08,,89.8
2017-09-11,,90.15
2017-09-12,,90
2017-09-13,,91.25
2017-09-14,,91.8
2017-09-15,,91.7
2017-09-18,,91.65
2017-09-19,,92.35
2017-09-20,,92.25
2017-09-21,,91.6
2017-09-22,,91.75
2017-09-25,,92.75
2017-09-26,,91.75
2017-09-27,,91.5
2017-09-28,,91.45
2017-09-29,,91.4
2017-10-02,,90.65
2017-10-03,,91.8
2017-10-04,92.9,92.5
2017-10-05,,92.25
2017-10-06,90.95,90.8
2017-10-09,90.25,90.8
2017-10-10,90.85,90.85
2017-10-11,90,90.55
2017-10-12,91.25,91.4
2017-10-13,,91.2
2017-10-16,92,92.05
2017-10-17,92,92.3
2017-10-18,92.5,92.5
2017-10-19,,91.85
2017-10-20,92,91.95
2017-10-23,,91.8
2017-10-24,,92.35
2017-10-25,,91.95
2017-10-26,,92.15
2017-10-27,,92.35
2017-10-30,93,93.05
2017-10-31,94.25,94.8
2017-11-01,,95.25
2017-11-02,,95.05
2017-11-03,,94
2017-11-06,95,94.75
2017-11-07,95.45,94.8
2017-11-08,94.5,94.95
2017-11-09,,94.7
2017-11-10,,95.35
2017-11-13,,94.75
2017-11-14,,94.25
2017-11-15,,93.85
2017-11-16,,93.95
2017-11-17,,93.8
2017-11-20,,94.05
2017-11-21,,93.8
2017-11-22,,93.9
2017-11-23,,94.1
2017-11-24,,94.3
2017-11-27,91.75,91.85
2017-11-28,92,92.05
2017-11-29,93,93
2017-11-30,92.65,92.7
2017-12-01,,92.7
2017-12-04,93.4,93.55
2017-12-05,93.75,93.35
2017-12-06,93.25,93.9
2017-12-07,,93.7
2017-12-08,94,94.4
2017-12-11,94.5,94.7
2017-12-12,95.65,95.3
2017-12-13,,95
2017-12-14,,95.1
2017-12-15,,95.15
2017-12-18,95.65,95.1
2017-12-19,95.65,95.1
2017-12-20,,94.85
2017-12-21,,94.8
2017-12-22,95.65,94.8
2017-12-26,,94.8
2017-12-27,,94.8
2017-12-28,,94.8
2017-12-29,,94.8
2018-01-02,,96.65
2018-01-03,97.5,96.45
2018-01-04,96,96.15
2018-01-05,96.25,96.25
2018-01-08,96.6,96.45
2018-01-09,,96.1
2018-01-10,,95.65
2018-01-11,96.6,95.4
2018-01-12,95.7,95.55
2018-01-15,95.5,95.5
2018-01-16,,95.35
2018-01-17,,95.2
2018-01-18,,95
2018-01-19,,95.2
2018-01-22,,95.25
2018-01-23,94.75,95.25
2018-01-24,93.65,95.15
2018-01-25,,95.2
2018-01-26,,95.3
2018-01-29,92.5,91.2
2018-01-30,,90.85
2018-01-31,89.9,89.6
2018-02-01,88.25,87.75
2018-02-02,,88.4
2018-02-05,,87.25
2018-02-06,86.55,85.5
2018-02-07,85.7,85.65
2018-02-08,,83.65
2018-02-09,,82.25
2018-02-12,,82.45
2018-02-13,85.7,84.45
2018-02-14,,85.05
2018-02-15,,84.9
2018-02-16,,85.15
2018-02-19,,85.2
2018-02-20,,85.65
2018-02-21,,85.6
2018-02-22,,86
2018-02-23,,85.8
2018-02-26,83.5,83.55
2018-02-27,82,82.05
2018-02-28,81.65,81.55
2018-03-01,79.5,79.2
2018-03-02,78.75,78.95
2018-03-05,80,80.05
2018-03-06,81,81.1
2018-03-07,81.25,81.5
2018-03-08,81.1,81.1
2018-03-09,81.25,81.3
2018-03-12,,80.95
2018-03-13,,81.35
2018-03-14,80.7,81.05
2018-03-15,80.75,80.95
2018-03-16,,80
2018-03-19,79.5,79.5
2018-03-20,,80.5
2018-03-21,80.5,80.4
2018-03-22,80.5,80.2
2018-03-23,,79.55
2018-03-26,,79.45
2018-03-27,79.7,79.35
2018-03-28,,79.4
2018-03-29,,79.5
2018-04-02,,79
2018-04-03,80,80.7
2018-04-04,,79.9
2018-04-05,,80.55
2018-04-06,,81.2
2018-04-09,82,82.1
2018-04-10,,82.15
2018-04-11,,82.25
2018-04-12,,81.95
2018-04-13,,81.8
2018-04-16,,81.85
2018-04-17,81,81.15
2018-04-18,,81.3
2018-04-19,81.8,81.8
2018-04-20,,81.8
2018-04-23,,81.95
2018-04-24,,81.8
2018-04-25,,81.8
2018-04-26,,81.7
2018-04-27,,81.8
2018-04-30,85.25,85.2
2018-05-01,,85.3
2018-05-02,84.9,85.1
2018-05-03,85.1,85.2
2018-05-04,85.4,85.25
2018-05-07,,85.25
2018-05-08,86.75,86.75
2018-05-09,,87.1
2018-05-10,88,88.1
2018-05-11,,88.45
2018-05-14,,89.65
2018-05-15,,89.5
2018-05-16,,89.7
2018-05-17,,90.2
2018-05-18,,89.6
2018-05-21,,89.6
2018-05-22,,89.65
2018-05-23,,89.45
2018-05-24,,89.75
2018-05-25,,89.6
2018-05-28,,92.6
2018-05-29,94.1,94.2
2018-05-30,95.6,95.75
2018-05-31,95.7,95
2018-06-01,95,95.3
2018-06-04,96.5,95.75
2018-06-05,96.1,94.9
2018-06-06,95,94.8
2018-06-07,,95.4
2018-06-08,,95.5
2018-06-11,96,96.15
2018-06-12,96.75,96.85
2018-06-13,96.85,96.8
2018-06-14,,96.75
2018-06-15,,96.5
2018-06-18,,96.8
2018-06-19,97,97
2018-06-20,,96.6
2018-06-21,96,96
2018-06-22,,96
2018-06-25,,96.1
2018-06-26,,96.05
2018-06-27,,96
2018-06-28,,96
2018-06-29,,96
2018-07-02,99.25,98.75
2018-07-03,99.25,99.4
2018-07-04,99.25,99.75
2018-07-05,100.25,100.4
2018-07-06,100.15,100.2
2018-07-09,101.5,101.95
2018-07-10,102.45,102.2
2018-07-11,,102.6
2018-07-12,101.75,101.55
2018-07-13,,101.4
2018-07-16,,100.7
2018-07-17,,100.8
2018-07-18,,101.85
2018-07-19,,100.95
2018-07-20,,100.15
2018-07-23,,100.75
2018-07-24,,100.9
2018-07-25,,100.95
2018-07-26,,101
2018-07-27,,101
2018-07-30,94.75,94.8
2018-07-31,95.1,95.1
2018-08-01,95.2,95.15
2018-08-02,94.5,94.75
2018-08-03,94.5,94.45
2018-08-06,96,96.05
2018-08-07,96.75,96.75
2018-08-08,96.75,96.4
2018-08-09,96.5,96.45
2018-08-10,97,96.85
2018-08-13,97.75,97.6
2018-08-14,,98.2
2018-08-15,,97.6
2018-08-16,,97.85
2018-08-17,,98.2
2018-08-20,98,98.2
2018-08-21,97.5,97.5
2018-08-22,96.8,96.9
2018-08-23,96.9,96.95
2018-08-24,97,97
2018-08-27,,98
2018-08-28,,97.6
2018-08-29,,97.9
2018-08-30,,97.9
2018-08-31,,97.9
2018-09-03,99.4,99.3
2018-09-04,100.75,100.75
2018-09-05,101,101.45
2018-09-06,101,101
2018-09-07,100.9,99.75
2018-09-10,100.4,100.25
2018-09-11,,100.95
2018-09-12,,100.5
2018-09-13,,100.4
2018-09-14,,99.5
2018-09-17,99.3,99.35
2018-09-18,98.7,98.65
2018-09-19,100,100.3
2018-09-20,100,99.65
2018-09-21,,100.3
2018-09-24,,100.35
2018-09-25,,100.3
2018-09-26,,100.3
2018-09-27,100.3,100.35
2018-09-28,100.35,100.15
2018-10-01,101.4,101.8
2018-10-02,103,101.2
2018-10-03,,101.65
2018-10-04,,100.8
2018-10-05,,101.35
2018-10-08,,101.3
2018-10-09,103,100.8
2018-10-10,,99.9
2018-10-11,99,99.1
2018-10-12,,99.1
2018-10-15,,99.1
2018-10-16,99,99.05
2018-10-17,,99.3
2018-10-18,,99.7
2018-10-19,,100.5
2018-10-22,99,100.35
2018-10-23,,100.4
2018-10-24,,100.35
2018-10-25,,100.4
2018-10-26,,100.2
2018-10-29,99.5,99.2
2018-10-30,98.25,98.7
2018-10-31,,97.55
2018-11-01,95,95.35
2018-11-02,96.25,96.1
2018-11-05,95,94.7
2018-11-06,93.4,93.25
2018-11-07,93.5,94
2018-11-08,93,92.3
2018-11-09,,91.7
2018-11-12,,92.8
2018-11-13,,91.45
2018-11-14,90,90.5
2018-11-15,89.5,89.95
2018-11-16,89.75,89.1
2018-11-19,88.75,88.75
2018-11-20,,88.05
2018-11-21,,87.8
2018-11-22,,88.6
2018-11-23,,88.25
2018-11-26,,88.55
2018-11-27,,88.6
2018-11-28,,88.6
2018-11-29,,88.6
2018-11-30,,88.4
2018-12-03,86.2,86
2018-12-04,85.75,85.8
2018-12-05,85.5,86.05
2018-12-06,86.25,86.4
2018-12-07,86,86.55
2018-12-10,86.45,86.55
2018-12-11,86.75,86.95
2018-12-12,87.75,87.7
2018-12-13,87.7,87.9
2018-12-14,88.4,88.5
2018-12-17,,88.6
2018-12-18,,88.4
2018-12-19,,88.25
2018-12-20,,88.55
2018-12-21,,88
2018-12-24,,88
2018-12-26,,87.5
2018-12-27,,87.25
2018-12-28,,88
2018-12-31,,86.7
2019-01-02,,85.45
2019-01-03,83.5,83.75
2019-01-04,83.5,83.45
2019-01-07,81.9,81.5
2019-01-08,,82.05
2019-01-09,82.1,82.05
2019-01-10,82,82.15
2019-01-11,82.5,82.55
2019-01-14,82.05,82
2019-01-15,82.4,82.5
2019-01-16,82.75,82.95
2019-01-17,,83.4
2019-01-18,83.35,83.2
2019-01-21,,82.3
2019-01-22,,82
2019-01-23,,81.95
2019-01-24,,81.85
2019-01-25,,81.5
2019-01-28,79,79
2019-01-29,79.2,79.75
2019-01-30,79.75,79.85
2019-01-31,79.35,79.05
2019-02-01,77.75,77.75
2019-02-04,76.1,76.3
2019-02-05,75.6,75.7
2019-02-06,75.6,76.05
2019-02-07,75.45,75.2
2019-02-08,,74.1
2019-02-11,73.55,73.6
2019-02-12,73.1,73.15
2019-02-13,73.85,74.1
2019-02-14,73.8,73.75
2019-02-15,73.9,74.1
2019-02-18,,74.1
2019-02-19,74,74.05
2019-02-20,,74.35
2019-02-21,,74.25
2019-02-22,,74.1
2019-02-25,73.25,73.25
2019-02-26,74,74.05
2019-02-27,75.1,75.05
2019-02-28,,75.05
2019-03-01,74.75,74.6
2019-03-04,75.1,75.1
2019-03-05,,74.5
2019-03-06,73.5,73.45
2019-03-07,73,73.15
2019-03-08,72.5,72.35
2019-03-11,72.55,72.3
2019-03-12,,72.65
2019-03-13,71.5,71.8
2019-03-14,,71.95
2019-03-15,,71.4
2019-03-18,71.5,71.45
2019-03-19,,71.25
2019-03-20,70.95,71.2
2019-03-21,,70.95
2019-03-22,,70.85
2019-03-25,,70.7
2019-03-26,,70.7
2019-03-27,,70.6
2019-03-28,,70.45
2019-03-29,,70.4
2019-04-01,58.5,58.75
2019-04-02,56.5,56.4
2019-04-03,54.5,54.8
2019-04-04,55.25,56.05
2019-04-05,,56.25
2019-04-08,,58.7
2019-04-09,,59.05
2019-04-10,59,59.8
2019-04-11,,59.8
2019-04-12,,60.15
2019-04-15,59.4,59.4
2019-04-16,,59.6
2019-04-17,,59.6
2019-04-18,,59.4
2019-04-22,,59.4
2019-04-23,,59.65
2019-04-24,,59.35
2019-04-25,,59.35
2019-04-26,,59
2019-04-29,58.9,58.85
2019-04-30,58.9,59.05
2019-05-01,57.9,58.35
2019-05-02,59,59.15
2019-05-03,,60.9
2019-05-06,,60.5
2019-05-07,60,59.6
2019-05-08,60.4,60.45
2019-05-09,59.3,59.35
2019-05-10,59,59.15
2019-05-13,58.5,58.7
2019-05-14,59.25,59.25
2019-05-15,58.6,58.95
2019-05-16,,58.5
2019-05-17,58.35,58.4
2019-05-20,,58.3
2019-05-21,,58.2
2019-05-22,57.9,58
2019-05-23,57.75,57.8
2019-05-24,57.75,57.5
2019-05-27,,57.5
2019-05-28,,57.05
2019-05-29,,56.9
2019-05-30,,56.8
2019-05-31,,56.8
2019-06-03,51.4,51.55
2019-06-04,51.6,52.3
2019-06-05,51.6,51.6
2019-06-06,51.1,51.85
2019-06-07,52.4,52.35
2019-06-10,53,53
2019-06-11,51,51.05
2019-06-12,,50.5
2019-06-13,,50.25
2019-06-14,,50
2019-06-17,49,49.35
2019-06-18,,48.65
2019-06-19,,48.7
2019-06-20,,48.95
2019-06-21,,49
2019-06-24,,48.95
2019-06-25,,48.95
2019-06-26,,48.9
2019-06-27,,48.9
2019-06-28,,48.85
2019-07-01,50.4,50.55
2019-07-02,51.3,51.45
2019-07-03,52.75,52.8
2019-07-04,54,55.3
2019-07-05,56.2,56.3
2019-07-08,57.4,57.05
2019-07-09,56.4,56.4
2019-07-10,58.5,58.1
2019-07-11,,58.5
2019-07-12,57.75,57.85
2019-07-15,,57.75
2019-07-16,,57.3
2019-07-17,,57.8
2019-07-18,,57.65
2019-07-19,,58
2019-07-22,58.15,58.1
2019-07-23,,58.1
2019-07-24,,58.1
2019-07-25,,58.1
2019-07-26,,58.1
2019-07-29,58,58
2019-07-30,58,57.9
2019-07-31,57.8,57.9
2019-08-01,58.3,58.55
2019-08-02,58.25,58.15
2019-08-05,57,57.05
2019-08-06,56,56.1
2019-08-07,56,56.15
2019-08-08,,56.5
2019-08-09,,56.25
2019-08-12,,56.3
2019-08-13,,56.4
2019-08-14,,56.1
2019-08-15,,56
2019-08-16,,55.9
2019-08-19,,55.8
2019-08-20,,55.65
2019-08-21,,55.35
2019-08-22,,55.1
2019-08-23,,54.9
2019-08-26,,54.9
2019-08-27,,54.95
2019-08-28,,54.8
2019-08-29,,54.7
2019-08-30,,55
2019-09-02,55.4,55.3
2019-09-03,57,56.95
2019-09-04,56.8,56.75
2019-09-05,57.2,57.4
2019-09-06,57.5,57.65
2019-09-09,58.2,58.4
2019-09-10,60,60.65
2019-09-11,60.3,60.45
2019-09-12,,60.75
2019-09-13,61.25,60.95
2019-09-16,61.75,61.75
2019-09-17,,61.55
2019-09-18,,61.05
2019-09-19,,60.9
2019-09-20,,61.25
2019-09-23,,60.9
2019-09-24,,61
2019-09-25,,60.25
2019-09-26,,60.9
2019-09-27,,60.4
2019-09-30,59.5,60.9
2019-10-01,60,60
2019-10-02,59.8,59.4
2019-10-03,59.5,59.2
2019-10-04,,59.65
2019-10-07,,60.25
2019-10-08,61.2,61.3
2019-10-09,61.25,60.75
2019-10-10,60.7,60.7
2019-10-11,60.5,60.75
2019-10-14,60.75,60.92
2019-10-15,60.5,60.43
2019-10-16,,60.25
2019-10-17,,60.1
2019-10-18,,60
2019-10-21,,60.1
2019-10-22,,60.15
2019-10-23,,60.15
2019-10-24,,59.9
2019-10-25,,60.15
2019-10-28,56.4,56.4
2019-10-29,56.4,56.7
2019-10-30,56.25,56.2
2019-10-31,56.25,56.4
2019-11-01,,56.95
2019-11-04,56.8,56.75
2019-11-05,56.9,56.9
2019-11-06,,56.1
2019-11-07,56.1,56.2
2019-11-08,,55.8
2019-11-11,55.3,55.2
2019-11-12,55.35,55.3
2019-11-13,55.3,55.3
2019-11-14,55.3,55.75
2019-11-15,,55.85
2019-11-18,54.75,54.8
2019-11-19,,55.35
2019-11-20,55.5,55.5
2019-11-21,56,56.05
2019-11-22,,55.95
2019-11-25,,55.9
2019-11-26,,56.15
2019-11-27,,55.85
2019-11-28,,56.1
2019-11-29,,56.4
2019-12-02,57.15,57.3
2019-12-03,56.4,56.4
2019-12-04,56.2,56
2019-12-05,55.5,55.2
2019-12-06,54.4,54.35
2019-12-09,53.8,54.2
2019-12-10,53.4,53.6
2019-12-11,53.5,53.5
2019-12-12,53.65,54
2019-12-13,,53.6
2019-12-16,,53.5
2019-12-17,,53.5
2019-12-18,,53.5
2019-12-19,,53.35
2019-12-20,,53.45
2019-12-23,52.75,53.4
2019-12-24,,53.2
2019-12-26,,53.2
2019-12-30,52.65,52.75
2019-12-31,53.15,53
2020-01-02,,52.1
2020-01-03,52.75,52.75
2020-01-06,,52.65
2020-01-07,52.3,52.55
2020-01-08,,52.5
2020-01-09,52.75,52.7
2020-01-10,53,52.9
2020-01-13,53.4,53.5
2020-01-14,52.5,52.2
2020-01-15,51.9,51.8
2020-01-16,51,51
2020-01-17,,50.5
2020-01-20,,49.75
2020-01-21,,50.6
2020-01-22,50.35,50.25
2020-01-23,,50.4
2020-01-24,,50.25
2020-01-27,,50.35
2020-01-28,50.4,50.35
2020-01-29,,50.15
2020-01-30,,50.45
2020-01-31,,50.35
2020-02-03,47.5,47.7
2020-02-04,48.2,48.9
2020-02-05,49.45,49.45
2020-02-06,48.75,48.9
2020-02-07,48.25,48.2
2020-02-10,47.8,47.5
2020-02-11,,48
2020-02-12,48.75,48.75
2020-02-13,50,49.9
2020-02-14,50.25,50.3
2020-02-17,50.4,50.55
2020-02-18,,49.7
2020-02-19,,49.3
2020-02-20,48.45,48.4
2020-02-21,,48.3
2020-02-24,,48
2020-02-25,48.15,48.15
2020-02-26,,48
2020-02-27,,47.9
2020-02-28,,47.8
2020-03-02,,46.85
2020-03-03,47,46.95
2020-03-04,47.2,47.3
2020-03-05,47.5,47.8
2020-03-06,47.1,47.4
2020-03-09,46.25,46.4
2020-03-10,,46.4
2020-03-11,,46.5
2020-03-12,46.3,45.8
2020-03-13,,46.55
2020-03-16,,46.5
2020-03-17,,47.1
2020-03-18,,47.8
2020-03-19,46.5,46.9
2020-03-20,47.45,47.5
2020-03-23,,47.4
2020-03-24,47.85,47.65
2020-03-25,,48.25
2020-03-26,,47.95
2020-03-27,,48.1
2020-03-30,50.75,50.75
2020-03-31,49.95,49.3
2020-04-01,48,48.1
2020-04-02,47.4,47.45
2020-04-03,46.9,46.1
2020-04-06,46.1,46.3
2020-04-07,46.5,47.05
2020-04-08,,46.6
2020-04-09,46.85,46.8
2020-04-13,,46.7
2020-04-14,45.75,45.75
2020-04-15,,45.3
2020-04-16,,45.5
2020-04-17,45.6,45.4
2020-04-20,,45.55
2020-04-21,,45.45
2020-04-22,,45.15
2020-04-23,,44.9
2020-04-24,,45.05
2020-04-27,39.05,39.1
2020-04-28,,38.45
2020-04-29,39,39
2020-04-30,,39.85
2020-05-01,,39.5
2020-05-04,39,39
2020-05-05,,39.6
2020-05-06,40.15,40
2020-05-07,,40.2
2020-05-08,,40
2020-05-11,,39.9
2020-05-12,40.15,39.7
2020-05-13,,39.35
2020-05-14,,39.1
2020-05-15,38.55,38.75
2020-05-18,38.95,38.85
2020-05-19,,38.85
2020-05-20,38.65,38.8
2020-05-21,,38.75
2020-05-22,38.55,38.65
2020-05-25,,38.75
2020-05-26,,38.6
2020-05-27,,38.7
2020-05-28,,38.8
2020-05-29,,38.5
2020-06-01,44.5,44.85
2020-06-02,47,46.75
2020-06-03,46.3,46.6
2020-06-04,45.7,45.7
2020-06-05,,46.2
2020-06-08,46.25,45.95
2020-06-09,45.4,45.6
2020-06-10,44.5,44.95
2020-06-11,44.4,44.35
2020-06-12,,44.5
2020-06-15,44.8,45
2020-06-16,,44.8
2020-06-17,,44.6
2020-06-18,,44.7
2020-06-19,,45
2020-06-22,,45.6
2020-06-23,45.25,44.85
2020-06-24,,45.25
2020-06-25,,45.25
2020-06-26,,45.45
2020-06-29,50,50.05
2020-06-30,49.6,49.85
2020-07-01,50,49.95
2020-07-02,50.65,51.05
2020-07-03,50.5,50.9
2020-07-06,,51.2
2020-07-07,50.5,50.65
2020-07-08,49.5,49.5
2020-07-09,49,49.3
2020-07-10,,48.7
2020-07-13,48.95,48.8
2020-07-14,48,48.65
2020-07-15,,49
2020-07-16,,49
2020-07-17,,49.25
2020-07-20,49,49.05
2020-07-21,,49.6
2020-07-22,,49.7
2020-07-23,49.4,49.6
2020-07-24,49.6,49.55
2020-07-27,,49.5
2020-07-28,,49.7
2020-07-29,,49.7
2020-07-30,,49.85
2020-07-31,49.9,49.9
2020-08-03,51.75,51.7
2020-08-04,51.6,51.6
2020-08-05,51,51.3
2020-08-06,,50.2
2020-08-07,,50.8
2020-08-10,50.9,50.55
2020-08-11,50.35,50.3
2020-08-12,49.8,49.7
2020-08-13,49.5,49.5
2020-08-14,49.3,49.25
2020-08-17,,49.4
2020-08-18,,49.35
2020-08-19,,49.15
2020-08-20,,48.9
2020-08-21,,48.65
2020-08-24,,48.8
2020-08-25,,48.9
2020-08-26,,48.95
2020-08-27,48.9,48.9
2020-08-28,,49
2020-08-31,52.75,52.9
2020-09-01,52.8,52.7
2020-09-02,51.4,51.5
2020-09-03,51.5,51.5
2020-09-04,,51.4
2020-09-07,,51
2020-09-08,51,51.2
2020-09-09,51.75,51.2
2020-09-10,51.75,51.7
2020-09-11,51.5,51.7
2020-09-14,,51.7
2020-09-15,,51.8
2020-09-16,52.05,51.9
2020-09-17,52.05,51.9
2020-09-18,51.9,52
2020-09-21,52,52.1
2020-09-22,,52.1
2020-09-23,52.15,52.15
2020-09-24,52.3,52.25
2020-09-25,,52.35
2020-09-28,57.25,57.2
2020-09-29,57.15,57.05
2020-09-30,57.1,57.2
2020-10-01,57.6,57.35
2020-10-02,56.4,56.4
2020-10-05,57.4,57.7
2020-10-06,,57.7
2020-10-07,57.4,57.65
2020-10-08,57.6,57.7
2020-10-09,57.5,57.6
2020-10-12,56.75,56.85
2020-10-13,56.5,56.5
2020-10-14,56.8,56.6
2020-10-15,57.05,56.8
2020-10-16,56.95,57
2020-10-19,57.1,57.1
2020-10-20,57.1,57.1
2020-10-21,56.5,56.5
2020-10-22,,56.75
2020-10-23,56.9,56.7
2020-10-26,,56.7
2020-10-27,56.6,56.55
2020-10-28,,56.5
2020-10-29,56.25,56.1
2020-10-30,,56.05
2020-11-02,51,50.9
2020-11-03,51.25,51.05
2020-11-04,50.85,50.85
2020-11-05,51.25,51.4
2020-11-06,50.75,50.8
2020-11-09,51.3,51.05
2020-11-10,51.3,51.35
2020-11-11,51.4,51.4
2020-11-12,52.5,52.05
2020-11-13,52.6,52.7
2020-11-16,53,52.95
2020-11-17,52.85,52.75
2020-11-18,,52.85
2020-11-19,52.8,52.75
2020-11-20,52.9,53
2020-11-23,53.15,52.95
2020-11-24,,53.2
2020-11-25,,53.55
2020-11-26,,53.55
2020-11-27,,53.6
2020-11-30,60.75,61.15
2020-12-01,61.65,61.25
2020-12-02,62.05,62
2020-12-03,62.25,61.85
2020-12-04,63.2,63.2
2020-12-07,63.5,62.95
2020-12-08,62.8,63.05
2020-12-09,,63.3
2020-12-10,64,64
2020-12-11,65,65.1
2020-12-14,65.4,65.4
2020-12-15,,65.8
2020-12-16,,65.6
2020-12-17,,65.65
2020-12-18,66,66
2020-12-21,,66.1
2020-12-22,,66.1
2020-12-23,,66.05
2020-12-24,,66.1
2020-12-29,70.25,70
2020-12-30,69.15,69.4
2020-12-31,69,69
2021-01-04,70,69.3
2021-01-05,65.9,64.9
2021-01-06,64.2,64.25
2021-01-07,66.5,66.6
2021-01-08,68.5,68.5
2021-01-11,68.5,68.5
2021-01-12,70.5,70.5
2021-01-13,70.1,70.15
2021-01-14,69.95,69.9
2021-01-15,68.6,68.6
2021-01-18,67.95,67.25
2021-01-19,67.45,67.5
2021-01-20,67.5,67.5
2021-01-21,67.55,67.55
2021-01-22,,67.5
2021-01-25,67.4,67.45
2021-01-26,67.6,67.65
2021-01-27,67.75,67.7
2021-01-28,67.8,67.8
2021-01-29,,67.8
2021-02-01,65.25,65.6
2021-02-02,66.5,65.4
2021-02-03,63.65,63.75
2021-02-04,64.9,65
2021-02-05,66.5,66.45
2021-02-08,68.25,68.25
2021-02-09,68.6,68.6
2021-02-10,68,68
2021-02-11,66.9,67.35
2021-02-12,67.2,67
2021-02-15,65.2,65.3
2021-02-16,65.35,65.6
2021-02-17,65.35,65.35
2021-02-18,,65.55
2021-02-19,66,65.95
2021-02-22,66,65.95
2021-02-23,,65.9
2021-02-24,65.7,65.7
2021-02-25,65.85,65.8
2021-02-26,,66.15
2021-03-01,65.5,65.4
2021-03-02,66.3,66.15
2021-03-03,65.9,65.7
2021-03-04,65.7,65.2
2021-03-05,65.25,65.25
2021-03-08,65.5,65.5
2021-03-09,66,66
2021-03-10,66.05,65.8
2021-03-11,65.8,65.8
2021-03-12,66,66.05
2021-03-15,66.35,66.35
2021-03-16,66.5,66.3
2021-03-17,66.5,67.55
2021-03-18,,68.1
2021-03-19,68.5,68.45
2021-03-22,,68.5
2021-03-23,,68.5
2021-03-24,,68.5
2021-03-25,,68.5
2021-03-26,,68.5
2021-03-29,,70.6
2021-03-30,70,70
2021-03-31,70,70.05
2021-04-01,,70.2
2021-04-05,,70.2
2021-04-06,70.3,70.3
2021-04-07,,68.8
2021-04-08,67.5,67.2
2021-04-09,67.5,67.55
2021-04-12,,68.35
2021-04-13,,68.85
2021-04-14,,69.15
2021-04-15,70,70.2
2021-04-16,71,71.6
2021-04-19,,71.5
2021-04-20,,71.5
2021-04-21,,71.5
2021-04-22,72,71.8
2021-04-23,,71.8
2021-04-26,,71.7
2021-04-27,73.9,71.85
2021-04-28,,71.75
2021-04-29,,71.9
2021-04-30,,71.9
2021-05-03,78.7,78.65
2021-05-04,78.6,78.5
2021-05-05,79.25,80.05
2021-05-06,,81.55
2021-05-07,81.3,82.5
2021-05-10,83.75,83.8
2021-05-11,84,84.8
2021-05-12,,85.85
2021-05-13,85.25,85.7
2021-05-14,84.9,85.4
2021-05-17,,84.5
2021-05-18,84.5,84.6
2021-05-19,,84
2021-05-20,84.5,84.75
2021-05-21,,85.2
2021-05-24,,85.5
2021-05-25,,85.75
2021-05-26,,85.65
2021-05-27,,85.75
2021-05-28,,85.75
2021-05-31,,93.2
2021-06-01,95.9,95.8
2021-06-02,96,96.4
2021-06-03,100.5,100.5
2021-06-04,101.5,101.25
2021-06-07,106.1,106
2021-06-08,,105.75
2021-06-09,108,108.25
2021-06-10,109,110
2021-06-11,,110
2021-06-14,109,109
2021-06-15,108.5,108
2021-06-16,108,108
2021-06-17,,107.8
2021-06-18,,107.75
2021-06-21,,107
2021-06-22,,107.25
2021-06-23,,108
2021-06-24,,108.25
2021-06-25,,108.5
2021-06-28,113.25,113.15
2021-06-29,115.4,115.05
2021-06-30,121,120.75
2021-07-01,123.75,122.25
2021-07-02,122.75,123.6
2021-07-05,,127.25
2021-07-06,,123.8
2021-07-07,124.25,124.65
2021-07-08,125.75,125.5
2021-07-09,,126.8
2021-07-12,,126.65
2021-07-13,128,131.1
2021-07-14,,131.75
2021-07-15,,132
2021-07-16,132.5,132.6
2021-07-19,133.35,133.1
2021-07-20,,132.1
2021-07-21,,132.6
2021-07-22,,131.9
2021-07-23,,132.3
2021-07-26,132.1,132.1
2021-07-27,,132.6
2021-07-28,,132.9
2021-07-29,,132.9
2021-07-30,,132.9
2021-08-02,,139.7
2021-08-03,140.25,140.05
2021-08-04,141,141.1
2021-08-05,142,142.15
2021-08-06,,143.9
2021-08-09,146,145.75
2021-08-10,146.25,146
2021-08-11,,147.6
2021-08-12,,150
2021-08-13,149.65,149.7
2021-08-16,152.15,151.85
2021-08-17,151.1,149.9
2021-08-18,150,149.95
2021-08-19,,145.9
2021-08-20,,144.5
2021-08-23,148.75,148.35
2021-08-24,149,148.5
2021-08-25,149,148.9
2021-08-26,,149
2021-08-27,,148.95
2021-08-30,,149.05
2021-08-31,154,153.75
2021-09-01,157,156.25
2021-09-02,163,162.2
2021-09-03,165.25,165.15
2021-09-06,168.2,168
2021-09-07,168.45,168.2
2021-09-08,169,169
2021-09-09,,169.7
2021-09-10,,170.85
2021-09-13,172,171.7
2021-09-14,171.5,171
2021-09-15,170.25,169.5
2021-09-16,167.5,166.9
2021-09-17,168.5,168.6
2021-09-20,,171.05
2021-09-21,171.25,171.4
2021-09-22,,172
2021-09-23,,172.85
2021-09-24,,172.5
2021-09-27,202,201.75
2021-09-28,201,202.3
2021-09-29,210,208.5
2021-09-30,218.25,218.65
2021-10-01,234,233.05
2021-10-04,246,247.75
2021-10-05,267,274.5
2021-10-06,230,237.1
2021-10-07,235,232.65
2021-10-08,230,230
2021-10-11,241.5,241.5
2021-10-12,243,243.15
2021-10-13,246,244.95
2021-10-14,243,243.65
2021-10-15,240,240.05
2021-10-18,235,238.65
2021-10-19,233,234.5
2021-10-20,233,232.6
2021-10-21,,228.5
2021-10-22,,231.25
2021-10-25,235,237.15
2021-10-26,234,234
2021-10-27,,232.85
2021-10-28,,233
2021-10-29,,232.65
2021-11-01,140,136
2021-11-02,140,139.75
2021-11-03,150.5,149.5
2021-11-04,148,148
2021-11-05,145.5,148.25
2021-11-08,159,157.5
2021-11-09,155,152
2021-11-10,142.5,142.1
2021-11-11,,142
2021-11-12,140,139
2021-11-15,,138.65
2021-11-16,141.5,141.5
2021-11-17,144,142.95
2021-11-18,144,144.75
2021-11-19,144,145.25
2021-11-22,146.5,146.5
2021-11-23,149,150
2021-11-24,149,149.6
2021-11-25,150,148
2021-11-26,,148
2021-11-29,127,127
2021-11-30,110.5,111.1
2021-12-01,122,123.1
2021-12-02,125,124.25
2021-12-03,121,121.5
2021-12-06,122,122.2
2021-12-07,,129.1
2021-12-08,133.5,134.55
2021-12-09,,134.9
2021-12-10,134.5,134.9
2021-12-13,136.5,136.5
2021-12-14,140.25,140.55
2021-12-15,141.5,141.7
2021-12-16,146.5,147.9
2021-12-17,148,146
2021-12-20,149,146
2021-12-21,,147
2021-12-22,147,146.95
2021-12-23,142,142.75
2021-12-24,,142
2021-12-27,,140.7
2021-12-28,,135.6
2021-12-29,140,138.35
2021-12-30,140,138
2021-12-31,,137.55
2022-01-03,120,120
2022-01-04,130,130.1
2022-01-05,136,137.3
2022-01-06,142.5,143.5
2022-01-07,139,140.2
2022-01-10,143,138.55
2022-01-11,136,136
2022-01-12,138,139
2022-01-13,148.9,148.9
2022-01-14,154,154
2022-01-17,156,156
2022-01-18,162,162.3
2022-01-19,161.25,161.75
2022-01-20,159,159.5
2022-01-21,162,162.05
2022-01-24,164.5,163.25
2022-01-25,164.5,164.6
2022-01-26,165.75,165.95
2022-01-27,,165.95
2022-01-28,166.5,166.5
2022-01-31,176,178.25
2022-02-01,171.5,174.5
2022-02-02,177.5,177.3
2022-02-03,177.5,177.45
2022-02-04,183,183
2022-02-07,182,182.5
2022-02-08,187,186.1
2022-02-09,188,187.75
2022-02-10,189,188.15
2022-02-11,189,189.5
2022-02-14,194,190.35
2022-02-15,187,186.65
2022-02-16,183,183.65
2022-02-17,183.5,183.05
2022-02-18,,184.1
2022-02-21,186,185.15
2022-02-22,187,189
2022-02-23,191,190.65
2022-02-24,191,193.1
2022-02-25,193,193
2022-02-28,253,254.25
2022-03-01,330,315
2022-03-02,435,436.5
2022-03-03,380,353.75
2022-03-04,437,432.5
2022-03-07,459,425.2
2022-03-08,425,439
2022-03-09,395,418
2022-03-10,365,367.5
2022-03-11,360.5,363.95
2022-03-14,362,357.35
2022-03-15,350,336.25
2022-03-16,310,312
2022-03-17,316,316
2022-03-18,,324
2022-03-21,320,318.2
2022-03-22,324,323
2022-03-23,326,326.85
2022-03-24,324.75,325.05
2022-03-25,324,324.85
2022-03-28,270,270.4
2022-03-29,269,268.3
2022-03-30,277,271.65
2022-03-31,273,273
2022-04-01,272,265.4
2022-04-04,257,262
2022-04-05,295,290.1
2022-04-06,295,290.65
2022-04-07,290,280.7
2022-04-08,295,295
2022-04-11,303,300
2022-04-12,320,320
2022-04-13,322.25,321.35
2022-04-14,322,322.55
2022-04-18,,322.55
2022-04-19,322,322.5
2022-04-20,327,327.35
2022-04-21,329,326.85
2022-04-22,327,326.65
2022-04-25,,326
2022-04-26,324.75,324.75
2022-04-27,325.5,323.55
2022-04-28,,322.85
2022-04-29,,322.85
2022-05-02,,259.8
2022-05-03,280,283.1
2022-05-04,310,311.5
2022-05-05,319,321
2022-05-06,317,319.5
2022-05-09,310.5,310.85
2022-05-10,313,313.15
2022-05-11,319,319
2022-05-12,335,325.5
2022-05-13,319,319
2022-05-16,323,324
2022-05-17,330,329.35
2022-05-18,332.5,331.8
2022-05-19,332,332
2022-05-20,336,336.35
2022-05-23,,332.35
2022-05-24,331,331.05
2022-05-25,330,330.65
2022-05-26,,330.6
2022-05-27,,329.75
2022-05-30,304,306
2022-05-31,339,333
2022-06-01,323,326.15
2022-06-02,,327.15
2022-06-03,,327.15
2022-06-06,330,333.6
2022-06-07,330,326.2
2022-06-08,325,330
2022-06-09,323.5,323
2022-06-10,317.75,317.5
2022-06-13,,317.15
2022-06-14,322,323
2022-06-15,329,332.45
2022-06-16,,330.65
2022-06-17,335,335
2022-06-20,345,345.35
2022-06-21,,345.5
2022-06-22,345,345.5
2022-06-23,350,350
2022-06-24,,348.1
2022-06-27,372,372
2022-06-28,365,366.5
2022-06-29,365,364.75
2022-06-30,370,370
2022-07-01,367,369
2022-07-04,375,376
2022-07-05,380,380
2022-07-06,377,384.75
2022-07-07,385,385
2022-07-08,,388.9
2022-07-11,,390
2022-07-12,396,397.5
2022-07-13,,395
2022-07-14,393.45,392.6
2022-07-15,,385.05
2022-07-18,,374
2022-07-19,368,375
2022-07-20,380,376.95
2022-07-21,377,376.05
2022-07-22,376,376.3
2022-07-25,386,387.35
2022-07-26,,389.5
2022-07-27,,387
2022-07-28,,390.25
2022-07-29,,388
2022-08-01,366,365.5
2022-08-02,367,366.05
2022-08-03,355,355
2022-08-04,327,329.5
2022-08-05,314,313.65
2022-08-08,325,320
2022-08-09,324,328.75
2022-08-10,324,342
2022-08-11,344,344
2022-08-12,350.25,350.5
2022-08-15,354,353.9
2022-08-16,358,358.05
2022-08-17,358,359.75
2022-08-18,365,365
2022-08-19,376,371.25
2022-08-22,382,377.75
2022-08-23,,370
2022-08-24,382,371.25
2022-08-25,370,368
2022-08-26,369,368.8
2022-08-29,375,375.05
2022-08-30,355,365.75
2022-08-31,365,367
2022-09-01,370,370.25
2022-09-02,370,376
2022-09-05,395,392.5
2022-09-06,380,380
2022-09-07,375,363.05
2022-09-08,350,341
2022-09-09,340,337
2022-09-12,330,329
2022-09-13,336,336
2022-09-14,340,336
2022-09-15,340,337.2
2022-09-16,331,331
2022-09-19,,334.25
2022-09-20,,323.65
2022-09-21,331,324.05
2022-09-22,322,323.65
2022-09-23,322,327
2022-09-26,324,325.75
2022-09-27,324.5,325.6
2022-09-28,324.5,328.15
2022-09-29,,328.15
2022-09-30,328.75,328.5
2022-10-03,315,315.85
2022-10-04,303,301
2022-10-05,291,294.35
2022-10-06,272.5,267.85
2022-10-07,262,261.6
2022-10-10,263,262
2022-10-11,263,265.85
2022-10-12,280,280.1
2022-10-13,284,272.5
2022-10-14,277,274
2022-10-17,277,270.5
2022-10-18,267,267
2022-10-19,268,268
2022-10-20,270,270
2022-10-21,270,270
2022-10-24,,269.55
2022-10-25,,270.05
2022-10-26,,269.1
2022-10-27,,267.9
2022-10-28,,275.15
2022-10-31,215,219.25
2022-11-01,229,225.1
2022-11-02,229,229.5
2022-11-03,220,221
2022-11-04,,216
2022-11-07,205,200.9
2022-11-08,,191.5
2022-11-09,,188.8
2022-11-10,,190.65
2022-11-11,,190.55
2022-11-14,,194
2022-11-15,203,203.5
2022-11-16,200,197
2022-11-17,,202
2022-11-18,,207.65
2022-11-21,,216.2
2022-11-22,,213
2022-11-23,,213.9
2022-11-24,,213.8
2022-11-25,,214.7
2022-11-28,250,249
2022-11-29,260,260
2022-11-30,275,279
2022-12-01,265,266
2022-12-02,268,267
2022-12-05,,262.25
2022-12-06,,266.65
2022-12-07,,263.3
2022-12-08,,256.5
2022-12-09,260.5,260.9
2022-12-12,259,250.25
2022-12-13,,247
2022-12-14,,240.6
2022-12-15,,240
2022-12-16,,234.2
2022-12-19,,230.5
2022-12-20,233.95,230.45
2022-12-21,228,228
2022-12-22,230,229.5
2022-12-23,,228.7
2022-12-27,,223.35
2022-12-28,,227.35
2022-12-29,,227.85
2022-12-30,,228.35
2023-01-03,185,187.25
2023-01-04,182,178.75
2023-01-05,,177.75
2023-01-06,,172.3
2023-01-09,,172.6
2023-01-10,172,172.1
2023-01-11,165,165
2023-01-12,170,172.7
2023-01-13,,169
2023-01-16,170,168
2023-01-17,172,170
2023-01-18,176,175
2023-01-19,174,175
2023-01-20,,174.45
2023-01-23,172,172.4
2023-01-24,170,170
2023-01-25,166.25,166.75
2023-01-26,166,166.4
2023-01-27,166.5,167.15
2023-01-30,138,139
2023-01-31,132,136.65
2023-02-01,141.5,142.1
2023-02-02,136,136.85
2023-02-03,137,138.5
2023-02-06,139.5,139.25
2023-02-07,138.7,136
2023-02-08,,129.65
2023-02-09,,128
2023-02-10,131,132
2023-02-13,,132
2023-02-14,134,134
2023-02-15,136.75,136.5
2023-02-16,137,137
2023-02-17,136.5,136.5
2023-02-20,,136.5
2023-02-21,,137
2023-02-22,136.5,137.15
2023-02-23,,139
2023-02-24,,137.9
2023-02-27,151,148.15
2023-02-28,144.5,145.9
2023-03-01,144,143.85
2023-03-02,143.25,141.4
2023-03-03,131,131.75
2023-03-06,126,123
2023-03-07,124,124.5
2023-03-08,124,123.35
2023-03-09,126,126.75
2023-03-10,132,135
2023-03-13,140,138.65
2023-03-14,138.5,141
2023-03-15,137,138
2023-03-16,138,138
2023-03-17,134,134.5
2023-03-20,136,134.5
2023-03-21,139,139
2023-03-22,135,137.1
2023-03-23,,135.8
2023-03-24,,135.15
2023-03-27,136,136.75
2023-03-28,137,137.8
2023-03-29,,137.75
2023-03-30,,137.9
2023-03-31,,137.8
2023-04-03,148,149
2023-04-04,145,144.05
2023-04-05,,139
2023-04-06,135,135.1
2023-04-10,,135.1
2023-04-11,,129.45
2023-04-12,134.25,133.8
2023-04-13,134.1,134.4
2023-04-14,136,135.9
2023-04-17,136.75,136
2023-04-18,,137.05
2023-04-19,,138
2023-04-20,138.5,138.65
2023-04-21,,139.25
2023-04-24,,138.75
2023-04-25,,140
2023-04-26,,140.15
2023-04-27,,140
2023-04-28,,140
2023-05-01,,136.4
2023-05-02,136.25,136.1
2023-05-03,132.75,131.5
2023-05-04,125,125.3
2023-05-05,125,127.15
2023-05-08,,127.15
2023-05-09,,125
2023-05-10,123.75,122.45
2023-05-11,120,119.1
2023-05-12,119,119.45
2023-05-15,118.85,118.15
2023-05-16,117,117.5
2023-05-17,,118.5
2023-05-18,,116.9
2023-05-19,119,118.7
2023-05-22,119.75,119
2023-05-23,,119
2023-05-24,,118.4
2023-05-25,,118.65
2023-05-26,,118.1
2023-05-29,,98.95
2023-05-30,93,93
2023-05-31,95,95.5
2023-06-01,94,93.95
2023-06-02,101.55,100.85
2023-06-05,112,111
2023-06-06,106,106.65
2023-06-07,110,110
2023-06-08,109.5,112.9
2023-06-09,113.5,115.75
2023-06-12,114.75,114.65
2023-06-13,117.5,117.5
2023-06-14,117,116.4
2023-06-15,118.4,116.45
2023-06-16,113.9,115.05
2023-06-19,113.6,114.05
2023-06-20,,117.2
2023-06-21,,116.75
2023-06-22,,115.15
2023-06-23,115,114.6
2023-06-26,,115
2023-06-27,,115
2023-06-28,,115
2023-06-29,,114.9
2023-06-30,,115.5
2023-07-03,122,121.45
2023-07-04,121.25,123.3
2023-07-05,123.75,123.6
2023-07-06,117.5,117.25
2023-07-07,,116.35
2023-07-10,111,110.95
2023-07-11,105.75,105.9
2023-07-12,104,104.05
2023-07-13,103.8,103.65
2023-07-14,105,104.15
2023-07-17,104,104
2023-07-18,109,108.95
2023-07-19,108.25,108
2023-07-20,,109.75
2023-07-21,,110.5
2023-07-24,,111.05
2023-07-25,,111.15
2023-07-26,,111.25
2023-07-27,111,111
2023-07-28,,110.75
2023-07-31,105.5,105.25
2023-08-01,104,104.2
2023-08-02,104,105.25
2023-08-03,108,108.5
2023-08-04,108.9,108.25
2023-08-07,112.5,112.25
2023-08-08,115,114.75
2023-08-09,116,115.85
2023-08-10,115.75,117.5
2023-08-11,117,116.5
2023-08-14,115.2,115.6
2023-08-15,,116.75
2023-08-16,116.05,115.85
2023-08-17,,116
2023-08-18,,116.75
2023-08-21,,118.5
2023-08-22,119,118.8
2023-08-23,,118.25
2023-08-24,,118.15
2023-08-25,,117.75
2023-08-28,,124.5
2023-08-29,123,123.1
2023-08-30,122.5,122.25
2023-08-31,118.75,118.75
2023-09-01,117,116.9
2023-09-04,,117.3
2023-09-05,116,119.35
2023-09-06,116.5,116.5
2023-09-07,116.5,116.65
2023-09-08,116.75,116.85
2023-09-11,,117.2
2023-09-12,118.85,118.85
2023-09-13,,120.85
2023-09-14,121,121.35
2023-09-15,,122.25
2023-09-18,122,122.5
2023-09-19,,122.5
2023-09-20,,122.5
2023-09-21,,122.25
2023-09-22,122.1,122.25
2023-09-25,,122.55
2023-09-26,124,124
2023-09-27,,123.15
2023-09-28,,123
2023-09-29,,123.3
2023-10-02,124.5,125.65
2023-10-03,121.8,120.8
2023-10-04,,119.1
2023-10-05,120.5,119.5
2023-10-06,122.5,122.8
2023-10-09,126.5,126.5
2023-10-10,130.25,130.25
2023-10-11,130.5,130.25
2023-10-12,134.25,134.5
2023-10-13,135.75,138.4
2023-10-16,,138.5
2023-10-17,140,138.5
2023-10-18,138.5,138.15
2023-10-19,137,137.5
2023-10-20,,138
2023-10-23,,137.25
2023-10-24,,137.15
2023-10-25,135.5,135.8
2023-10-26,135.75,136
2023-10-27,,136
2023-10-30,128.5,128.6
2023-10-31,122.65,123.5
2023-11-01,122.5,122.5
2023-11-02,124,124.1
2023-11-03,125.1,124.55
2023-11-06,121,120.25
2023-11-07,121,121
2023-11-08,123,125.1
2023-11-09,127,126.55
2023-11-10,,124.7
2023-11-13,124.6,124.7
2023-11-14,,124.45
2023-11-15,,123.4
2023-11-16,,122.7
2023-11-17,122,120.9
2023-11-20,121.5,122.5
2023-11-21,,122.4
2023-11-22,122.5,122.85
2023-11-23,123.3,123.65
2023-11-24,,123.75
2023-11-27,116.85,116.7
2023-11-28,114.5,114.85
2023-11-29,115,114.4
2023-11-30,116.5,118.9
2023-12-01,119.75,120.4
2023-12-04,119,118.9
2023-12-05,118.15,117.95
2023-12-06,120,120.75
2023-12-07,121.85,121.75
2023-12-08,123,122.9
2023-12-11,122,121.95
2023-12-12,,117.8
2023-12-13,117.75,117.75
2023-12-14,118.9,117.75
2023-12-15,,117
2023-12-18,,117.2
2023-12-19,,115.9
2023-12-20,116,115.95
2023-12-21,,115.75
2023-12-22,117,116
2023-12-26,,113.5
2023-12-27,118,117.5
2023-12-28,,117.25
2023-12-29,,117.6
2024-01-02,105.5,106.15
2024-01-03,109,108.95
2024-01-04,112,112.3
2024-01-05,116,116
2024-01-08,112.75,113.2
2024-01-09,111.25,111.25
2024-01-10,109,109
2024-01-11,106.5,106.5
2024-01-12,108.5,108.8
2024-01-15,107.25,107.5
2024-01-16,107.4,107.75
2024-01-17,107,107.1
2024-01-18,107.1,107.05
2024-01-19,106,106
2024-01-22,105.5,105.35
2024-01-23,,105.5
2024-01-24,,105.8
2024-01-25,,105.6
2024-01-26,105.75,106
2024-01-29,94.75,94.3
2024-01-30,95.7,96.15
2024-01-31,99.75,99.6
2024-02-01,97.8,97.3
2024-02-02,98.7,98.4
2024-02-05,99,98.15
2024-02-06,97.75,98.6
2024-02-07,97.5,98.6
2024-02-08,97.9,97.65
2024-02-09,95.9,96
2024-02-12,94.25,94.5
2024-02-13,94.25,94.1
2024-02-14,93.5,93.8
2024-02-15,,94.45
2024-02-16,,94.5
2024-02-19,,94.4
2024-02-20,,94.55
2024-02-21,,95.25
2024-02-22,95.75,95.7
2024-02-23,,95.55
2024-02-26,99.3,98.85
2024-02-27,100.5,100.1
2024-02-28,104,104.5
2024-02-29,101,104.4
2024-03-01,107,106.95
2024-03-04,111.25,111.1
2024-03-05,112,112.75
2024-03-06,113.25,112.6
2024-03-07,113,110.5
2024-03-08,,111
2024-03-11,,108.65
2024-03-12,,109.4
2024-03-13,,109.8
2024-03-14,112.9,112.25
2024-03-15,115.5,112.35
2024-03-18,,112.15
2024-03-19,112.75,112.95
2024-03-20,,111.75
2024-03-21,113,112.55
2024-03-22,113.25,113.4
2024-03-25,,113.75
2024-03-26,,113.6
2024-03-27,,113.95
2024-03-28,,114.05
2024-04-01,,119.55
2024-04-02,120.75,122.15
2024-04-03,118.25,117.8
2024-04-04,115.75,116.5
2024-04-05,118,117.9
2024-04-08,118,118
2024-04-09,118,118.1
2024-04-10,118.3,118.45
2024-04-11,121,120.75
2024-04-12,,121.3
2024-04-15,121.3,120.7
2024-04-16,121.5,121.5
2024-04-17,120,120.35
2024-04-18,120,120.35
2024-04-19,,120
2024-04-22,,118.65
2024-04-23,,118.9
2024-04-24,,118.2
2024-04-25,118.5,118.55
2024-04-26,117.5,118
2024-04-29,101.7,101.3
2024-04-30,103,102.9
2024-05-01,,107.1
2024-05-02,108,107.9
2024-05-03,107.9,107.15
2024-05-06,109,109.35
2024-05-07,110,109.25
2024-05-08,106,106
2024-05-09,107.5,107.75
2024-05-10,107,106.9
2024-05-13,105.5,105.5
2024-05-14,105,105.2
2024-05-15,104,105.6
2024-05-16,106.5,106.45
2024-05-17,105,105
2024-05-20,106.75,105.8
2024-05-21,106.75,106.8
2024-05-22,103.65,105.05
2024-05-23,,105.2
2024-05-24,,105.1
2024-05-27,,104.05
2024-05-28,,104.85
2024-05-29,,105.25
2024-05-30,,105.55
2024-05-31,,105.5
2024-06-03,119,119
2024-06-04,116.65,116.9
2024-06-05,,112.1
2024-06-06,108.15,109.85
2024-06-07,108,108
2024-06-10,106.5,109.6
2024-06-11,109,108.65
2024-06-12,110.95,109.5
2024-06-13,111,110.7
2024-06-14,,109.6
2024-06-17,109,109.1
2024-06-18,,109.25
2024-06-19,110.75,110.75
2024-06-20,,110.75
2024-06-21,109.75,108
2024-06-24,,108.4
2024-06-25,,108.9
2024-06-26,,108.6
2024-06-27,109.7,109
2024-06-28,,109.1
2024-07-01,103.2,103.5
2024-07-02,102.7,103.25
2024-07-03,103.75,103.75
2024-07-04,105,106.55
2024-07-05,,105
2024-07-08,105,104.5
2024-07-09,102.95,103
2024-07-10,102,101.85
2024-07-11,102.3,102.3
2024-07-12,,104.3
2024-07-15,105,106.15
2024-07-16,108,106.5
2024-07-17,105,104.6
2024-07-18,104.4,104.65
2024-07-19,,105.2
2024-07-22,,105
2024-07-23,105.5,105.25
2024-07-24,106.7,106.4
2024-07-25,,106.25
2024-07-26,,106.15
2024-07-29,115.3,115.25
2024-07-30,116.8,116.15
2024-07-31,116.5,116.85
2024-08-01,120.65,119.95
2024-08-02,121.95,121.35
2024-08-05,119.3,119.3
2024-08-06,,120.8
2024-08-07,,121.1
2024-08-08,121.5,121.4
2024-08-09,124,122.1
2024-08-12,124,122.75
2024-08-13,,121.75
2024-08-14,122.85,121.65
2024-08-15,,122.25
2024-08-16,,120.65
2024-08-19,,122.5
2024-08-20,122.1,121.5
2024-08-21,,120.5
2024-08-22,120.5,121.25
2024-08-23,,120.5
2024-08-26,,120.4
2024-08-27,,121
2024-08-28,121.5,121.75
2024-08-29,121.3,121.3
2024-08-30,,121.7
2024-09-02,118.75,119.6
2024-09-03,116,116.8
2024-09-04,114.25,114.25
2024-09-05,113.65,114
2024-09-06,115.5,114.75
2024-09-09,114.5,114.7
2024-09-10,114.3,113.65
2024-09-11,,113.45
2024-09-12,112.25,113.05
2024-09-13,114,114.1
2024-09-16,,112.65
2024-09-17,,114.65
2024-09-18,114,114.25
2024-09-19,114.75,114.25
2024-09-20,,114.35
2024-09-23,115,114.65
2024-09-24,,114.8
2024-09-25,,114.95
2024-09-26,,114.95
2024-09-27,,114.6
2024-09-30,119,119
2024-10-01,117.7,117.9
2024-10-02,116,116.1
2024-10-03,115.75,117
2024-10-04,121.5,122.05
2024-10-07,121.25,121.2
2024-10-08,120,119.75
2024-10-09,119.05,118.8
2024-10-10,119.5,120.65
2024-10-11,120.25,119.5
2024-10-14,120,120.75
2024-10-15,119.5,119.1
2024-10-16,119,118.1
2024-10-17,118.5,118.55
2024-10-18,118.75,119.35
2024-10-21,118,118.6
2024-10-22,118.5,118.75
2024-10-23,119.25,119.1
2024-10-24,119,119.25
2024-10-25,,119.65
2024-10-28,120,119.75
2024-10-29,121.35,121.55
2024-10-30,120.8,120.25
2024-10-31,118.25,120
2024-11-01,118.7,118.6
2024-11-04,119.25,119.05
2024-11-05,118.8,118.1
2024-11-06,,117.2
2024-11-07,118.5,118.75
2024-11-08,119.75,119.7
2024-11-11,120.5,120.8
2024-11-12,120.75,120.85
2024-11-13,,120.45
2024-11-14,121.5,121.45
2024-11-15,122,122.75
2024-11-18,122.5,122.6
2024-11-19,,122.4
2024-11-20,123,122.3
2024-11-21,,122.6
2024-11-22,,122.35
2024-11-25,122.5,121.9
2024-11-26,121.85,121.6
2024-11-27,,121.35
2024-11-28,,121.6
2024-11-29,,121.55
2024-12-02,118.15,117.85
2024-12-03,116.25,116.25
2024-12-04,,115.2
2024-12-05,114.5,114.5
2024-12-06,113.75,114
2024-12-09,113.75,113.9
2024-12-10,112.75,113.9
2024-12-11,113.75,113.7
2024-12-12,113.25,112.55
2024-12-13,,112.75
2024-12-16,,111.3
2024-12-17,112,111.75
2024-12-18,111.5,111.4
2024-12-19,111.5,111.5
2024-12-20,,111.85
2024-12-23,,112.3
2024-12-24,,112
2024-12-26,,112
2024-12-27,,112.25
2024-12-30,112.25,112.65
2024-12-31,114,113.95
2025-01-02,114.2,114.5
2025-01-03,113.3,112.85
2025-01-06,111.2,109.95
2025-01-07,109.8,109.95
2025-01-08,108,108.1
2025-01-09,105.75,104.85
2025-01-10,104,105.4
2025-01-13,107.25,107.75
2025-01-14,108.85,105.35
2025-01-15,106.95,106.35
2025-01-16,108,107.2
2025-01-17,109,108.9
2025-01-20,,110.7
2025-01-21,,112.2
2025-01-22,108.5,108.5
2025-01-23,109.5,109.1
2025-01-24,,108.65
2025-01-27,,109.1
2025-01-28,110.25,110.25
2025-01-29,110.75,109.95
2025-01-30,110.1,110
2025-01-31,,110.5
2025-02-03,109.05,109.3
2025-02-04,105.55,105.6
2025-02-05,105.5,105.9
2025-02-06,106.25,106.3
2025-02-07,104.75,105.15
2025-02-10,105.5,104.3
2025-02-11,,102.9
2025-02-12,,103.1
2025-02-13,,102.15
2025-02-14,100.15,101.45
2025-02-17,,99.5
2025-02-18,99,101.15
2025-02-19,101.9,100.75
2025-02-20,,100.4
2025-02-21,,99.75
2025-02-24,,100.1
2025-02-25,,99.75
2025-02-26,,99.9
2025-02-27,,99.75
2025-02-28,,99.75
2025-03-03,96.25,96.1
2025-03-04,96.25,96.25
2025-03-05,96.5,96.65
2025-03-06,96.7,96.65
2025-03-07,100.45,97
2025-03-10,99.5,100
2025-03-11,99.1,99.1
2025-03-12,,97.95
2025-03-13,98.5,97.95
2025-03-14,97.5,97.9
2025-03-17,,97.1
2025-03-18,,96.75
2025-03-19,,97.75
2025-03-20,,97.75
2025-03-21,98.25,98
2025-03-24,,97.6
2025-03-25,,97.05
2025-03-26,,97.6
2025-03-27,98,97.6
2025-03-28,,97.6
2025-03-31,104.45,104.2
2025-04-01,106.2,105.75
2025-04-02,104.25,103.4
2025-04-03,,101.25
2025-04-04,99.7,100
2025-04-07,102,102.25
2025-04-08,102.7,102.8
2025-04-09,101.5,101.55
2025-04-10,102.75,102.4
2025-04-11,103,102.55
2025-04-14,103.75,103.65
2025-04-15,104.5,104.3
2025-04-16,103.5,103.5
2025-04-17,103.5,102.55
2025-04-21,,102.55
2025-04-22,,102.35
2025-04-23,103.5,103
2025-04-24,,102.25
2025-04-25,,102
2025-04-28,92.4,92.2
2025-04-29,92.8,93
2025-04-30,93.25,93.65
2025-05-01,,94.1
2025-05-02,,94.6
2025-05-05,,94.75
2025-05-06,97,97.35
2025-05-07,99.45,98.6
2025-05-08,96.75,96.75
2025-05-09,96.75,96.05
2025-05-12,97.75,96.6
2025-05-13,,96.1
2025-05-14,95,94.6
2025-05-15,94.75,95
2025-05-16,,94.9
2025-05-19,,95.25
2025-05-20,96,96.2
2025-05-21,,96.05
2025-05-22,,96.45
2025-05-23,,96.25
2025-05-26,,97.8
2025-05-27,94,95.55
2025-05-28,94.3,95.7
2025-05-29,,95.7
2025-05-30,,95.9
2025-06-02,96.75,96.65
2025-06-03,97.3,97.15
2025-06-04,98.9,99.05
2025-06-05,100.65,100.55
2025-06-06,101.8,101.5
2025-06-09,103.5,103.2
2025-06-10,101.9,101.85
2025-06-11,102.7,102.2
2025-06-12,102.75,102.6
2025-06-13,103.6,103.35
2025-06-16,103.1,103.75
2025-06-17,104.2,104.1
2025-06-18,103.85,103.85
2025-06-19,,103.5
2025-06-20,,103.75
2025-06-23,,104.45
2025-06-24,103.45,103.5
2025-06-25,,103.2
2025-06-26,103.9,103.7
2025-06-27,,103.7
2025-06-30,107.65,107.25
2025-07-01,103.8,107.5
2025-07-02,109.2,109
2025-07-03,108.45,108.2
2025-07-04,106,105.75
2025-07-07,106,106.15
2025-07-08,106.65,107.1
2025-07-09,108,107.75
2025-07-10,108.6,108.35
2025-07-11,108.75,108.7
2025-07-14,106.5,106.55
2025-07-15,104.5,105.55
2025-07-16,,105.15
2025-07-17,105,104.8
2025-07-18,104.5,104.55
2025-07-21,104.5,104.2
2025-07-22,104.75,104.15
2025-07-23,,104.35
2025-07-24,104.5,104.45
2025-07-25,104.5,104.5
2025-07-28,102.75,103.4
2025-07-29,104.8,105.1
2025-07-30,104.5,104.55
2025-07-31,103.9,103.9
2025-08-01,103,103.45
2025-08-04,103.2,103.2
2025-08-05,102.25,102.6
2025-08-06,102,102.2
2025-08-07,,101.4
2025-08-08,101.25,101
2025-08-11,101,101.35
2025-08-12,100.25,100.35
2025-08-13,,100.3
2025-08-14,,99.8
2025-08-15,,99.4
2025-08-18,99.4,99.4
2025-08-19,100.25,100.25
2025-08-20,100.25,101
2025-08-21,100.7,100.4
2025-08-22,99.85,99.85
2025-08-25,99.85,100.4
2025-08-26,100.4,100.3
2025-08-27,99.75,99.7
2025-08-28,99.6,99.55
2025-08-29,,99.3
2025-09-01,96.4,96.45
2025-09-02,96.65,96.55
2025-09-03,96.3,96.4
2025-09-04,95.55,95.5
2025-09-05,94.8,95.2
2025-09-08,94.5,94.6
2025-09-09,94,94.2
2025-09-10,93,92.95
2025-09-11,93,93
2025-09-12,93,92.95
2025-09-15,93,92.85
2025-09-16,93.35,93.35
2025-09-17,93.5,93.55
2025-09-18,94,93.85
2025-09-19,,92.65
2025-09-22,92.7,92.9
2025-09-23,92.9,92.9
2025-09-24,,93.1
2025-09-25,92.7,92.8
2025-09-26,92.95,92.95
2025-09-29,93.85,93.9
2025-09-30,93.7,93.75
2025-10-01,92.8,92.85
2025-10-02,92,92.3
2025-10-03,91.7,92.05
2025-10-06,91.5,91.3
2025-10-07,91.25,91
2025-10-08,90.6,90.35
2025-10-09,90.5,90.1
2025-10-10,90.5,89.65
2025-10-13,89.3,89.1
2025-10-14,89,89.05
2025-10-15,91.5,91.05
2025-10-16,93,93.15
2025-10-17,93.2,93
2025-10-20,92.75,92.75
2025-10-21,,92.05
2025-10-22,,91.8
2025-10-23,92.6,92.5
2025-10-24,,92.15
2025-10-27,92.5,92.5
2025-10-28,92.5,92.7
2025-10-29,92.5,92.9
2025-10-30,93,93.15
2025-10-31,92.9,92.9
2025-11-03,96.8,96.25
2025-11-04,97.3,97.75
2025-11-05,97,97.2
2025-11-06,97.1,96.95
2025-11-07,96.75,96.75
2025-11-10,96.25,96
2025-11-11,95.9,95.7
2025-11-12,95.65,95.55
2025-11-13,95.5,95.25
2025-11-14,96.45,96.15
2025-11-17,96.45,96.45
2025-11-18,96.45,95.9
2025-11-19,96.25,96.25
2025-11-20,,96.1
2025-11-21,96.25,95.3
2025-11-24,96.3,95.85
2025-11-25,,96
2025-11-26,96,96
2025-11-27,96.4,95.9
2025-11-28,,96.45
2025-12-01,97.55,97.55
2025-12-02,99.4,99.55
2025-12-03,98.8,98.5
2025-12-04,97,97.2
2025-12-05,97.25,97.25
2025-12-08,97,97.05
2025-12-09,97.4,96.8
2025-12-10,,96.25
2025-12-11,96.5,96.4
2025-12-12,97.3,96.7
2025-12-15,95.75,95.9
2025-12-16,95.75,95.65
2025-12-17,96.5,96.75
2025-12-18,97.5,96.4
2025-12-19,96.9,96.6
2025-12-22,96.9,96.4
2025-12-23,96.45,96.45
2025-12-24,,96.7
2025-12-26,94.5,95.2
2025-12-29,96.25,96.3
2025-12-30,96.75,96.55
2025-12-31,,96.9
2026-01-02,98.15,98
2026-01-05,97.9,97.85
2026-01-06,99.5,98.65
2026-01-07,98.9,98.7
2026-01-08,97.9,98.2
2026-01-09,95.3,97
2026-01-12,97.3,97.05
数据来源：Wind
