国家,中国,中国,中国,中国,中国,中国,中国,中国,中国
指标名称,深圳:成交均价:碳排放权(SZA),深圳:当日成交量:碳排放权(SZA),深圳:累计成交量:碳排放权(SZA),深圳:累计成交额:碳排放权(SZA),深圳:收盘价:碳排放权(SZA),深圳:当日成交额:碳排放权(SZA),深圳:碳排放权(CCER):当日成交量,深圳:碳排放权(CCER):成交均价,深圳:碳排放权(CCER):当日成交额
频率,日,日,日,日,日,日,日,日,日
单位,元/吨,吨,吨,元,元/吨,元,吨,元/吨,元
指标ID,S6301300,S6301301,S6301303,S6301304,S6301299,S6301302,L8007779,K0235725,F0284076
时间区间,2013-06-18:2026-01-08,2013-06-18:2026-01-08,2013-06-18:2026-01-12,2013-06-18:2026-01-12,2013-06-18:2026-01-12,2013-06-18:2026-01-08,2015-04-27:2025-01-14,2015-06-15:2025-01-14,2015-06-15:2025-01-14
来源,深圳绿色交易所有限公司,深圳绿色交易所有限公司,深圳绿色交易所有限公司,深圳绿色交易所有限公司,深圳绿色交易所有限公司,深圳绿色交易所有限公司,深圳碳排放交易所,深圳碳排放交易所,深圳碳排放交易所
2022-06-29,35.63,3003,51363870,1.21736345968E9,34,107008,5000,,
2022-06-30,36.85,6254,51370124,1.21759393768E9,37.4,230478,,,
2022-07-01,37.27,6646,51376770,1.21784165488E9,38.5,247717.2,,,
2022-07-02,,,51376770,1.21784165488E9,,,,,
2022-07-03,,,51376770,1.21784165488E9,,,,,
2022-07-04,38.18,1145,51377915,1.21788537038E9,37.01,43715.5,5000,,
2022-07-05,37.2,803,51378718,1.2179152395E9,35.06,29869.12,5000,,
2022-07-06,36.53,1055,51379773,1.21795377448E9,36.98,38534.98,,,
2022-07-07,33.54,1,51379774,1.21795380802E9,33.54,33.54,,,
2022-07-08,,,51379774,1.21795380802E9,,,5000,,
2022-07-09,,,51379774,1.21795380802E9,,,,,
2022-07-10,,,51379774,1.21795380802E9,,,,,
2022-07-11,,,51379774,1.21795380802E9,,,,,
2022-07-12,36.89,3280,51383054,1.21807480722E9,36.89,120999.2,5000,,
2022-07-13,37.12,1352,51384406,1.21812499318E9,36.52,50185.96,,,
2022-07-14,39.94,407,51384813,1.21814124974E9,34.29,16256.56,,,
2022-07-15,42.21,25200,51410013,1.21920483374E9,37.72,1063584,5000,,
2022-07-16,,,51410013,1.21920483374E9,,,,,
2022-07-17,,,51410013,1.21920483374E9,,,,,
2022-07-18,39.73,1845,51411858,1.21927813489E9,36.51,73301.15,,,
2022-07-19,38.94,2799,51414657,1.21938712319E9,37.04,108988.3,,,
2022-07-20,38.2,8427,51423084,1.21970899805E9,38.28,321874.86,,,
2022-07-21,38.7,116,51423200,1.21971348772E9,38.8,4489.67,,,
2022-07-22,39.11,3078,51426278,1.21983385576E9,38.88,120368.04,,,
2022-07-23,,,51426278,1.21983385576E9,,,,,
2022-07-24,,,51426278,1.21983385576E9,,,,,
2022-07-25,38.94,3560,51429838,1.21997248272E9,39,138626.96,,,
2022-07-26,38.92,2751,51432589,1.22007956166E9,38.5,107078.94,,,
2022-07-27,38.2,2896,51435485,1.22019018904E9,38.2,110627.38,,,
2022-07-28,38.16,10264,51445749,1.22058190235E9,39,391713.31,,,
2022-07-29,38.47,22742,51468491,1.22145689455E9,39,874992.2,5000,,
2022-07-30,,,51468491,1.22145689455E9,,,,,
2022-07-31,,,51468491,1.22145689455E9,,,,,
2022-08-01,40.42,3282,51471773,1.22158956642E9,39.99,132671.87,5000,,
2022-08-02,38.96,13280,51485053,1.22210694942E9,39.99,517383,,,
2022-08-03,41.02,1517,51486570,1.22216917647E9,41,62227.05,5000,,
2022-08-04,40.18,5993,51492563,1.22240997844E9,39.99,240801.97,7005,20.1,40300
2022-08-05,39.06,13541,51506104,1.22293895595E9,39.19,528977.51,5000,,
2022-08-06,,,51506104,1.22293895595E9,,,,,
2022-08-07,,,51506104,1.22293895595E9,,,,,
2022-08-08,38.94,30333,51536437,1.22412020543E9,39.1,1181249.48,15000,,
2022-08-09,31.02,66660,51603097,1.22618780512E9,39.2,2067599.69,15000,,
2022-08-10,38.62,54056,51657153,1.22827549686E9,39,2087691.74,15000,,
2022-08-11,40.05,56946,51714099,1.23055640092E9,42.49,2280904.06,15000,,
2022-08-12,43.45,726878,52440977,1.26213963395E9,46.74,3.158323303E7,10000,,
2022-08-13,,,52440977,1.26213963395E9,,,,,
2022-08-14,,,52440977,1.26213963395E9,,,,,
2022-08-15,51.87,84587,52525564,1.26652683244E9,51.41,4387198.49,10000,,
2022-08-16,51.76,159792,52685356,1.27479809591E9,54.28,8271263.47,10000,,
2022-08-17,52.48,342337,53027693,1.29276262615E9,54.75,1.796453024E7,10000,,
2022-08-18,48.63,201276,53228969,1.30255065109E9,53.7,9788024.94,15000,,
2022-08-19,51.52,145581,53374550,1.31005119504E9,51,7500543.95,20498,61.66,30706.68
2022-08-20,,,53374550,1.31005119504E9,,,,,
2022-08-21,,,53374550,1.31005119504E9,,,,,
2022-08-22,50.67,137052,53511602,1.31699598346E9,54.96,6944788.42,10588,6.95,4088.97
2022-08-23,56.6,66324,53577926,1.32074972234E9,57,3753738.88,5000,,
2022-08-24,55.92,306825,53884751,1.33790755615E9,54.21,1.715783381E7,10000,,
2022-08-25,45.75,91816,53976567,1.34210797184E9,52.65,4200415.69,10000,,
2022-08-26,48.93,83421,54059988,1.34618972034E9,53.79,4081748.5,10000,,
2022-08-27,44.14,75136,54135124,1.34950644415E9,53.92,3316723.81,,,
2022-08-28,52.92,3791,54138915,1.34970705989E9,53.98,200615.74,5100,52,265200
2022-08-29,49.55,52879,54191794,1.35232740317E9,49.07,2620343.28,5000,,
2022-08-30,42.95,230347,54422141,1.36222070168E9,48.7,9893298.51,,,
2022-08-31,39.95,16833,54438974,1.36289317616E9,47.11,672474.48,,,
2022-09-01,48.68,3573,54442547,1.36306709311E9,47.8,173916.95,,,
2022-09-02,47.93,3,54442550,1.36306723691E9,47,143.8,5100,56.16,286416
2022-09-03,,,54442550,1.36306723691E9,,,,,
2022-09-04,,,54442550,1.36306723691E9,,,,,
2022-09-05,49.53,6,54442556,1.36306753408E9,48.8,297.17,5005,,
2022-09-06,48.77,4727,54447283,1.36329808399E9,47.5,230549.91,10005,,
2022-09-07,47.63,5,54447288,1.36329832213E9,48.6,238.14,5010,,
2022-09-08,49.04,4720,54452008,1.36352978165E9,49.99,231459.52,10010,,
2022-09-09,48.81,8926,54460934,1.36396548892E9,49.93,435707.27,10020,,
2022-09-10,,,54460934,1.36396548892E9,,,,,
2022-09-11,,,54460934,1.36396548892E9,,,,,
2022-09-12,,,54460934,1.36396548892E9,,,,,
2022-09-13,51.29,3,54460937,1.3639656428E9,50,153.88,15020,,
2022-09-14,50.86,736,54461673,1.36400307309E9,50.86,37430.29,10018,,
2022-09-15,50.5,3503,54465176,1.36417997774E9,50.5,176904.65,5018,,
2022-09-16,43.98,36590,54501766,1.36578934989E9,51.95,1609372.15,10021,,
2022-09-17,,,54501766,1.36578934989E9,,,,,
2022-09-18,,,54501766,1.36578934989E9,,,,,
2022-09-19,51.33,1697,54503463,1.36587646027E9,51.88,87110.38,5021,,
2022-09-20,50.61,6500,54509963,1.36620541027E9,50.5,328950,5020,,
2022-09-21,51,3103,54513066,1.36636367434E9,51.21,158264.07,5020,,
2022-09-22,54.19,1,54513067,1.36636372853E9,54.19,54.19,20015,,
2022-09-23,53.11,8866,54521933,1.36683460529E9,54.99,470876.76,5015,,
2022-09-24,,,54521933,1.36683460529E9,,,,,
2022-09-25,,,54521933,1.36683460529E9,,,,,
2022-09-26,51.26,35729,54557662,1.36866597202E9,49.99,1831366.73,5020,,
2022-09-27,49.99,266,54557928,1.36867926936E9,49.99,13297.34,5020,,
2022-09-28,48.74,8660,54566588,1.36910138644E9,48.8,422117.08,5040,,
2022-09-29,49.55,139471,54706059,1.37601168858E9,50.5,6910302.14,5040,,
2022-09-30,50.44,30913,54736972,1.37757091958E9,51.01,1559231,5025,,
2022-10-01,,,54736972,1.37757091958E9,,,,,
2022-10-02,,,54736972,1.37757091958E9,,,,,
2022-10-03,,,54736972,1.37757091958E9,,,,,
2022-10-04,,,54736972,1.37757091958E9,,,,,
2022-10-05,,,54736972,1.37757091958E9,,,,,
2022-10-06,,,54736972,1.37757091958E9,,,,,
2022-10-07,,,54736972,1.37757091958E9,,,,,
2022-10-08,,,54736972,1.37757091958E9,,,,,
2022-10-09,,,54736972,1.37757091958E9,,,,,
2022-10-10,50.93,3881,54740853,1.3777685829E9,52.25,197663.32,5025,,
2022-10-11,52,1,54740854,1.3777686349E9,52,52,,,
2022-10-12,51.71,8034,54748888,1.37818403441E9,51.5,415399.51,,,
2022-10-13,52.56,1502,54750390,1.37826298617E9,52.6,78951.76,5526,59,29500
2022-10-14,52.8,600,54750990,1.37829466617E9,52.8,31680,5026,,
2022-10-15,,,54750990,1.37829466617E9,,,,,
2022-10-16,,,54750990,1.37829466617E9,,,,,
2022-10-17,51.1,1,54750991,1.37829471727E9,51.1,51.1,5003,,
2022-10-18,48.24,105004,54855995,1.38335992648E9,53,5065209.21,5503,50,25000
2022-10-19,54,1,54855996,1.38335998048E9,54,54,5009,,
2022-10-20,52.94,2,54855998,1.38336008636E9,52.94,105.88,5009,,
2022-10-21,57.99,1,54855999,1.38336014435E9,57.99,57.99,,,
2022-10-22,,,54855999,1.38336014435E9,,,,,
2022-10-23,,,54855999,1.38336014435E9,,,,,
2022-10-24,,,54855999,1.38336014435E9,,,,,
2022-10-25,55.1,2,54856001,1.38336025454E9,58,110.19,,,
2022-10-26,55,37003,54893004,1.38539541873E9,56.99,2035164.19,,,
2022-10-27,53.75,4002,54897006,1.38561052499E9,57.48,215106.26,6000,,
2022-10-28,57,2,54897008,1.38561063899E9,57,114,,,
2022-10-29,,,54897008,1.38561063899E9,,,,,
2022-10-30,,,54897008,1.38561063899E9,,,,,
2022-10-31,58,501,54897509,1.38563969699E9,58,29058,,,
2022-11-01,55.13,3,54897512,1.38563986239E9,52.51,165.4,,,
2022-11-02,54.81,5,54897517,1.38564013645E9,54.99,274.06,,,
2022-11-03,59.5,1,54897518,1.38564019595E9,59.5,59.5,,,
2022-11-04,57.96,13307,54910825,1.38641140593E9,59.99,771209.98,,,
2022-11-05,,,54910825,1.38641140593E9,,,,,
2022-11-06,,,54910825,1.38641140593E9,,,,,
2022-11-07,65.98,1,54910826,1.38641147191E9,65.98,65.98,,,
2022-11-08,48.78,37000,54947826,1.38821629691E9,65.98,1804825,,,
2022-11-09,59.5,101,54947927,1.38822230665E9,59.38,6009.74,,,
2022-11-10,63,501,54948428,1.38825387165E9,63,31565,5014,,
2022-11-11,,,54948428,1.38825387165E9,,,,,
2022-11-12,,,54948428,1.38825387165E9,,,,,
2022-11-13,,,54948428,1.38825387165E9,,,,,
2022-11-14,60.18,21,54948449,1.38825513552E9,63.87,1263.87,,,
2022-11-15,,,54948449,1.38825513552E9,,,,,
2022-11-16,55.01,2105,54950554,1.38837092811E9,61.99,115792.59,100,75,7500
2022-11-17,62.53,3,54950557,1.38837111571E9,59.5,187.6,,,
2022-11-18,61.32,3,54950560,1.38837129968E9,63.98,183.97,,,
2022-11-19,,,54950560,1.38837129968E9,,,,,
2022-11-20,,,54950560,1.38837129968E9,,,,,
2022-11-21,57.78,2006,54952566,1.38848721496E9,67.99,115915.28,,,
2022-11-22,61.19,1,54952567,1.38848727615E9,61.19,61.19,,,
2022-11-23,55.12,2008,54954575,1.38859796274E9,65.48,110686.59,,,
2022-11-24,58.93,1605,54956180,1.38869254539E9,58.93,94582.65,,,
2022-11-25,41.3,17752,54973932,1.38942569439E9,58,733149,,,
2022-11-26,,,54973932,1.38942569439E9,,,,,
2022-11-27,,,54973932,1.38942569439E9,,,,,
2022-11-28,59.7,14922,54988854,1.39031656479E9,61.96,890870.4,,,
2022-11-29,57.24,10489,54999343,1.39091697609E9,55.76,600411.3,,,
2022-11-30,58.47,1302,55000645,1.39099310371E9,54.01,76127.62,,,
2022-12-01,54.01,2183,55002828,1.39111101631E9,55,117912.6,,,
2022-12-02,56.2,3,55002831,1.39111118491E9,54.5,168.6,,,
2022-12-03,,,55002831,1.39111118491E9,,,,,
2022-12-04,,,55002831,1.39111118491E9,,,,,
2022-12-05,57.01,302,55003133,1.39112840284E9,57.98,17217.93,,,
2022-12-06,55.01,3031,55006164,1.39129512734E9,54.5,166724.5,,,
2022-12-07,55,2001,55008165,1.39140518433E9,56.99,110056.99,,,
2022-12-08,55,1594,55009759,1.39149285801E9,56.69,87673.68,,,
2022-12-09,53.89,1663,55011422,1.39158248374E9,56.89,89625.73,,,
2022-12-10,,,55011422,1.39158248374E9,,,11014,,
2022-12-11,,,55011422,1.39158248374E9,,,,,
2022-12-12,51.77,56736,55068158,1.39451991584E9,55.95,2937432.1,,,
2022-12-13,45.63,21251,55089409,1.39548968583E9,54.99,969769.99,,,
2022-12-14,54.11,11599,55101008,1.39611726483E9,57,627579,,,
2022-12-15,50.91,39356,55140364,1.39812104923E9,55,2003784.4,,,
2022-12-16,50.02,120671,55261035,1.40415679223E9,53.8,6035743,,,
2022-12-17,,,55261035,1.40415679223E9,,,,,
2022-12-18,,,55261035,1.40415679223E9,,,,,
2022-12-19,54,2,55261037,1.40415690023E9,54,108,,,
2022-12-20,50.28,2153,55263190,1.40426515693E9,53,108256.7,5000,,
2022-12-21,53.64,5,55263195,1.40426542513E9,54,268.2,,,
2022-12-22,54.1,2,55263197,1.40426553333E9,52.2,108.2,,,
2022-12-23,46.01,150003,55413200,1.41116649632E9,52,6900962.99,,,
2022-12-24,,,55413200,1.41116649632E9,,,,,
2022-12-25,,,55413200,1.41116649632E9,,,,,
2022-12-26,55.9,3,55413203,1.41116666402E9,55.9,167.7,,,
2022-12-27,55,1,55413204,1.41116671902E9,55,55,,,
2022-12-28,55,45905,55459109,1.4136914975E9,53,2524778.48,5000,,
2022-12-29,59.68,162893,55622002,1423412753,53.5,9721255.5,5000,,
2022-12-30,54.09,2010,55624012,1423521473,53.5,108720,,,
2022-12-31,,,55624012,1423521473,,,,,
2023-01-01,,,55624012,1423521473,,,,,
2023-01-02,,,55624012,1423521473,,,,,
2023-01-03,53.51,300,55624312,1.42353752598E9,56.48,16052.98,,,
2023-01-04,53.13,3,55624315,1.42353768538E9,52.3,159.4,,,
2023-01-05,54.6,3,55624318,1.42353784918E9,54,163.8,,,
2023-01-06,57.91,159602,55783920,1.43278055792E9,53.22,9242708.74,,,
2023-01-07,,,55783920,1.43278055792E9,,,,,
2023-01-08,,,55783920,1.43278055792E9,,,,,
2023-01-09,54.6,500,55784420,1.43280785792E9,54.6,27300,,,
2023-01-10,44.18,19826,55804246,1.43368378272E9,55,875924.8,,,
2023-01-11,57.3,999,55805245,1.43374102441E9,53.69,57241.69,,,
2023-01-12,40.24,12267,55817512,1.43423470441E9,55,493680,,,
2023-01-13,,,55817512,1.43423470441E9,55,,,,
2023-01-14,,,55817512,1.43423470441E9,,,,,
2023-01-15,,,55817512,1.43423470441E9,,,,,
2023-01-16,54.46,8,55817520,1.43423514011E9,53.5,435.7,,,
2023-01-17,54.13,3,55817523,1.43423530249E9,54.88,162.38,,,
2023-01-18,,,55817523,1.43423530249E9,54.88,,,,
2023-01-19,,,55817523,1.43423530249E9,54.88,,,,
2023-01-20,,,55817523,1.43423530249E9,54.88,,,,
2023-01-21,,,55817523,1.43423530249E9,,,,,
2023-01-22,,,55817523,1.43423530249E9,,,,,
2023-01-23,,,55817523,1.43423530249E9,,,,,
2023-01-24,,,55817523,1.43423530249E9,,,,,
2023-01-25,,,55817523,1.43423530249E9,,,,,
2023-01-26,,,55817523,1.43423530249E9,,,,,
2023-01-27,,,55817523,1.43423530249E9,,,,,
2023-01-28,,,55817523,1.43423530249E9,,,,,
2023-01-29,,,55817523,1.43423530249E9,,,,,
2023-01-30,,,55817523,1.43423530249E9,54.88,,,,
2023-01-31,56.38,4192,55821715,1.4344716307E9,55.01,236328.21,,,
2023-02-01,48.99,30061,55851776,1.43594424571E9,55.01,1472615.01,,,
2023-02-02,40.5,10000,55861776,1.43634924571E9,55.01,405000,,,
2023-02-03,56.39,1133,55862909,1.43641313684E9,55.11,63891.13,,,
2023-02-04,,,55862909,1.43641313684E9,,,,,
2023-02-05,,,55862909,1.43641313684E9,,,,,
2023-02-06,,,55862909,1.43641313684E9,55.11,,,,
2023-02-07,55,3950,55866859,1.43663038684E9,55,217250,,,
2023-02-08,55.67,5743,55872602,1.43695011484E9,56,319728,,,
2023-02-09,56,100,55872702,1.43695571484E9,56,5600,,,
2023-02-10,,,55872702,1.43695571484E9,56,,,,
2023-02-11,,,55872702,1.43695571484E9,,,,,
2023-02-12,,,55872702,1.43695571484E9,,,,,
2023-02-13,,,55872702,1.43695571484E9,56,,,,
2023-02-14,,,55872702,1.43695571484E9,56,,10000,,
2023-02-15,55.01,1500,55874202,1.43703822984E9,55.01,82515,,,
2023-02-16,,,55874202,1.43703822984E9,55.01,,,,
2023-02-17,55.8,200,55874402,1.43704938984E9,55.8,11160,,,
2023-02-18,,,55874402,1.43704938984E9,,,,,
2023-02-19,,,55874402,1.43704938984E9,,,,,
2023-02-20,,,55874402,1.43704938984E9,55.8,,,,
2023-02-21,,,55874402,1.43704938984E9,55.8,,,,
2023-02-22,50.53,4667,55879069,1.43728523393E9,55.21,235844.09,,,
2023-02-23,55.22,1451,55880520,1.43736535953E9,55.6,80125.6,,,
2023-02-24,55.6,2600,55883120,1.43750991629E9,55.95,144556.76,18,1,18
2023-02-25,,,55883120,1.43750991629E9,,,,,
2023-02-26,,,55883120,1.43750991629E9,,,,,
2023-02-27,55.18,45812,55928932,1.44003795641E9,56.01,2528040.12,,,
2023-02-28,56.48,988,55929920,1.44009375929E9,58,55802.88,,,
2023-03-01,57.84,4,55929924,1.44009399063E9,57.02,231.34,5,5204,26020
2023-03-02,58.5,1,55929925,1.44009404913E9,58.5,58.5,5,20.2,101
2023-03-03,57.98,612,55930537,1.44012953011E9,58.49,35480.98,33,68.19,2250.16
2023-03-04,,,55930537,1.44012953011E9,,,,,
2023-03-05,,,55930537,1.44012953011E9,,,,,
2023-03-06,57.34,4100,55934637,1.44036462911E9,58.5,235099,33,2645.46,87300.04
2023-03-07,55.93,7371,55942008,1.44077686611E9,58.5,412237,33,48,1584
2023-03-08,58.67,1500,55943508,1.44086486611E9,58.8,88000,,,
2023-03-09,42.46,15117,55958625,1.44150677423E9,59,641908.12,,,
2023-03-10,59.5,16201,55974826,1.44247077982E9,57,964005.59,229,80,18320
2023-03-11,,,55974826,1.44247077982E9,,,,,
2023-03-12,,,55974826,1.44247077982E9,,,,,
2023-03-13,45.62,43296,56018122,1.44444579247E9,59,1975012.65,10000,,
2023-03-14,58,1473,56019595,1.44453122647E9,58,85434,5000,,
2023-03-15,59.08,3,56019598,1.44453140372E9,60,177.25,23650,,
2023-03-16,50.83,10900,56030498,1.44508540172E9,60,553998,5000,,
2023-03-17,59.99,636,56031134,1.44512355297E9,57.6,38151.25,,,
2023-03-18,,,56031134,1.44512355297E9,,,,,
2023-03-19,,,56031134,1.44512355297E9,,,,,
2023-03-20,60.21,4533,56035667,1445396504,59.02,272951.03,,,
2023-03-21,60.43,442,56036109,1.44542321257E9,58.05,26708.57,,,
2023-03-22,57.32,2520,56038629,1.44556766943E9,60,144456.86,,,
2023-03-23,55.87,1633,56040262,1.44565889793E9,57.95,91228.5,28650,,
2023-03-24,59.79,12535,56052797,1.44640841045E9,59.15,749512.52,10000,,
2023-03-25,,,56052797,1.44640841045E9,,,,,
2023-03-26,,,56052797,1.44640841045E9,,,,,
2023-03-27,59.15,5559,56058356,1.44673723396E9,59.15,328823.51,5000,,
2023-03-28,60.36,1382,56059738,1.44682065006E9,60.36,83416.1,10,176.9,1769
2023-03-29,42.92,12235,56071973,1.44734578636E9,58.5,525136.3,2510,103.31,259302
2023-03-30,40.95,15001,56086974,1.44796009736E9,58.5,614311,100,65,6500
2023-03-31,60.23,1402,56088376,1.44804453506E9,60.23,84437.7,1900,50.01,95019
2023-04-01,,,56088376,1.44804453506E9,,,,,
2023-04-02,,,56088376,1.44804453506E9,,,,,
2023-04-03,45.68,12300,56100676,1.44860643506E9,61,561900,6912,179.87,343911
2023-04-04,61,1,56100677,1.44860649606E9,61,61,2346,55.01,129053.46
2023-04-05,,,56100677,1.44860649606E9,,,,,
2023-04-06,58.61,6470,56107147,1.44898569206E9,58.61,379196,2545,164.25,418024
2023-04-07,,,56107147,1.44898569206E9,58.61,,2545,71.81,182750
2023-04-08,,,56107147,1.44898569206E9,,,,,
2023-04-09,,,56107147,1.44898569206E9,,,,,
2023-04-10,61.8,450,56107597,1.44901350206E9,61.54,27810,1042,128.39,133782
2023-04-11,59.02,1158,56108755,1.44908184722E9,59.02,68345.16,1042,64.82,67542
2023-04-12,55.91,39776,56148531,1.45130570901E9,55.91,2223861.79,15090,163,14670
2023-04-13,57.76,11565,56160096,1.45197367456E9,57.76,667965.55,15090,30,2700
2023-04-14,58.19,5340,56165436,1.45228442256E9,58.19,310748,5000,,
2023-04-15,,,56165436,1.45228442256E9,,,,,
2023-04-16,,,56165436,1.45228442256E9,,,,,
2023-04-17,59.1,7151,56172587,1.45270703445E9,59.1,422611.89,5000,,
2023-04-18,60,1041,56173628,1.45276949645E9,60,62462,5000,,
2023-04-19,60,1007,56174635,1.45282991505E9,60,60418.6,,,
2023-04-20,60.83,1500,56176135,1.45292116505E9,60.83,91250,,,
2023-04-21,60.02,10,56176145,1.45292176525E9,60.83,600.2,,,
2023-04-22,,,56176145,1.45292176525E9,,,,,
2023-04-23,,,56176145,1.45292176525E9,,,,,
2023-04-24,61.61,9916,56186061,1.45353270701E9,61.61,610941.76,100,61,6100
2023-04-25,61.77,6710,56192771,1.45394720011E9,61.77,414493.1,13,62,806
2023-04-26,61.86,3500,56196271,1.45416371011E9,61.86,216510,,,
2023-04-27,62.72,650,56196921,1.45420448061E9,62.72,40770.5,5000,,
2023-04-28,,,56196921,1.45420448061E9,62.72,,25,47.2,1180
2023-04-29,,,56196921,1.45420448061E9,,,,,
2023-04-30,,,56196921,1.45420448061E9,,,,,
2023-05-01,,,56196921,1.45420448061E9,,,,,
2023-05-02,,,56196921,1.45420448061E9,,,,,
2023-05-03,,,56196921,1.45420448061E9,,,,,
2023-05-04,61.52,116400,56313321,1.46136538061E9,62.72,7160900,11078,52,50856
2023-05-05,62.89,1500,56314821,1.46145972061E9,62.89,94340,,,
2023-05-06,,,56314821,1.46145972061E9,,,,,
2023-05-07,,,56314821,1.46145972061E9,,,,,
2023-05-08,51.82,13500,56328321,1.46215933561E9,64.18,699615,,,
2023-05-09,,,56328321,1.46215933561E9,64.18,,,,
2023-05-10,59.93,120444,56448765,1.46937774385E9,63.72,7218408.24,,,
2023-05-11,63,300,56449065,1.46939664385E9,63,18900,,,
2023-05-12,63.58,14780,56463845,1.47033629405E9,63.58,939650.2,,,
2023-05-13,,,56463845,1.47033629405E9,,,,,
2023-05-14,,,56463845,1.47033629405E9,,,,,
2023-05-15,65.63,5463,56469308,1.47069480785E9,65.63,358513.8,,,
2023-05-16,,,56469308,1.47069480785E9,65.63,,,,
2023-05-17,65,3944,56473252,1.47095115785E9,65,256350,4,45,180
2023-05-18,65.87,9669,56482921,1.47158802716E9,65.87,636869.31,,,
2023-05-19,66,5117,56488038,1.47192573866E9,66,337711.5,3,45,135
2023-05-20,,,56488038,1.47192573866E9,,,,,
2023-05-21,,,56488038,1.47192573866E9,,,,,
2023-05-22,65.21,1700,56489738,1.47203658866E9,65.21,110850,11802,60.2,108484.25
2023-05-23,65.02,22388,56512126,1.47349221916E9,65.02,1455630.5,10000,,
2023-05-24,59.94,78300,56590426,1.47818582216E9,63.74,4693603,309,61.27,18931.2
2023-05-25,54.15,126100,56716526,1.48501420016E9,63.78,6828378,2,60,120
2023-05-26,65,1001,56717527,1.48507926276E9,65,65062.6,95,51.45,4888
2023-05-27,,,56717527,1.48507926276E9,,,,,
2023-05-28,,,56717527,1.48507926276E9,,,,,
2023-05-29,65.1,9925,56727452,1.48572541326E9,65.1,646150.5,15000,,
2023-05-30,65.13,6400,56733852,1.48614226616E9,65.13,416852.9,5000,,
2023-05-31,64.8,2200,56736052,1.48628482616E9,64.8,142560,,,
2023-06-01,64.93,3056,56739108,1.48648326056E9,64.93,198434.4,,,
2023-06-02,64.94,7374,56746482,1.4869621076E9,64.94,478847.04,,,
2023-06-03,,,56746482,1.4869621076E9,,,,,
2023-06-04,,,56746482,1.4869621076E9,,,,,
2023-06-05,67.06,3245,56749727,1.48717970706E9,67.06,217599.46,100,58.99,5899
2023-06-06,65.8,1,56749728,1.48717977286E9,65.8,65.8,,,
2023-06-07,65.89,4293,56754021,1.48746265793E9,65.89,282885.07,,,
2023-06-08,65.8,178,56754199,1.48747437033E9,65.8,11712.4,,,
2023-06-09,65,2500,56756699,1.48763687033E9,65,162500,,,
2023-06-10,,,56756699,1.48763687033E9,,,,,
2023-06-11,,,56756699,1.48763687033E9,,,,,
2023-06-12,64.47,15000,56771699,1.48860387033E9,64.47,967000,,,
2023-06-13,,,56771699,1.48860387033E9,64.47,,,,
2023-06-14,63.24,101,56771800,1.48861025733E9,63.24,6387,200,60,12000
2023-06-15,63.66,900,56772700,1.48866754833E9,63.66,57291,,,
2023-06-16,64.5,1430,56774130,1.48875978333E9,64.5,92235,,,
2023-06-17,,,56774130,1.48875978333E9,,,,,
2023-06-18,,,56774130,1.48875978333E9,,,,,
2023-06-19,,,56774130,1.48875978333E9,64.5,,,,
2023-06-20,63.65,6110,56780240,1.48914870273E9,63.65,388919.4,1,80,80
2023-06-21,63.57,3102,56783342,1.48934588491E9,63.57,197182.18,,,
2023-06-22,,,56783342,1.48934588491E9,,,,,
2023-06-23,,,56783342,1.48934588491E9,,,,,
2023-06-24,,,56783342,1.48934588491E9,,,,,
2023-06-25,,,56783342,1.48934588491E9,,,,,
2023-06-26,61.71,8675,56792017,1.48988124921E9,61.71,535364.3,,,
2023-06-27,62.83,6258,56798275,1.49027442721E9,62.83,393178,,,
2023-06-28,61.04,4162,56802437,1.49052847321E9,61.04,254046,3,75,225
2023-06-29,60.54,4970,56807407,1.49082937221E9,60.54,300899,,,
2023-06-30,64.68,17363,56824770,1.49195237021E9,64.68,1122998,,,
2023-07-01,,,56824770,1.49195237021E9,,,,,
2023-07-02,,,56824770,1.49195237021E9,,,,,
2023-07-03,,,56824770,1.49195237021E9,64.68,,,,
2023-07-04,,,56824770,1.49195237021E9,64.68,,1,50,50
2023-07-05,63.69,3522,56828292,1.49217669197E9,63.69,224321.76,,,
2023-07-06,61.76,146300,56974592,1.50121197197E9,63.06,9035280,4997,52,259844
2023-07-07,64.97,11627,56986219,1.5019673982E9,64.97,755426.23,,,
2023-07-08,,,56986219,1.5019673982E9,,,,,
2023-07-09,,,56986219,1.5019673982E9,,,,,
2023-07-10,65,2700,56988919,1.5021428882E9,65,175490,,,
2023-07-11,63.75,800,56989719,1.5021938882E9,63.75,51000,,,
2023-07-12,,,56989719,1.5021938882E9,63.75,,1,40,40
2023-07-13,,,56989719,1.5021938882E9,63.75,,,,
2023-07-14,62.53,485,56990204,1.5022242172E9,62.53,30329,,,
2023-07-15,,,56990204,1.5022242172E9,,,,,
2023-07-16,,,56990204,1.5022242172E9,,,,,
2023-07-17,63.55,4730,56994934,1.5025247897E9,63.55,300572.5,,,
2023-07-18,63.02,48274,57043208,1.5055670592E9,63.02,3042269.5,,,
2023-07-19,64.07,3600,57046808,1.5057976992E9,64.07,230640,,,
2023-07-20,60.09,99061,57145869,1.5117505345E9,63.69,5952835.3,5,61.5,307.5
2023-07-21,63.85,15925,57161794,1.51276730703E9,63.85,1016772.53,,,
2023-07-22,,,57161794,1.51276730703E9,,,,,
2023-07-23,,,57161794,1.51276730703E9,,,,,
2023-07-24,63.13,108632,57270426,1.51962554094E9,63.13,6858233.91,,,
2023-07-25,62.98,3439,57273865,1.51984214346E9,62.98,216602.52,,,
2023-07-26,56.8,86326,57360191,1.52474515386E9,63.18,4903010.4,,,
2023-07-27,63.06,10913,57371104,1.52543336552E9,63.06,688211.66,,,
2023-07-28,63,1678,57372782,1.52553907652E9,63,105711,,,
2023-07-29,,,57372782,1.52553907652E9,,,,,
2023-07-30,,,57372782,1.52553907652E9,,,,,
2023-07-31,59.41,132001,57504783,1.53338133003E9,59.85,7842253.51,,,
2023-08-01,62.84,19545,57524328,1.53460952828E9,62.84,1228198.25,20000,,
2023-08-02,62.58,4755,57529083,1.53490708578E9,62.58,297557.5,20000,,
2023-08-03,62.7,30066,57559149,1.53679232947E9,62.7,1885243.69,5000,,
2023-08-04,62.22,51590,57610739,1.54000226182E9,62.49,3209932.35,5000,,
2023-08-05,,,57610739,1.54000226182E9,,,,,
2023-08-06,,,57610739,1.54000226182E9,,,,,
2023-08-07,62.49,16446,57627185,1.54103004489E9,62.49,1027783.07,,,
2023-08-08,62.44,5556,57632741,1.54137694829E9,62.44,346903.4,20000,,
2023-08-09,61.86,48535,57681276,1.54437909989E9,60.94,3002151.6,10000,,
2023-08-10,60.04,2281,57683557,1.54451606189E9,60.04,136962,10000,,
2023-08-11,60.31,42797,57726354,1.54709720274E9,61.16,2581140.85,30000,,
2023-08-12,,,57726354,1.54709720274E9,,,,,
2023-08-13,,,57726354,1.54709720274E9,,,,,
2023-08-14,49.26,15808,57742162,1.54787598366E9,60.38,778780.92,,,
2023-08-15,59.88,16166,57758328,1.54884393515E9,59.88,967951.49,,,
2023-08-16,59.99,88225,57846553,1.5541368624E9,60.04,5292927.25,,,
数据来源：Wind
