国家,中国,中国,中国,中国,中国,中国
指标名称,湖北:成交均价:碳排放权(HBEA),湖北:当日成交量:碳排放权(HBEA),湖北:收盘价:碳排放权(HBEA),湖北:累计成交量:碳排放权(HBEA),湖北:累计成交额:碳排放权(HBEA),湖北:当日成交额:碳排放权(HBEA)
频率,日,日,日,日,日,日
单位,元/吨,吨,元/吨,吨,元,元
指标ID,S6324389,S6324390,S6324388,S6324392,S6324393,S6324391
时间区间,2014-04-28:2026-01-12,2014-04-28:2026-01-12,2014-04-28:2026-01-12,2014-04-28:2026-01-12,2014-04-28:2026-01-12,2014-04-28:2026-01-12
来源,湖北碳排放权交易中心,湖北碳排放权交易中心,湖北碳排放权交易中心,湖北碳排放权交易中心,湖北碳排放权交易中心,湖北碳排放权交易中心
2022-02-11,49.88,26051,50.1,78202672,1.84183111799E9,1299533.98
2022-02-14,50.77,13999,53,78216671,1.84254178905E9,710671.06
2022-02-15,53.36,28393,54.01,78245064,1.84405678627E9,1514997.22
2022-02-16,53.27,12461,53.32,78257525,1.84472061471E9,663828.44
2022-02-17,52.45,6598,52.77,78264123,1.84506669862E9,346083.91
2022-02-18,54.14,13320,53,78277443,1.84578789652E9,721197.9
2022-02-21,51.82,6037,52.69,78283480,1.84610075353E9,312857.01
2022-02-22,51.64,4218,51.76,78287698,1.84631855941E9,217805.88
2022-02-23,51.65,2202,51.64,78289900,1.84643228517E9,113725.76
2022-02-24,51.69,5459,51.76,78295359,1.84671444529E9,282160.12
2022-02-25,51.74,5055,51.69,78300414,1.84697601084E9,261565.55
2022-02-28,51.26,14478,51.48,78314892,1.84771816478E9,742153.94
2022-03-01,50.28,16130,50.5,78331022,1.84852924348E9,811078.7
2022-03-02,50.13,11256,50.54,78342278,1.8490935614E9,564317.92
2022-03-03,49.21,31508,49.11,78373786,1.85064398195E9,1550420.55
2022-03-04,48,11774,49.3,78385560,1.85120911931E9,565137.36
2022-03-07,47.66,19663,47.4,78405223,1.85214619307E9,937073.76
2022-03-08,47.18,3320,47.29,78408543,1.85230281605E9,156622.98
2022-03-09,47.61,12818,48.22,78421361,1.85291303865E9,610222.6
2022-03-10,48.07,7319,47.2,78428680,1.8532648499E9,351811.25
2022-03-11,48.18,11247,47.9,78439927,1.85380676543E9,541915.53
2022-03-14,47.66,12492,47.6,78452419,1.85440216319E9,595397.76
2022-03-15,47.05,8806,47.61,78461225,1.85481650352E9,414340.33
2022-03-16,47.16,11536,47.49,78472761,1.85536059229E9,544088.77
2022-03-17,47.37,13512,47.32,78486273,1.85600066058E9,640068.29
2022-03-18,47.41,14633,47.31,78500906,1.85669435334E9,693692.76
2022-03-21,46.13,14879,46.94,78515785,1.85738070328E9,686349.94
2022-03-22,46.06,9166,46.91,78524951,1.85780290516E9,422201.88
2022-03-23,46.68,5638,46.28,78530589,1.85806611195E9,263206.79
2022-03-24,43.04,29650,45.57,78560239,1859342241,1276129.05
2022-03-25,44.11,8412,44.99,78568651,1.85971326413E9,371023.13
2022-03-28,44.81,5020,45.75,78573671,1.85993822371E9,224959.58
2022-03-29,46.21,7252,46.99,78580923,1.86027331759E9,335093.88
2022-03-30,46.59,9082,46.71,78590005,1.86069646738E9,423149.79
2022-03-31,46.82,8175,46.88,78598180,1.86107920973E9,382742.35
2022-04-01,46.04,6671,46.91,78604851,1.86138636095E9,307151.22
2022-04-02,,,,78604851,1.86138636095E9,
2022-04-06,46.75,10646,47,78615497,1.86188404384E9,497682.89
2022-04-07,47.05,8652,47.07,78624149,1.86229111099E9,407067.15
2022-04-08,46.73,8919,47.17,78633068,1.86270786793E9,416756.94
2022-04-11,,,,78633068,1.86270786793E9,
2022-04-12,,,,78633068,1.86270786793E9,
2022-04-13,,,,78633068,1.86270786793E9,
2022-04-14,,,,78633068,1.86270786793E9,
2022-04-15,,,,78633068,1.86270786793E9,
2022-04-18,47,9203,47.08,78642271,1.86314044228E9,432574.35
2022-04-19,46.9,1097,47.09,78643368,1.86319189033E9,51448.05
2022-04-20,46.37,6238,47,78649606,1.86348114792E9,289257.59
2022-04-21,46.96,11657,47.09,78661263,1.8640285655E9,547417.58
2022-04-22,46.55,11915,46.95,78673178,1.86458321406E9,554648.56
2022-04-24,,,,78673178,1.86458321406E9,
2022-04-25,46.56,14555,46.99,78687733,1.86526087214E9,677658.08
2022-04-26,46.8,10492,46.99,78698225,1.86575185992E9,490987.78
2022-04-27,46.84,11261,46.88,78709486,1.86627933477E9,527474.85
2022-04-28,46.32,128919,46.87,78838405,1.87225092548E9,5971590.71
2022-04-29,46.47,19679,46.65,78858084,1.87316541702E9,914491.54
2022-05-05,45.82,106668,46.39,78964752,1.87805344661E9,4888029.59
2022-05-06,45.7,12468,44.81,78977220,1.87862318765E9,569741.04
2022-05-07,,,,78977220,1.87862318765E9,
2022-05-09,44.26,21829,43.01,78999049,1.87958925773E9,966070.08
2022-05-10,43.86,20779,44.16,79019828,1.88050063162E9,911373.89
2022-05-11,43.46,9038,44.31,79028866,1.88089340738E9,392775.76
2022-05-12,44.83,8156,43.95,79037022,1.8812590672E9,365659.82
2022-05-13,44.01,1539,44.19,79038561,1.88132680494E9,67737.74
2022-05-14,,,,79038561,1.88132680494E9,
2022-05-15,,,,79038561,1.88132680494E9,
2022-05-16,45.49,28670,46.54,79067231,1.88263103431E9,1304229.37
2022-05-17,46.63,14608,46.87,79081839,1.88331217922E9,681144.91
2022-05-18,46.01,14802,46.79,79096641,1.88399319812E9,681018.9
2022-05-19,46.8,57470,46.84,79154111,1.88668274636E9,2689548.24
2022-05-20,45.25,5334,46.88,79159445,1.88692410701E9,241360.65
2022-05-21,,,,79159445,1.88692410701E9,
2022-05-22,,,,79159445,1.88692410701E9,
2022-05-23,46.86,922,46.9,79160367,1.88696731165E9,43204.64
2022-05-24,46.25,15881,47,79176248,1.88770172957E9,734417.92
2022-05-25,47.52,8771,47.28,79185019,1.88811853075E9,416801.18
2022-05-26,46.5,12427,47.2,79197446,1.88869640451E9,577873.76
2022-05-27,47.15,15848,47.18,79213294,1.88944370702E9,747302.51
2022-05-28,,,,79213294,1.88944370702E9,
2022-05-29,,,,79213294,1.88944370702E9,
2022-05-30,46.74,1084,47.18,79214378,1.8894943721E9,50665.08
2022-05-31,47.29,1667,47.14,79216045,1.8895731962E9,78824.1
2022-06-01,47.01,6938,47.02,79222983,1.88989936968E9,326173.48
2022-06-02,47.08,4259,47.1,79227242,1.89009989061E9,200520.93
2022-06-03,,,,79227242,1.89009989061E9,
2022-06-04,,,,79227242,1.89009989061E9,
2022-06-05,,,,79227242,1.89009989061E9,
2022-06-06,47.28,3209,47.28,79230451,1.89025162765E9,151737.04
2022-06-07,47.02,2620,47.2,79233071,1.89037481124E9,123183.59
2022-06-08,46.95,6635,47.1,79239706,1.89068634006E9,311528.82
2022-06-09,47.29,15747,47.48,79255453,1.89143104486E9,744704.8
2022-06-10,47.16,789,47.44,79256242,1.89146825313E9,37208.27
2022-06-11,,,,79256242,1.89146825313E9,
2022-06-12,,,,79256242,1.89146825313E9,
2022-06-13,51.05,18686,47.95,79274928,1.89242224546E9,953992.33
2022-06-14,47.17,3250,47.49,79278178,1.89257556228E9,153316.82
2022-06-15,48.18,4789,48,79282967,1.89280630149E9,230739.21
2022-06-16,47.74,18200,47.89,79301167,1.89367514338E9,868841.89
2022-06-17,47.6,45294,47.93,79346461,1.89583111846E9,2155975.08
2022-06-18,,,,79346461,1.89583111846E9,
2022-06-19,,,,79346461,1.89583111846E9,
2022-06-20,47.47,19060,47.89,79365521,1.89673593587E9,904817.41
2022-06-21,47.61,24555,47.89,79390076,1.89790508164E9,1169145.77
2022-06-22,48.34,11849,48.63,79401925,1.89847787552E9,572793.88
2022-06-23,48.42,9340,48.87,79411265,1.89893016077E9,452285.25
2022-06-24,48.68,6499,49.49,79417764,1.89924650529E9,316344.52
2022-06-25,,,,79417764,1.89924650529E9,
2022-06-26,,,,79417764,1.89924650529E9,
2022-06-27,48.98,7096,49.35,79424860,1.89959407191E9,347566.62
2022-06-28,48.91,27371,49.47,79452231,1.90093267859E9,1338606.68
2022-06-29,49.04,3233,49.3,79455464,1.90109122128E9,158542.69
2022-06-30,48.75,40460,48.5,79495924,1.90306360468E9,1972383.4
2022-07-01,48.44,2098,48.88,79498022,1.90316522639E9,101621.71
2022-07-02,,,,79498022,1.90316522639E9,
2022-07-03,,,,79498022,1.90316522639E9,
2022-07-04,49.04,480,49.09,79498502,1.90318876324E9,23536.85
2022-07-05,49,8223,49.09,79506725,1.90359168852E9,402925.28
2022-07-06,46.07,10418,49.13,79517143,1.90407166641E9,479977.89
2022-07-07,50.05,10056,49.35,79527199,1.90457497118E9,503304.77
2022-07-08,48.97,2363,48.93,79529562,1.90469068631E9,115715.13
2022-07-09,,,,79529562,1.90469068631E9,
2022-07-10,,,,79529562,1.90469068631E9,
2022-07-11,49.22,1518,49.29,79531080,1.90476539473E9,74708.42
2022-07-12,48.72,2714,49.3,79533794,1.9048976292E9,132234.47
2022-07-13,46.19,8682,49.2,79542476,1.90529868163E9,401052.43
2022-07-14,49.91,10599,49.5,79553075,1.9058276492E9,528967.57
2022-07-15,49.27,3267,49.49,79556342,1.90598862853E9,160979.33
2022-07-16,,,,79556342,1.90598862853E9,
2022-07-17,,,,79556342,1.90598862853E9,
2022-07-18,48.93,8145,48.87,79564487,1.90638718017E9,398551.64
2022-07-19,48.23,84459,49.2,79648946,1.91046084437E9,4073664.2
2022-07-20,49.11,2946,49.18,79651892,1.91060553109E9,144686.72
2022-07-21,48.49,1472,49.15,79653364,1.91067690833E9,71377.24
2022-07-22,45.31,9101,49,79662465,1.91108926287E9,412354.54
2022-07-23,,,,79662465,1.91108926287E9,
2022-07-24,,,,79662465,1.91108926287E9,
2022-07-25,48.5,17294,48.99,79679759,1.91192799689E9,838734.02
2022-07-26,48.25,21414,48.47,79701173,1.91296118942E9,1033192.53
2022-07-27,47.17,5263,48.45,79706436,1.91320945534E9,248265.92
2022-07-28,47.52,7697,48.44,79714133,1.91357520451E9,365749.17
2022-07-29,47.34,4118,48,79718251,1.91377017028E9,194965.77
2022-07-30,,,,79718251,1.91377017028E9,
2022-07-31,,,,79718251,1.91377017028E9,
2022-08-01,47.75,2569,48,79720820,1.91389282825E9,122657.97
2022-08-02,47.24,10281,47.88,79731101,1.91437855354E9,485725.29
2022-08-03,45.76,22146,47.77,79753247,1.91539190516E9,1013351.62
2022-08-04,45.34,18595,46.89,79771842,1.91623505463E9,843149.47
2022-08-05,44.29,19277,43.52,79791119,1.91708883434E9,853779.71
2022-08-06,,,,79791119,1.91708883434E9,
2022-08-07,,,,79791119,1.91708883434E9,
2022-08-08,43.87,16020,45.08,79807139,1.91779165949E9,702825.15
2022-08-09,44.26,19067,44.89,79826206,1.91863554322E9,843883.73
2022-08-10,43.71,12574,44.51,79838780,1.91918520969E9,549666.47
2022-08-11,43.24,11984,44.52,79850764,1.91970339636E9,518186.67
2022-08-12,44.53,3707,44.51,79854471,1.91986845864E9,165062.28
2022-08-13,,,,79854471,1.91986845864E9,
2022-08-14,,,,79854471,1.91986845864E9,
2022-08-15,46.18,1433,45.92,79855904,1.91993463688E9,66178.24
2022-08-16,46.72,16402,46.99,79872306,1.92070100058E9,766363.7
2022-08-17,46.64,5464,46.42,79877770,1.92095582883E9,254828.25
2022-08-18,46.59,1634,47.07,79879404,1.92103195462E9,76125.79
2022-08-19,46.85,4872,47.12,79884276,1.9212602248E9,228270.18
2022-08-20,,,,79884276,1.9212602248E9,
2022-08-21,,,,79884276,1.9212602248E9,
2022-08-22,47.24,1502,47.12,79885778,1.92133118151E9,70956.71
2022-08-23,47.39,7031,47.59,79892809,1.92166440644E9,333224.93
2022-08-24,47.58,7688,47.8,79900497,1.92203017774E9,365771.3
2022-08-25,47.64,5329,47.8,79905826,1.9222840724E9,253894.66
2022-08-26,46.94,23764,47.44,79929590,1.92339960444E9,1115532.04
2022-08-27,,,,79929590,1.92339960444E9,
2022-08-28,,,,79929590,1.92339960444E9,
2022-08-29,48.11,1651,47.45,79931241,1.92347903475E9,79430.31
2022-08-30,46.88,534,47.5,79931775,1.92350407007E9,25035.32
2022-08-31,47.06,273,47.76,79932048,1.92351691627E9,12846.2
2022-09-01,47.48,6371,47.85,79938419,1.92381943338E9,302517.11
2022-09-02,47.47,4793,47.68,79943212,1.92404696679E9,227533.41
2022-09-03,,,,79943212,1.92404696679E9,
2022-09-04,,,,79943212,1.92404696679E9,
2022-09-05,47.3,9931,47.69,79953143,1.92451669088E9,469724.09
2022-09-06,46.74,4928,47.19,79958071,1.92474702706E9,230336.18
2022-09-07,47.25,9645,47.67,79967716,1.92520273435E9,455707.29
2022-09-08,46.7,13147,46.77,79980863,1.92581666179E9,613927.44
2022-09-09,47.42,14000,47.68,79994863,1.92648051345E9,663851.66
2022-09-10,,,,79994863,1.92648051345E9,
2022-09-11,,,,79994863,1.92648051345E9,
2022-09-12,,,,79994863,1.92648051345E9,
2022-09-13,46.25,1561,47.68,79996424,1.9265527062E9,72192.75
2022-09-14,47.76,1428,47.69,79997852,1.92662090254E9,68196.34
2022-09-15,47.33,6100,47.58,80003952,1.92690958594E9,288683.4
2022-09-16,47.58,3775,47.51,80007727,1.92708920214E9,179616.2
2022-09-17,,,,80007727,1.92708920214E9,
2022-09-18,,,,80007727,1.92708920214E9,
2022-09-19,46.72,2739,47.49,80010466,1.92721716564E9,127963.5
2022-09-20,47.23,4655,47.95,80015121,1.92743703938E9,219873.74
2022-09-21,47.12,6069,47.58,80021190,1.92772298207E9,285942.69
2022-09-22,47.02,1026,47.66,80022216,1.92777122105E9,48238.98
2022-09-23,47.18,5149,47.6,80027365,1.9280141308E9,242909.75
2022-09-24,,,,80027365,1.9280141308E9,
2022-09-25,,,,80027365,1.9280141308E9,
2022-09-26,46.6,2024,47.67,80029389,1.92810845643E9,94325.63
2022-09-27,47.95,6466,47.99,80035855,1.92841850419E9,310047.76
2022-09-28,47.78,23656,48.5,80059511,1.92954877102E9,1130266.83
2022-09-29,48.32,5963,48.8,80065474,1.92983691802E9,288147
2022-09-30,48.16,3437,48.87,80068911,1.9300024429E9,165524.88
2022-10-01,,,,80068911,1.9300024429E9,
2022-10-02,,,,80068911,1.9300024429E9,
2022-10-03,,,,80068911,1.9300024429E9,
2022-10-04,,,,80068911,1.9300024429E9,
2022-10-05,,,,80068911,1.9300024429E9,
2022-10-06,,,,80068911,1.9300024429E9,
2022-10-07,,,,80068911,1.9300024429E9,
2022-10-08,,,,80068911,1.9300024429E9,
2022-10-09,,,,80068911,1.9300024429E9,
2022-10-10,48.58,2999,48.85,80071910,1.93014814481E9,145701.91
2022-10-11,49.12,4388,49.4,80076298,1.93036369736E9,215552.55
2022-10-12,48.91,10514,49.39,80086812,1.93087790103E9,514203.67
2022-10-13,49.35,13457,49.44,80100269,1.93154201543E9,664114.4
2022-10-14,49.34,13177,49.44,80113446,1.93219214067E9,650125.24
2022-10-15,,,,80113446,1.93219214067E9,
2022-10-16,,,,80113446,1.93219214067E9,
2022-10-17,49.42,19604,49.6,80133050,1.93316097062E9,968829.95
2022-10-18,50.1,20455,50.18,80153505,1.93418569124E9,1024720.62
2022-10-19,50.03,6008,50.43,80159513,1.93448627606E9,300584.82
2022-10-20,49.95,16418,50.33,80175931,1.93530629006E9,820014
2022-10-21,50.13,7046,50.47,80182977,1.93565947706E9,353187
2022-10-22,,,,80182977,1.93565947706E9,
2022-10-23,,,,80182977,1.93565947706E9,
2022-10-24,50.51,11418,50.88,80194395,1.93623622064E9,576743.58
2022-10-25,50.5,11082,50.6,80205477,1.93679587632E9,559655.68
2022-10-26,50.15,4889,50.51,80210366,1.93704107003E9,245193.71
2022-10-27,49.54,22617,50.58,80232983,1.93816154882E9,1120478.79
2022-10-28,49.58,8450,49.93,80241433,1.93858049854E9,418949.72
2022-10-29,,,,80241433,1.93858049854E9,
2022-10-30,,,,80241433,1.93858049854E9,
2022-10-31,50.3,11959,50.19,80253392,1.93918201782E9,601519.28
2022-11-01,49.69,6221,50.2,80259613,1.93949112401E9,309106.19
2022-11-02,50.42,7660,50.2,80267273,1.93987736132E9,386237.31
2022-11-03,49.64,3654,50.36,80270927,1.94005873078E9,181369.46
2022-11-04,50.22,8035,49.93,80278962,1.94046224172E9,403510.94
2022-11-05,,,,80278962,1.94046224172E9,
2022-11-06,,,,80278962,1.94046224172E9,
2022-11-07,49.99,4192,50.29,80283154,1.94067180893E9,209567.21
2022-11-08,49.22,7554,49.97,80290708,1.9410436061E9,371797.17
2022-11-09,50.11,1972,49.99,80292680,1.94114243207E9,98825.97
2022-11-10,49.27,10129,50.15,80302809,1.94164146987E9,499037.8
2022-11-11,49.15,2544,49.84,80305353,1.94176651577E9,125045.9
2022-11-12,,,,80305353,1.94176651577E9,
2022-11-13,,,,80305353,1.94176651577E9,
2022-11-14,49.36,22812,49,80328165,1.94289257545E9,1126059.68
2022-11-15,49.23,5730,49.46,80333895,1.94317464928E9,282073.83
2022-11-16,49.5,8764,49.4,80342659,1.94360850224E9,433852.96
2022-11-17,48.85,5410,49.46,80348069,1.94387275855E9,264256.31
2022-11-18,48.61,5356,49.08,80353425,1.94413309019E9,260331.64
2022-11-19,,,,80353425,1.94413309019E9,
2022-11-20,,,,80353425,1.94413309019E9,
2022-11-21,48.66,6441,48.97,80359866,1.94444650542E9,313415.23
2022-11-22,48.95,5085,48.92,80364951,1.94469539702E9,248891.6
2022-11-23,48.99,4670,49.32,80369621,1.94492417872E9,228781.7
2022-11-24,48.98,2458,48.82,80372079,1945044580,120401.28
2022-11-25,48.78,6176,48.97,80378255,1.94534582892E9,301248.92
2022-11-26,,,,80378255,1.94534582892E9,
2022-11-27,,,,80378255,1.94534582892E9,
2022-11-28,48.77,1262,48.46,80379517,1.94540737879E9,61549.87
2022-11-29,49.19,7404,49.42,80386921,1.94577160271E9,364223.92
2022-11-30,48.31,5215,48.85,80392136,1.94602356257E9,251959.86
2022-12-01,45.57,7262,48.68,80399398,1.9463545067E9,330944.13
2022-12-02,46.4,12673,48.3,80412071,1.94694256741E9,588060.71
2022-12-03,,,,80412071,1.94694256741E9,
2022-12-04,,,,80412071,1.94694256741E9,
2022-12-05,45.74,49076,45.01,80461147,1.94918718553E9,2244618.12
2022-12-06,45.31,57883,44.82,80519030,1.95181006337E9,2622877.84
2022-12-07,43.07,172581,43.25,80691611,1.95924287864E9,7432815.27
2022-12-08,42.84,238543,43.1,80930154,1.96946288869E9,1.022001005E7
2022-12-09,43.46,279561,44.6,81209715,1.98161220489E9,1.21493162E7
2022-12-10,,,,81209715,1.98161220489E9,
2022-12-11,,,,81209715,1.98161220489E9,
2022-12-12,44.65,332580,45.5,81542295,1.99646157347E9,1.484936858E7
2022-12-13,47.13,194904,47.29,81737199,2.0056480303E9,9186456.83
2022-12-14,47.27,213140,47.96,81950339,2.01572419972E9,1.007616942E7
2022-12-15,47.73,130977,47.71,82081316,2.0219761013E9,6251901.58
2022-12-16,48.07,226530,48.44,82307846,2.03286623171E9,1.089013041E7
2022-12-17,,,,82307846,2.03286623171E9,
2022-12-18,,,,82307846,2.03286623171E9,
2022-12-19,48.49,108909,48.5,82416755,2.03814750953E9,5281277.82
2022-12-20,48.46,278663,48.24,82695418,2.05165024187E9,1.350273234E7
2022-12-21,48.27,147917,48.39,82843335,2.05878986992E9,7139628.05
2022-12-22,46.38,112035,47.78,82955370,2.06398601326E9,5196143.34
2022-12-23,47.24,145308,48.84,83100678,2.07085021797E9,6864204.71
2022-12-24,,,,83100678,2.07085021797E9,
2022-12-25,,,,83100678,2.07085021797E9,
2022-12-26,46.83,170598,48.15,83271276,2.07883911367E9,7988895.7
2022-12-27,47.57,40792,48.14,83312068,2.08077960012E9,1940486.45
2022-12-28,48.43,24948,48.19,83337016,2.0819879106E9,1208310.48
2022-12-29,48.22,84765,48.41,83421781,2.08607490174E9,4086991.14
2022-12-30,48.33,20561,48.38,83442342,2.08706868594E9,993784.2
2022-12-31,,,,83442342,2.08706868594E9,
2023-01-01,,,,83442342,2.08706868594E9,
2023-01-02,,,,83442342,2.08706868594E9,
2023-01-03,48.29,6125,48.19,83448467,2.08736446443E9,295778.49
2023-01-04,48.02,70185,48.17,83518652,2.09073459401E9,3370129.58
2023-01-05,48.1,7561,48.17,83526213,2.09109826624E9,363672.23
2023-01-06,47.46,22858,48.01,83549071,2.09218322068E9,1084954.44
2023-01-07,,,,83549071,2.09218322068E9,
2023-01-08,,,,83549071,2.09218322068E9,
2023-01-09,48.28,1240,48.22,83550311,2.09224309088E9,59870.2
2023-01-10,48.08,58938,48.12,83609249,2.09507677048E9,2833679.6
2023-01-11,47.57,3251,48.09,83612500,2.09523143421E9,154663.73
2023-01-12,47.42,996,47.99,83613496,2.09527866549E9,47231.28
2023-01-13,48.16,1224,48.16,83614720,2.09533761895E9,58953.46
2023-01-14,,,,83614720,2.09533761895E9,
2023-01-15,,,,83614720,2.09533761895E9,
2023-01-16,47.46,70483,48.29,83685203,2.09868280724E9,3345188.29
2023-01-17,47.06,9795,47.27,83694998,2.09914376685E9,460959.61
2023-01-18,47.44,100,47.96,83695098,2.09914851121E9,4744.36
2023-01-19,46.03,2556,47.96,83697654,2.09926617601E9,117664.8
2023-01-20,49.33,2901,48.03,83700555,2.09940928301E9,143107
2023-01-21,,,,83700555,2.09940928301E9,
2023-01-22,,,,83700555,2.09940928301E9,
2023-01-23,,,,83700555,2.09940928301E9,
2023-01-24,,,,83700555,2.09940928301E9,
2023-01-25,,,,83700555,2.09940928301E9,
2023-01-26,,,,83700555,2.09940928301E9,
2023-01-27,,,,83700555,2.09940928301E9,
2023-01-28,,,,83700555,2.09940928301E9,
2023-01-29,,,,83700555,2.09940928301E9,
2023-01-30,49.51,37422,52.72,83737977,2.10126198503E9,1852702.02
2023-01-31,52.13,13386,50.78,83751363,2.10195986089E9,697875.86
2023-02-01,50.99,12690,50.78,83764053,2.10260687654E9,647015.65
2023-02-02,50.18,2600,50.2,83766653,2.1027373331E9,130456.56
2023-02-03,49.92,1796,50.34,83768449,2.10282699309E9,89659.99
2023-02-04,,,,83768449,2.10282699309E9,
2023-02-05,,,,83768449,2.10282699309E9,
2023-02-06,50.12,807,50,83769256,2.10286743833E9,40445.24
2023-02-07,49.16,813,50,83770069,2.10290740155E9,39963.22
2023-02-08,49.04,1075,50,83771144,2.10296012222E9,52720.67
2023-02-09,48.46,23559,49.18,83794703,2.10410180963E9,1141687.41
2023-02-10,49.94,5213,49.97,83799916,2.10436213413E9,260324.5
2023-02-11,,,,83799916,2.10436213413E9,
2023-02-12,,,,83799916,2.10436213413E9,
2023-02-13,48.06,3810,48.79,83803726,2.1045452428E9,183108.67
2023-02-14,48.18,3234,48.41,83806960,2.10470107117E9,155828.37
2023-02-15,47.58,10387,48,83817347,2.10519531271E9,494241.54
2023-02-16,47.81,1154,47.8,83818501,2.10525049115E9,55178.44
2023-02-17,48.37,5,48.37,83818506,2.10525073298E9,241.83
2023-02-18,,,,83818506,2.10525073298E9,
2023-02-19,,,,83818506,2.10525073298E9,
2023-02-20,47.7,1873,47.97,83820379,2105340083,89350.02
2023-02-21,47.55,2722,47.52,83823101,2.10546951718E9,129434.18
2023-02-22,46.51,153,47.84,83823254,2.10547663281E9,7115.63
2023-02-23,,,,83823254,2.10547663281E9,
2023-02-24,47.34,5422,47.54,83828676,2.10573331937E9,256686.56
2023-02-25,,,,83828676,2.10573331937E9,
2023-02-26,,,,83828676,2.10573331937E9,
2023-02-27,47.98,13393,47.97,83842069,2.1063758976E9,642578.23
2023-02-28,47.44,605,51.33,83842674,2.10640459798E9,28700.38
2023-03-01,47.34,11389,47.87,83854063,2.10694371885E9,539120.87
2023-03-02,47.14,31856,47.01,83885919,2.10844553493E9,1501816.08
2023-03-03,47.5,363,47.5,83886282,2.10846277582E9,17240.89
2023-03-04,,,,83886282,2.10846277582E9,
2023-03-05,,,,83886282,2.10846277582E9,
2023-03-06,47.54,125,47.54,83886407,2.10846871848E9,5942.66
2023-03-07,47.46,4548,47.39,83890955,2.10868458049E9,215862.01
2023-03-08,47.59,187,47.5,83891142,2.10869347932E9,8898.83
2023-03-09,47.44,173,47.43,83891315,2.10870168562E9,8206.3
2023-03-10,47.04,564,47.36,83891879,2.10872821761E9,26531.99
2023-03-11,,,,83891879,2.10872821761E9,
2023-03-12,,,,83891879,2.10872821761E9,
2023-03-13,46.52,1584,47.4,83893463,2.10880190909E9,73691.48
2023-03-14,47.05,1734,47.49,83895197,2.10888349036E9,81581.27
2023-03-15,47.24,3471,47.2,83898668,2.10904745322E9,163962.86
2023-03-16,47.08,313,47.3,83898981,2.10906218972E9,14736.5
2023-03-17,46.43,260,47.46,83899241,2.10907426046E9,12070.74
2023-03-18,,,,83899241,2.10907426046E9,
2023-03-19,,,,83899241,2.10907426046E9,
2023-03-20,46.98,302,46.99,83899543,2.10908844699E9,14186.53
2023-03-21,46.85,466,47.25,83900009,2.10911027804E9,21831.05
2023-03-22,47.17,2535,47.2,83902544,2.10922985965E9,119581.61
2023-03-23,47.02,1719,47.2,83904263,2.10931068118E9,80821.53
2023-03-24,47.12,1799,47,83906062,2.10939544117E9,84759.99
2023-03-25,,,,83906062,2.10939544117E9,
2023-03-26,,,,83906062,2.10939544117E9,
2023-03-27,46.9,214,47.18,83906276,2.10940547677E9,10035.6
2023-03-28,46.64,15578,46.88,83921854,2.11013210735E9,726630.58
2023-03-29,46.76,646,47.29,83922500,2.1101623129E9,30205.55
2023-03-30,46.69,805,47,83923305,2.11019990004E9,37587.14
2023-03-31,47.14,306,47.82,83923611,2.11021432633E9,14426.29
2023-04-01,,,,83923611,2.11021432633E9,
2023-04-02,,,,83923611,2.11021432633E9,
2023-04-03,47.63,3,47.63,83923614,2.11021446923E9,142.9
2023-04-04,46.93,107,47.2,83923721,2.11021949121E9,5021.98
2023-04-05,,,,83923721,2.11021949121E9,
2023-04-06,46.93,981,47.1,83924702,2.11026552492E9,46033.71
2023-04-07,48.35,1,48.35,83924703,2.11026557327E9,48.35
2023-04-08,,,,83924703,2.11026557327E9,
2023-04-09,,,,83924703,2.11026557327E9,
2023-04-10,46.92,370,47.04,83925073,2.11028293512E9,17361.85
2023-04-11,46.8,1403,46.9,83926476,2.11034859652E9,65661.4
2023-04-12,45.82,3901,46.8,83930377,2.11052732671E9,178730.19
2023-04-13,47.86,290,46.79,83930667,2.11054120728E9,13880.57
2023-04-14,45.82,9775,46.8,83940442,2.11098913956E9,447932.28
2023-04-15,,,,83940442,2.11098913956E9,
2023-04-16,,,,83940442,2.11098913956E9,
2023-04-17,46.23,1620,46.49,83942062,2.11106402931E9,74889.75
2023-04-18,45.98,5491,46,83947553,2.11131648089E9,252451.58
2023-04-19,45.96,2456,46.99,83950009,2.11142936886E9,112887.97
2023-04-20,46.5,462,46.5,83950471,2.11145085234E9,21483.48
2023-04-21,47.1,189,47.1,83950660,2.11145975513E9,8902.79
2023-04-22,,,,83950660,2.11145975513E9,
2023-04-23,,,,83950660,2.11145975513E9,
2023-04-24,46.04,15652,46.99,83966312,2.11218040588E9,720650.75
2023-04-25,47.52,2,47.52,83966314,2.11218050092E9,95.04
2023-04-26,47.05,1954,47.25,83968268,2.11227244431E9,91943.39
2023-04-27,47.28,2304,47.76,83970572,2.11238138311E9,108938.8
2023-04-28,46.83,1646,47.19,83972218,2.11245846108E9,77077.97
2023-04-29,,,,83972218,2.11245846108E9,
2023-04-30,,,,83972218,2.11245846108E9,
2023-05-01,,,,83972218,2.11245846108E9,
2023-05-02,,,,83972218,2.11245846108E9,
2023-05-03,,,,83972218,2.11245846108E9,
2023-05-04,46.96,840,47.17,83973058,2.11249790467E9,39443.59
2023-05-05,47.42,404,47.42,83973462,2.1125170611E9,19156.43
2023-05-06,,,,83973462,2.1125170611E9,
2023-05-07,,,,83973462,2.1125170611E9,
2023-05-08,46.02,2927,47,83976389,2.1126517524E9,134691.3
2023-05-09,47.01,2677,47,83979066,2.11277760721E9,125854.81
2023-05-10,46.97,2023,46.98,83981089,2.1128726329E9,95025.69
2023-05-11,47.37,131,47.09,83981220,2.1128788386E9,6205.7
2023-05-12,45.8,98265,47.18,84079485,2.11737940613E9,4500567.53
2023-05-13,,,,84079485,2.11737940613E9,
2023-05-14,,,,84079485,2.11737940613E9,
2023-05-15,46.37,504,47.29,84079989,2.11740277881E9,23372.68
2023-05-16,47.45,36156,47.35,84116145,2.11911831008E9,1715531.27
2023-05-17,47.33,32173,47.33,84148318,2.12064098683E9,1522676.75
2023-05-18,47.75,26060,48.44,84174378,2.12188546905E9,1244482.22
2023-05-19,46.86,12577,46.99,84186955,2122474866,589396.95
2023-05-20,,,,84186955,2122474866,
2023-05-21,,,,84186955,2122474866,
2023-05-22,46.59,1306,47,84188261,2.12253571863E9,60852.63
2023-05-23,46.86,1521,46.99,84189782,2.12260699158E9,71272.95
2023-05-24,46.74,11,47,84189793,2.12260750573E9,514.15
2023-05-25,46.27,3058,47,84192851,2.12274900161E9,141495.88
2023-05-26,46.92,1236,46.99,84194087,2.12280699055E9,57988.94
2023-05-27,,,,84194087,2.12280699055E9,
2023-05-28,,,,84194087,2.12280699055E9,
2023-05-29,46.42,606,46.95,84194693,2.12283511906E9,28128.51
2023-05-30,46.59,1234,46.97,84195927,2.12289260814E9,57489.08
2023-05-31,46.47,1943,46.45,84197870,2.12298290785E9,90299.71
2023-06-01,46.75,1221,46.94,84199091,2.12303998814E9,57080.29
2023-06-02,47.76,315,47.76,84199406,2.12305503311E9,15044.97
2023-06-03,,,,84199406,2.12305503311E9,
2023-06-04,,,,84199406,2.12305503311E9,
2023-06-05,46.59,31154,46.98,84230560,2.12450656651E9,1451533.4
2023-06-06,46.39,86,47.19,84230646,2.12451055625E9,3989.74
2023-06-07,46.5,2690,46.93,84233336,2.12463564015E9,125083.9
2023-06-08,46.55,1622,46.54,84234958,2.12471114069E9,75500.54
2023-06-09,46.5,2007,47,84236965,2.12480446969E9,93329
2023-06-10,,,,84236965,2.12480446969E9,
2023-06-11,,,,84236965,2.12480446969E9,
2023-06-12,46.13,1632,46.89,84238597,2.12487975039E9,75280.7
2023-06-13,46.47,662,46.88,84239259,2.12491051439E9,30764
2023-06-14,46.2,5726,46.95,84244985,2.12517503955E9,264525.16
2023-06-15,46.44,469,46.97,84245454,2.12519681868E9,21779.13
2023-06-16,46.37,3245,46.85,84248699,2.12534727731E9,150458.63
2023-06-17,,,,84248699,2.12534727731E9,
2023-06-18,,,,84248699,2.12534727731E9,
2023-06-19,,,,84248699,2.12534727731E9,
2023-06-20,46.77,68226,46.82,84316925,2.12853801218E9,3190734.87
2023-06-21,46.43,2255,46.82,84319180,2.12864271315E9,104700.97
2023-06-22,,,,84319180,2.12864271315E9,
2023-06-23,,,,84319180,2.12864271315E9,
2023-06-24,,,,84319180,2.12864271315E9,
2023-06-25,,,,84319180,2.12864271315E9,
2023-06-26,47.4,612,47.4,84319792,2.12867171915E9,29006
2023-06-27,46.27,15426,46.02,84335218,2.12938547482E9,713755.67
2023-06-28,46.44,26,46.8,84335244,2.12938668219E9,1207.37
2023-06-29,46.81,214,46.81,84335458,2.12939669886E9,10016.67
2023-06-30,46.69,77,46.66,84335535,2.12940029433E9,3595.47
2023-07-01,,,,84335535,2.12940029433E9,
2023-07-02,,,,84335535,2.12940029433E9,
2023-07-03,46.36,2108,46.95,84337643,2.12949801892E9,97724.59
2023-07-04,46.57,1538,46.66,84339181,2.12956963882E9,71619.9
2023-07-05,46.11,4606,46.49,84343787,2.12978203621E9,212397.39
2023-07-06,46.06,257,46.05,84344044,2.12979387293E9,11836.72
2023-07-07,46.04,4139,46.2,84348183,2.12998444555E9,190572.62
2023-07-08,,,,84348183,2.12998444555E9,
2023-07-09,,,,84348183,2.12998444555E9,
2023-07-10,46.01,506,46.68,84348689,2.13000772724E9,23281.69
2023-07-11,46.95,103,46.95,84348792,2.13001256291E9,4835.67
2023-07-12,46.21,1936,46.5,84350728,2.1301020293E9,89466.39
2023-07-13,46.58,6,46.58,84350734,2.13010230879E9,279.49
2023-07-14,49.09,1,49.09,84350735,2.13010235788E9,49.09
2023-07-15,,,,84350735,2.13010235788E9,
2023-07-16,,,,84350735,2.13010235788E9,
2023-07-17,48,120,48,84350855,2.13010811788E9,5760
2023-07-18,46.08,26,47.27,84350881,2.13010931603E9,1198.15
2023-07-19,46.85,5332,46.85,84356213,2.13035912762E9,249811.59
2023-07-20,46.12,1110,46.8,84357323,2.13041031679E9,51189.17
2023-07-21,46.24,770,46.98,84358093,2.13044591857E9,35601.78
2023-07-22,,,,84358093,2.13044591857E9,
2023-07-23,,,,84358093,2.13044591857E9,
2023-07-24,46.7,1071,46.97,84359164,2.13049593741E9,50018.84
2023-07-25,46.8,16722,46.82,84375886,2.13127855426E9,782616.85
2023-07-26,46.56,157,46.82,84376043,2.13128586438E9,7310.12
2023-07-27,46.08,17205,46.79,84393248,2.13207866365E9,792799.27
2023-07-28,46.73,116,46.82,84393364,2.1320840843E9,5420.65
2023-07-29,,,,84393364,2.1320840843E9,
2023-07-30,,,,84393364,2.1320840843E9,
2023-07-31,46.77,5184,46.8,84398548,2.13232656078E9,242476.48
2023-08-01,46.45,8479,46,84407027,2.13272039319E9,393832.41
2023-08-02,46.6,1016,46.6,84408043,2.13276774011E9,47346.92
2023-08-03,45.53,1007,46.8,84409050,2.13281358434E9,45844.23
2023-08-04,46.33,765,46.75,84409815,2.13284902724E9,35442.9
2023-08-05,,,,84409815,2.13284902724E9,
2023-08-06,,,,84409815,2.13284902724E9,
2023-08-07,46.05,3252,46.35,84413067,2.1329987715E9,149744.26
2023-08-08,46.17,1794,46.59,84414861,2.13308160447E9,82832.97
2023-08-09,46.7,605,46.7,84415466,2.13310985671E9,28252.24
2023-08-10,46.82,1021,46.82,84416487,2.13315766503E9,47808.32
2023-08-11,47.5,5,47.5,84416492,2.13315790253E9,237.5
2023-08-12,,,,84416492,2.13315790253E9,
2023-08-13,,,,84416492,2.13315790253E9,
2023-08-14,46.14,3649,46.64,84420141,2.13332628062E9,168378.09
2023-08-15,45.39,5372,46.43,84425513,2.13357013943E9,243858.81
2023-08-16,46.1,2567,46.58,84428080,2.13368848775E9,118348.32
数据来源：Wind
