时间,期货收盘价(活跃合约):MICEX 布伦特原油
2008-10-08,82.76
2008-10-09,85.51
2008-10-10,76.3
2008-10-13,79.05
2008-10-14,81.25
2008-10-15,69.61
2008-10-16,71.62
2008-10-17,69.46
2008-10-20,72.57
2008-10-21,69.25
2008-10-22,68.15
2008-10-23,65.35
2008-10-24,61.91
2008-10-27,60.59
2008-10-28,61.59
2008-10-29,64.16
2008-10-30,63.43
2008-10-31,64.22
2008-11-01,66.99
2008-11-05,64.44
2008-11-06,60.55
2008-11-07,57.97
2008-11-10,60.62
2008-11-11,56.43
2008-11-12,54.02
2008-11-13,54.39
2008-11-14,55.12
2008-11-17,54.51
2008-11-18,52.6
2008-11-19,52.57
2008-11-20,49.2
2008-11-21,48.89
2008-11-24,49.94
2008-11-25,52.32
2008-11-26,51.83
2008-11-27,53.54
2008-11-28,52.75
2008-12-01,50.36
2008-12-02,48.24
2008-12-03,45.71
2008-12-04,44.73
2008-12-05,41.81
2008-12-08,43.09
2008-12-09,43.59
2008-12-10,43.47
2008-12-11,44.73
2008-12-12,47.2
2008-12-15,51.42
2008-12-16,48.9
2008-12-17,47.25
2008-12-18,45.23
2008-12-19,44.46
2008-12-22,44
2008-12-23,41.73
2008-12-24,38.72
2008-12-25,36.59
2008-12-26,37.34
2008-12-29,39.82
2008-12-30,39.83
2008-12-31,38.5
2009-01-11,41.95
2009-01-12,42.96
2009-01-13,43.67
2009-01-14,45.6
2009-01-15,47.19
2009-01-16,48.76
2009-01-19,44.76
2009-01-20,44.75
2009-01-21,43.5
2009-01-22,44.85
2009-01-23,44.28
2009-01-26,48.57
2009-01-27,45
2009-01-28,44.47
2009-01-29,44.66
2009-01-30,46.77
2009-02-02,44.66
2009-02-03,44.4
2009-02-04,44.42
2009-02-05,44.92
2009-02-06,44.75
2009-02-09,47.57
2009-02-10,47.93
2009-02-11,45.15
2009-02-12,45.1
2009-02-13,45.88
2009-02-16,44.84
2009-02-17,41.85
2009-02-18,40.4
2009-02-19,40.98
2009-02-20,40.39
2009-02-24,41.81
2009-02-25,42.6
2009-02-26,45.4
2009-02-27,44.83
2009-03-02,43.75
2009-03-03,43.02
2009-03-04,45.53
2009-03-05,45.09
2009-03-06,44.78
2009-03-10,45.41
2009-03-11,43.23
2009-03-12,42.81
2009-03-13,45.78
2009-03-16,43.53
2009-03-17,47.48
2009-03-18,46.64
2009-03-19,49.61
2009-03-20,50.96
2009-03-23,53.1
2009-03-24,52.81
2009-03-25,52.51
2009-03-26,53
2009-03-27,51.64
2009-03-30,50.16
2009-03-31,48.18
2009-04-01,47.7
2009-04-02,51.8
2009-04-03,52.38
2009-04-06,52
2009-04-07,51.32
2009-04-08,51.32
2009-04-09,53.78
2009-04-10,53.9
2009-04-13,51.54
2009-04-14,51.8
2009-04-15,52.19
2009-04-16,53.24
2009-04-17,53.62
2009-04-20,50.49
2009-04-21,49
2009-04-22,49.43
2009-04-23,49.97
2009-04-24,51.42
2009-04-27,49.16
2009-04-28,49.38
2009-04-29,50.59
2009-04-30,50.48
2009-05-04,53.53
2009-05-05,54.45
2009-05-06,55.01
2009-05-07,58.1
2009-05-08,57.72
2009-05-12,57.82
2009-05-13,57.63
2009-05-14,56.91
2009-05-15,57.7
2009-05-18,57.79
2009-05-19,58.56
2009-05-20,60
2009-05-21,59.32
2009-05-22,59.61
2009-05-25,60.08
2009-05-26,59.4
2009-05-27,61.85
2009-05-28,63.24
2009-05-29,65.26
2009-06-01,67.06
2009-06-02,67.55
2009-06-03,67.39
2009-06-04,68.5
2009-06-05,68.07
2009-06-08,68.68
2009-06-09,69.35
2009-06-10,70.22
2009-06-11,71.16
2009-06-15,70.75
2009-06-16,71.93
2009-06-17,69.69
2009-06-18,70.14
2009-06-19,71.58
2009-06-22,67.38
2009-06-23,67.44
2009-06-24,68.29
2009-06-25,69.26
2009-06-26,69.61
2009-06-29,70.3
2009-06-30,70.83
2009-07-01,71.01
2009-07-02,66.76
2009-07-03,66.4
2009-07-06,63.83
2009-07-07,63.77
2009-07-08,62.47
2009-07-09,60.95
2009-07-10,60.06
2009-07-13,60.52
2009-07-14,61.52
2009-07-15,62.5
2009-07-16,62.46
2009-07-17,64.43
2009-07-20,66.04
2009-07-21,67.35
2009-07-22,65.81
2009-07-23,67.09
2009-07-24,69.6
2009-07-27,70.53
2009-07-28,70.04
2009-07-29,68.5
2009-07-30,67.7
2009-07-31,69.49
2009-08-03,73.3
2009-08-04,73
2009-08-05,74.62
2009-08-06,75.27
2009-08-07,74.37
2009-08-10,73.9
2009-08-11,72.68
2009-08-12,72.65
2009-08-13,73.55
2009-08-14,74
2009-08-17,69.54
2009-08-18,70.29
2009-08-19,71.8
2009-08-20,74
2009-08-21,74.37
2009-08-24,74.48
2009-08-25,73.77
2009-08-26,71.01
2009-08-27,70.91
2009-08-28,72.78
2009-08-31,69.72
2009-09-01,70.66
2009-09-02,67.59
2009-09-03,67.58
2009-09-04,66.55
2009-09-07,67.6
2009-09-08,69.57
2009-09-09,70.54
2009-09-10,70.24
2009-09-11,69.89
2009-09-14,67.5
2009-09-15,67.3
2009-09-16,70.05
2009-09-17,71.46
2009-09-18,71.26
2009-09-21,68.3
2009-09-22,70.05
2009-09-23,67.94
2009-09-24,65.15
2009-09-25,64.96
2009-09-28,65.54
2009-09-29,65.71
2009-09-30,65.84
2009-10-01,69.33
2009-10-02,67.99
2009-10-05,66.45
2009-10-06,69.6
2009-10-07,68.6
2009-10-08,68.49
2009-10-09,70.16
2009-10-12,71.68
2009-10-13,71.93
2009-10-14,72.78
2009-10-15,73.2
2009-10-16,75.86
2009-10-19,77.13
2009-10-20,77.25
2009-10-21,78.05
2009-10-22,79.32
2009-10-23,78.86
2009-10-26,78.06
2009-10-27,78.07
2009-10-28,76.41
2009-10-29,77.76
2009-10-30,76.4
2009-11-02,76.5
2009-11-03,76.33
2009-11-05,78.8
2009-11-06,75.73
2009-11-09,77.47
2009-11-10,78.64
2009-11-11,78.04
2009-11-12,76.82
2009-11-13,75.5
2009-11-16,78.15
2009-11-17,78.35
2009-11-18,79.81
2009-11-19,77.85
2009-11-20,76.6
2009-11-23,79.27
2009-11-24,76.69
2009-11-25,76.77
2009-11-26,77.26
2009-11-27,76.45
2009-11-30,77.82
2009-12-01,79.56
2009-12-02,78.77
2009-12-03,77.67
2009-12-04,79.08
2009-12-07,76.98
2009-12-08,75.54
2009-12-09,74.99
2009-12-10,72.06
2009-12-11,71.71
2009-12-14,72.11
2009-12-15,73.55
2009-12-16,74.7
2009-12-17,73
2009-12-18,73.79
2009-12-21,74.38
2009-12-22,72.5
2009-12-23,75
2009-12-24,75.89
2009-12-25,76.06
2009-12-28,77.15
2009-12-29,77.49
2009-12-30,77.67
2009-12-31,79.4
2010-01-11,81.7
2010-01-12,79.75
2010-01-13,77.54
2010-01-14,78.3
2010-01-15,77.8
2010-01-18,77.39
2010-01-19,76.3
2010-01-20,75.9
2010-01-21,75.93
2010-01-22,73.55
2010-01-25,73.05
2010-01-26,73.21
2010-01-27,72.81
2010-01-28,72.61
2010-01-29,72.78
2010-02-01,72.42
2010-02-02,74.62
2010-02-03,76.12
2010-02-04,73.9
2010-02-05,71.44
2010-02-08,70.08
2010-02-09,71.19
2010-02-10,71.29
2010-02-11,73.05
2010-02-12,72.18
2010-02-15,72.93
2010-02-16,75.55
2010-02-17,75.84
2010-02-18,76.76
2010-02-19,77.75
2010-02-24,77.58
2010-02-25,76.3
2010-02-26,77.72
2010-02-27,77.61
2010-03-01,77.73
2010-03-02,78.15
2010-03-03,78.36
2010-03-04,78.42
2010-03-05,80.17
2010-03-09,79.85
2010-03-10,80.45
2010-03-11,80.21
2010-03-12,80.52
2010-03-15,77.78
2010-03-16,79.76
2010-03-17,81.28
2010-03-18,81.13
2010-03-19,79.74
2010-03-22,79.42
2010-03-23,80.59
2010-03-24,79.64
2010-03-25,80.2
2010-03-26,79.43
2010-03-29,81.25
2010-03-30,81.43
2010-03-31,81.76
2010-04-01,83.86
2010-04-02,84.24
2010-04-05,85.58
2010-04-06,86.06
2010-04-07,85.71
2010-04-08,84.72
2010-04-09,85.12
2010-04-12,85.22
2010-04-13,83.8
2010-04-14,85.58
2010-04-15,87.54
2010-04-16,86.59
2010-04-19,83.86
2010-04-20,84.92
2010-04-21,85
2010-04-22,84.63
2010-04-23,86.42
2010-04-26,86.99
2010-04-27,86.88
2010-04-28,85.37
2010-04-29,87.35
2010-04-30,87
2010-05-04,86.69
2010-05-05,83.4
2010-05-06,81.8
2010-05-07,77.97
2010-05-11,80.47
2010-05-12,81.21
2010-05-13,80.72
2010-05-14,77.83
2010-05-17,76.65
2010-05-18,75.55
2010-05-19,74.13
2010-05-20,70.36
2010-05-21,71.65
2010-05-24,71.63
2010-05-25,68.4
2010-05-26,71.83
2010-05-27,73.76
2010-05-28,74.99
2010-05-31,74.41
2010-06-01,74.81
2010-06-02,73.79
2010-06-03,74.31
2010-06-04,74.11
2010-06-07,72.17
2010-06-08,71.51
2010-06-09,73.96
2010-06-10,75.73
2010-06-11,75.25
2010-06-15,76.6
2010-06-16,77.29
2010-06-17,78.55
2010-06-18,78.29
2010-06-21,79.68
2010-06-22,78.3
2010-06-23,75.92
2010-06-24,75.84
2010-06-25,76.8
2010-06-28,77.27
2010-06-29,75.18
2010-06-30,75.3
2010-07-01,71.79
2010-07-02,72.05
2010-07-05,71.36
2010-07-06,73.19
2010-07-07,72.87
2010-07-08,74.9
2010-07-09,75.55
2010-07-12,74.85
2010-07-13,76.28
2010-07-14,76.39
2010-07-15,75.5
2010-07-16,75.36
2010-07-19,76.27
2010-07-20,75.79
2010-07-21,75.88
2010-07-22,76.87
2010-07-23,77.63
2010-07-26,77.44
2010-07-27,76.85
2010-07-28,75.5
2010-07-29,77.45
2010-07-30,77.12
2010-08-02,80.56
2010-08-03,82
2010-08-04,81.95
2010-08-05,81.5
2010-08-06,80.72
2010-08-09,80.81
2010-08-10,78.92
2010-08-11,78.09
2010-08-12,76.15
2010-08-13,75.42
2010-08-16,74.83
2010-08-17,76.91
2010-08-18,75.88
2010-08-19,75.37
2010-08-20,74.76
2010-08-23,74.15
2010-08-24,72.78
2010-08-25,71.91
2010-08-26,75.48
2010-08-27,75.5
2010-08-30,76.11
2010-08-31,76.35
2010-09-01,76.42
2010-09-02,75.61
2010-09-03,75.94
2010-09-06,76.89
2010-09-07,76.2
2010-09-08,77.75
2010-09-09,78.64
2010-09-10,78.21
2010-09-13,79.2
2010-09-14,79.4
2010-09-15,78.8
2010-09-16,79.33
2010-09-17,77.87
2010-09-20,78.71
2010-09-21,79.14
2010-09-22,78.08
2010-09-23,77.6
2010-09-24,79.01
2010-09-27,78.4
2010-09-28,78.82
2010-09-29,78.72
2010-09-30,81.91
2010-10-01,82.95
2010-10-04,83.51
2010-10-05,84.13
2010-10-06,85.03
2010-10-07,84.27
2010-10-08,83.9
2010-10-11,83.78
2010-10-12,83.17
2010-10-13,84.44
2010-10-14,84.73
2010-10-15,83.61
2010-10-18,83.68
2010-10-19,82.56
2010-10-20,82.85
2010-10-21,83.37
2010-10-22,82.44
2010-10-25,83.74
2010-10-26,83.52
2010-10-27,82.39
2010-10-28,83.23
2010-10-29,83.21
2010-11-01,84.62
2010-11-02,85.21
2010-11-03,86.04
2010-11-08,87.55
2010-11-09,88.73
2010-11-10,88.72
2010-11-11,89.05
2010-11-12,87.37
2010-11-13,86.49
2010-11-15,87.03
2010-11-16,85.52
2010-11-17,84.85
2010-11-18,84.81
2010-11-19,84.8
2010-11-22,83.89
2010-11-23,83
2010-11-24,84.48
2010-11-25,86.36
2010-11-26,85.72
2010-11-29,86.32
2010-11-30,87.09
2010-12-01,87.59
2010-12-02,89.47
2010-12-03,90.81
2010-12-06,91.25
2010-12-07,91.31
2010-12-08,90.35
2010-12-09,90.75
2010-12-10,90.79
2010-12-13,91.93
2010-12-14,91.3
2010-12-15,92.29
2010-12-16,91.83
2010-12-17,91.91
2010-12-20,91.28
2010-12-21,92.89
2010-12-22,93.8
2010-12-23,93.7
2010-12-24,93.49
2010-12-27,93.4
2010-12-28,94.15
2010-12-29,94.22
2010-12-30,93.41
2011-01-11,96.62
2011-01-12,98.4
2011-01-13,97.9
2011-01-14,98.76
2011-01-17,97.77
2011-01-18,97.38
2011-01-19,97.65
2011-01-20,95.8
2011-01-21,97.17
2011-01-24,97.67
2011-01-25,95.38
2011-01-26,96.7
2011-01-27,98.65
2011-01-28,97.94
2011-01-31,99.42
2011-02-01,101.3
2011-02-02,102.16
2011-02-03,102.07
2011-02-04,101.51
2011-02-07,99.91
2011-02-08,99.73
2011-02-09,100.98
2011-02-10,101.32
2011-02-11,101.49
2011-02-14,103.56
2011-02-15,102.86
2011-02-16,102.71
2011-02-17,103.47
2011-02-18,102.56
2011-02-21,104.97
2011-02-22,106.1
2011-02-24,113.6
2011-02-25,111.34
2011-02-28,112.3
2011-03-01,113.83
2011-03-02,115.4
2011-03-03,114.27
2011-03-04,115.61
2011-03-05,116.48
2011-03-09,115.48
2011-03-10,113.67
2011-03-11,114.03
2011-03-14,113.22
2011-03-15,109.86
2011-03-16,110.42
2011-03-17,113.74
2011-03-18,114.52
2011-03-21,115.14
2011-03-22,115.44
2011-03-23,115.68
2011-03-24,115.73
2011-03-25,115.72
2011-03-28,115.75
2011-03-29,114.84
2011-03-30,114.81
2011-03-31,117.02
2011-04-01,117.39
2011-04-04,119.71
2011-04-05,121.98
2011-04-06,122.52
2011-04-07,121.56
2011-04-08,124.72
2011-04-11,125.82
2011-04-12,120.8
2011-04-13,122.39
2011-04-14,122.61
2011-04-15,122.6
2011-04-18,121.54
2011-04-19,120.2
2011-04-20,122.65
2011-04-21,123.63
2011-04-22,124.04
2011-04-25,122.83
2011-04-26,124.1
2011-04-27,123.9
2011-04-28,125.8
2011-04-29,125.43
2011-05-03,123.36
2011-05-04,121.02
2011-05-05,116.46
2011-05-06,113.97
2011-05-10,116.52
2011-05-11,114.72
2011-05-12,111.8
2011-05-13,113.92
2011-05-16,113.48
2011-05-17,109.7
2011-05-18,111.81
2011-05-19,112.11
2011-05-20,109.5
2011-05-23,109.6
2011-05-24,112.1
2011-05-25,113.25
2011-05-26,114.26
2011-05-27,115
2011-05-30,114.61
2011-05-31,116.45
2011-06-01,115.67
2011-06-02,115.34
2011-06-03,115.19
2011-06-06,114.52
2011-06-07,115.85
2011-06-08,117.91
2011-06-09,118.29
2011-06-10,118.4
2011-06-14,120.16
2011-06-15,118.29
2011-06-16,117.22
2011-06-17,112.9
2011-06-20,112.45
2011-06-21,112
2011-06-22,113.09
2011-06-23,108.07
2011-06-24,106.3
2011-06-27,105.45
2011-06-28,108.83
2011-06-29,110.88
2011-06-30,112.11
2011-07-01,110.75
2011-07-04,111.66
2011-07-05,112.87
2011-07-06,112.91
2011-07-07,117.42
2011-07-08,117.66
2011-07-11,115.86
2011-07-12,116.31
2011-07-13,119.12
2011-07-14,118.56
2011-07-15,118.33
2011-07-18,115.52
2011-07-19,117.89
2011-07-20,118.09
2011-07-21,118.7
2011-07-22,118.03
2011-07-25,118.14
2011-07-26,117.58
2011-07-27,117.33
2011-07-28,118.12
2011-07-29,116.79
2011-08-01,117.75
2011-08-02,117.63
2011-08-03,113.83
2011-08-04,111.05
2011-08-05,108.36
2011-08-08,105.66
2011-08-09,105.01
2011-08-10,104.37
2011-08-11,106.54
2011-08-12,107.91
2011-08-15,109.2
2011-08-16,109.2
2011-08-17,111.19
2011-08-18,108
2011-08-19,108.25
2011-08-22,107.07
2011-08-23,108.58
2011-08-24,110.2
2011-08-25,109.44
2011-08-26,110.56
2011-08-29,112.42
2011-08-30,113.25
2011-08-31,114.56
2011-09-01,114.84
2011-09-02,111.58
2011-09-05,110.66
2011-09-06,111.42
2011-09-07,114.83
2011-09-08,116.08
2011-09-09,112.7
2011-09-12,111.98
2011-09-13,111.81
2011-09-14,111.7
2011-09-15,114.83
2011-09-16,113
2011-09-19,109.37
2011-09-20,111.39
2011-09-21,111.86
2011-09-22,106.5
2011-09-23,104.7
2011-09-26,103.34
2011-09-27,106.56
2011-09-28,106.1
2011-09-29,104.38
2011-09-30,103
2011-10-03,101.58
2011-10-04,100.39
2011-10-05,102.2
2011-10-06,103.13
2011-10-07,105.76
2011-10-10,108.64
2011-10-11,109.2
2011-10-12,112.58
2011-10-13,109.78
2011-10-14,114
2011-10-17,114.55
2011-10-18,109.43
2011-10-19,111.38
2011-10-20,109.02
2011-10-21,111.18
2011-10-24,110.5
2011-10-25,110.58
2011-10-26,109.61
2011-10-27,111.8
2011-10-28,110.59
2011-10-31,109.27
2011-11-01,107.39
2011-11-02,110.9
2011-11-03,110.03
2011-11-07,114.35
2011-11-08,115.93
2011-11-09,113.02
2011-11-10,112.93
2011-11-11,114.25
2011-11-14,113.05
2011-11-15,112.55
2011-11-16,112.41
2011-11-17,109.28
2011-11-18,108.62
2011-11-21,106.93
2011-11-22,108.3
2011-11-23,107.51
2011-11-24,107.46
2011-11-25,107.32
2011-11-28,108.94
2011-11-29,110.14
2011-11-30,111.77
2011-12-01,109.97
2011-12-02,109.1
2011-12-05,111.21
2011-12-06,109.74
2011-12-07,109.8
2011-12-08,108.79
2011-12-09,108.1
2011-12-12,107.3
2011-12-13,108.98
2011-12-14,107.13
2011-12-15,105.65
2011-12-16,103.72
2011-12-19,104.26
2011-12-20,106.68
2011-12-21,106.59
2011-12-22,108.01
2011-12-23,107.77
2011-12-26,108.42
2011-12-27,108.17
2011-12-28,108.37
2011-12-29,106.9
2011-12-30,106.85
2012-01-03,111.11
2012-01-04,113.34
2012-01-05,113.11
2012-01-06,112.4
2012-01-09,112.68
2012-01-10,113.19
2012-01-11,113.07
2012-01-12,114.62
2012-01-13,110.38
2012-01-16,111.32
2012-01-17,111.29
2012-01-18,111.07
2012-01-19,111.06
2012-01-20,110.86
2012-01-23,110.98
2012-01-24,109.96
2012-01-25,109.48
2012-01-26,111.51
2012-01-27,111.5
2012-01-30,111.09
2012-01-31,112.38
2012-02-01,112.24
2012-02-02,111.76
2012-02-03,113.74
2012-02-06,114.57
2012-02-07,116.38
2012-02-08,116.6
2012-02-09,118.18
2012-02-10,116.9
2012-02-13,118.16
2012-02-14,117.7
2012-02-15,118.03
2012-02-16,119.65
2012-02-17,119.57
2012-02-20,120.27
2012-02-21,120.43
2012-02-22,122.05
2012-02-24,123.5
2012-02-27,124.13
2012-02-28,123.12
2012-02-29,123.22
2012-03-01,123.69
2012-03-02,124.73
2012-03-05,124.2
2012-03-06,121.94
2012-03-07,122.31
2012-03-11,125.85
2012-03-12,124.75
2012-03-13,125.67
2012-03-14,126.46
2012-03-15,124.5
2012-03-16,124.25
2012-03-19,125.7
2012-03-20,123.62
2012-03-21,124.03
2012-03-22,122.89
2012-03-23,125.11
2012-03-26,125.65
2012-03-27,125.64
2012-03-28,123.78
2012-03-29,123.09
2012-03-30,123.18
2012-04-02,122.99
2012-04-03,125.84
2012-04-04,123.61
2012-04-05,122.5
2012-04-06,122.2
2012-04-09,121.69
2012-04-10,121.3
2012-04-11,119.77
2012-04-12,120.51
2012-04-13,121.02
2012-04-16,121.78
2012-04-17,118.95
2012-04-18,117.55
2012-04-19,119.01
2012-04-20,119.35
2012-04-23,117.96
2012-04-24,118.49
2012-04-25,117.68
2012-04-26,120.13
2012-04-27,119.73
2012-04-28,119.87
2012-05-02,119.01
2012-05-03,116.66
2012-05-04,112.29
2012-05-05,113.21
2012-05-07,112.05
2012-05-08,110.8
2012-05-10,112.71
2012-05-11,112.51
2012-05-12,112.69
2012-05-14,110.72
2012-05-15,112.23
2012-05-16,112.13
2012-05-17,111.54
2012-05-18,107.43
2012-05-21,108.48
2012-05-22,109.05
2012-05-23,106.25
2012-05-24,106.79
2012-05-25,106.97
2012-05-28,107.6
2012-05-29,107.6
2012-05-30,103.68
2012-05-31,101.98
2012-06-01,98.95
2012-06-04,97.59
2012-06-05,98.8
2012-06-06,101.13
2012-06-07,101.14
2012-06-08,98
2012-06-09,99.5
2012-06-13,98.18
2012-06-14,96.46
2012-06-15,97.71
2012-06-18,96.4
2012-06-19,96.1
2012-06-20,94.93
2012-06-21,91.56
2012-06-22,90.42
2012-06-25,90.29
2012-06-26,91.95
2012-06-27,93.39
2012-06-28,91.81
2012-06-29,95.35
2012-07-02,96.3
2012-07-03,100.39
2012-07-04,99.9
2012-07-05,100.49
2012-07-06,98.68
2012-07-09,99.06
2012-07-10,98.6
2012-07-11,99.31
2012-07-12,98.99
2012-07-13,102.41
2012-07-16,102.35
2012-07-17,103.17
2012-07-18,105.19
2012-07-19,107
2012-07-20,106.68
2012-07-23,103.53
2012-07-24,103.65
2012-07-25,103
2012-07-26,105.24
2012-07-27,106.23
2012-07-30,106.2
2012-07-31,105.47
2012-08-01,105.88
2012-08-02,105.85
2012-08-03,108.37
2012-08-06,109.08
2012-08-07,110.92
2012-08-08,112.4
2012-08-09,112.75
2012-08-10,112.33
2012-08-13,113.51
2012-08-14,113.36
2012-08-15,114.6
2012-08-16,115.95
2012-08-17,112.95
2012-08-20,113.3
2012-08-21,115.16
2012-08-22,114.49
2012-08-23,115.83
2012-08-24,114.85
2012-08-27,112.49
2012-08-28,112.42
2012-08-29,112.6
2012-08-30,112.67
2012-08-31,113.41
2012-09-03,115.17
2012-09-04,114.77
2012-09-05,113.25
2012-09-06,114.75
2012-09-07,113.03
2012-09-10,114.59
2012-09-11,114.75
2012-09-12,115.41
2012-09-13,116.68
2012-09-14,116.84
2012-09-17,116.22
2012-09-18,113.64
2012-09-19,109.3
2012-09-20,109.31
2012-09-21,111.18
2012-09-24,109.64
2012-09-25,111.01
2012-09-26,108.81
2012-09-27,111.6
2012-09-28,112.49
2012-10-01,112.34
2012-10-02,112.2
2012-10-03,108.69
2012-10-04,109.58
2012-10-05,111.72
2012-10-08,112.15
2012-10-09,113.55
2012-10-10,114.66
2012-10-11,115.9
2012-10-12,114.84
2012-10-15,114.02
2012-10-16,114.91
2012-10-17,113.18
2012-10-18,111.78
2012-10-19,112.41
2012-10-22,110.48
2012-10-23,107.74
2012-10-24,107.98
2012-10-25,108.29
2012-10-26,109.09
2012-10-29,110.04
2012-10-30,109.23
2012-10-31,109.19
2012-11-01,108.24
2012-11-02,107.69
2012-11-06,108.93
2012-11-07,109.15
2012-11-08,106.86
2012-11-09,107.08
2012-11-12,109.71
2012-11-13,107.82
2012-11-14,108.6
2012-11-15,110.63
2012-11-16,108.55
2012-11-19,110.92
2012-11-20,111.19
2012-11-21,110.72
2012-11-22,110.82
2012-11-23,110.92
2012-11-26,110.86
2012-11-27,110.5
2012-11-28,108.92
2012-11-29,111.18
2012-11-30,110.89
2012-12-03,111.85
2012-12-04,109.72
2012-12-05,110
2012-12-06,107.67
2012-12-07,107.53
2012-12-10,107.63
2012-12-11,107.81
2012-12-12,109.97
2012-12-13,108.6
2012-12-14,108.87
2012-12-17,109.12
2012-12-18,108.05
2012-12-19,109.65
2012-12-20,109.9
2012-12-21,109
2012-12-24,108.4
2012-12-25,109.01
2012-12-26,110.62
2012-12-27,110.96
2012-12-28,110.88
2013-01-08,112.1
2013-01-09,111.81
2013-01-10,112.77
2013-01-11,110.31
2013-01-14,111.01
2013-01-15,111.43
2013-01-16,110.55
2013-01-17,110.63
2013-01-18,111.12
2013-01-21,111.66
2013-01-22,112.17
2013-01-23,112.5
2013-01-24,112.59
2013-01-25,113.75
2013-01-28,113.6
2013-01-29,113.35
2013-01-30,114.44
2013-01-31,114.71
2013-02-01,116.06
2013-02-04,115.79
2013-02-05,116.8
2013-02-06,116.05
2013-02-07,117.46
2013-02-08,118.75
2013-02-11,117.78
2013-02-12,118.53
2013-02-13,118.94
2013-02-14,117.66
2013-02-15,116.7
2013-02-18,117.65
2013-02-19,116.81
2013-02-20,116.8
2013-02-21,113.9
2013-02-22,114.05
2013-02-25,115
2013-02-26,114.16
2013-02-27,112.93
2013-02-28,112.29
2013-03-01,110.13
2013-03-04,110.38
2013-03-05,110.81
2013-03-06,110.94
2013-03-07,110.66
2013-03-11,109.77
2013-03-12,110.73
2013-03-13,109.61
2013-03-14,108.97
2013-03-15,110.21
2013-03-18,109.19
2013-03-19,108.82
2013-03-20,108.09
2013-03-21,107.95
2013-03-22,107.67
2013-03-25,108.23
2013-03-26,108.11
2013-03-27,109.52
2013-03-28,109.29
2013-03-29,109.98
2013-04-01,109.98
2013-04-02,110.82
2013-04-03,109.23
2013-04-04,106.13
2013-04-05,104.46
2013-04-08,104.62
2013-04-09,104.54
2013-04-10,105.33
2013-04-11,104.83
2013-04-12,101.5
2013-04-15,100.33
2013-04-16,99.05
2013-04-17,98.35
2013-04-18,97.91
2013-04-19,99.84
2013-04-22,99.54
2013-04-23,99.68
2013-04-24,101.05
2013-04-25,102.38
2013-04-26,103.34
2013-04-29,103.28
2013-04-30,102.76
2013-05-02,100.8
2013-05-03,104.63
2013-05-06,104.14
2013-05-07,105.37
2013-05-08,104.2
2013-05-10,101.85
2013-05-13,102.34
2013-05-14,102.49
2013-05-15,101.4
2013-05-16,103.56
2013-05-17,104.43
2013-05-20,104.7
2013-05-21,103.95
2013-05-22,103.15
2013-05-23,101.08
2013-05-24,101.93
2013-05-27,102.41
2013-05-28,104.29
2013-05-29,104.03
2013-05-30,101.35
2013-05-31,101.38
2013-06-03,101.92
2013-06-04,101.69
2013-06-05,103.9
2013-06-06,103.81
2013-06-07,104.46
2013-06-10,104.24
2013-06-11,102.34
2013-06-13,103.74
2013-06-14,106.24
2013-06-17,106.22
2013-06-18,105.86
2013-06-19,106.21
2013-06-20,102.68
2013-06-21,100.6
2013-06-24,100.2
2013-06-25,101.15
2013-06-26,100.43
2013-06-27,102.42
2013-06-28,103.1
2013-07-01,103.5
2013-07-02,103.63
2013-07-03,105.45
2013-07-04,105.42
2013-07-05,106.65
2013-07-08,107.2
2013-07-09,107.35
2013-07-10,108.2
2013-07-11,108.11
2013-07-12,108.1
2013-07-15,108.84
2013-07-16,109.05
2013-07-17,109.38
2013-07-18,108.7
2013-07-19,108.89
2013-07-22,107.72
2013-07-23,108.34
2013-07-24,107.47
2013-07-25,107.02
2013-07-26,106.7
2013-07-29,107.33
2013-07-30,106.97
2013-07-31,106.14
2013-08-01,109.1
2013-08-02,108.73
2013-08-05,108.41
2013-08-06,108.15
2013-08-07,107.77
2013-08-08,106.03
2013-08-09,107.38
2013-08-12,107.95
2013-08-13,109.23
2013-08-14,109.4
2013-08-15,110.84
2013-08-16,110
2013-08-19,110.88
2013-08-20,109.65
2013-08-21,110.07
2013-08-22,109.98
2013-08-23,110.83
2013-08-26,110.99
2013-08-27,113.4
2013-08-28,115.92
2013-08-29,115.85
2013-08-30,115
2013-09-02,114.04
2013-09-03,115.21
2013-09-04,114.8
2013-09-05,114.77
2013-09-06,115.96
2013-09-09,114.73
2013-09-10,111.2
2013-09-11,111.54
2013-09-12,112.37
2013-09-13,111.86
2013-09-16,109.87
2013-09-17,108.56
2013-09-18,108.44
2013-09-19,109.67
2013-09-20,109.29
2013-09-23,108.31
2013-09-24,107.74
2013-09-25,109.17
2013-09-26,108.7
2013-09-27,109.31
2013-09-30,107.75
2013-10-01,107.18
2013-10-02,108.09
2013-10-03,109.17
2013-10-04,109.51
2013-10-07,108.66
2013-10-08,110.26
2013-10-09,108.62
2013-10-10,110.94
2013-10-11,111.34
2013-10-14,110.25
2013-10-15,110.25
2013-10-16,110.35
2013-10-17,109.94
2013-10-18,109.55
2013-10-21,109.59
2013-10-22,110.6
2013-10-23,108.67
2013-10-24,107.23
2013-10-25,106.68
2013-10-28,108.92
2013-10-29,108.98
2013-10-30,109.22
2013-10-31,108.87
2013-11-01,107.14
2013-11-05,106.04
2013-11-06,105.66
2013-11-07,104.36
2013-11-08,103.58
2013-11-11,105.69
2013-11-12,106.68
2013-11-13,106.66
2013-11-14,108.15
2013-11-15,108.12
2013-11-18,108.26
2013-11-19,107.8
2013-11-20,106.68
2013-11-21,108.17
2013-11-22,110.38
2013-11-25,109.5
2013-11-26,111.21
2013-11-27,110.95
2013-11-28,111.27
2013-11-29,110.83
2013-12-02,109.94
2013-12-03,111.77
2013-12-04,111.81
2013-12-05,111.38
2013-12-06,111.3
2013-12-09,110.72
2013-12-10,109.19
2013-12-11,108.93
2013-12-12,109
2013-12-13,108.35
2013-12-16,110.26
2013-12-17,108.66
2013-12-18,108.71
2013-12-19,109.75
2013-12-20,110.91
2013-12-23,111.76
2013-12-24,111.99
2013-12-25,111.85
2013-12-26,111.58
2013-12-27,112.06
2013-12-30,111.52
2014-01-08,107.77
2014-01-09,107.7
2014-01-10,106.95
2014-01-13,107.03
2014-01-14,106.62
2014-01-15,106.48
2014-01-16,105.81
2014-01-17,106.23
2014-01-20,106.57
2014-01-21,107.79
2014-01-22,107.55
2014-01-23,107.9
2014-01-24,107.1
2014-01-27,107.22
2014-01-28,107.3
2014-01-29,107.3
2014-01-30,108.13
2014-01-31,106.94
2014-02-03,106.1
2014-02-04,105.82
2014-02-05,105.99
2014-02-06,107.07
2014-02-07,107.57
2014-02-10,109.37
2014-02-11,108.72
2014-02-12,109.34
2014-02-13,108.2
2014-02-14,108.24
2014-02-17,108.93
2014-02-18,109.61
2014-02-19,110.28
2014-02-20,109.98
2014-02-21,110.22
2014-02-24,109.95
2014-02-25,110.1
2014-02-26,109.31
2014-02-27,108.81
2014-02-28,109
2014-03-03,111.4
2014-03-04,109.2
2014-03-05,108.95
2014-03-06,108.18
2014-03-07,108.6
2014-03-11,108.56
2014-03-12,108.48
2014-03-13,107.9
2014-03-14,108.16
2014-03-17,108.54
2014-03-18,106.39
2014-03-19,106.21
2014-03-20,106.07
2014-03-21,107.57
2014-03-24,107.21
2014-03-25,106.71
2014-03-26,107.13
2014-03-27,107.5
2014-03-28,108.2
2014-03-31,107.81
2014-04-01,107.13
2014-04-02,104.31
2014-04-03,105.05
2014-04-04,106.92
2014-04-07,105.9
2014-04-08,105.78
2014-04-09,107.89
2014-04-10,107.71
2014-04-11,107.65
2014-04-14,108.11
2014-04-15,109.05
2014-04-16,109.92
2014-04-17,109.85
2014-04-18,109.57
2014-04-21,109.7
2014-04-22,109.33
2014-04-23,109.17
2014-04-24,109.9
2014-04-25,109.62
2014-04-28,108.92
2014-04-29,109.24
2014-04-30,108.01
2014-05-02,108.4
2014-05-05,107.71
2014-05-06,107.7
2014-05-07,107.75
2014-05-08,107.83
2014-05-12,108.4
2014-05-13,108.82
2014-05-14,109.84
2014-05-15,110.2
2014-05-16,109.76
2014-05-19,109.8
2014-05-20,109.32
2014-05-21,109.96
2014-05-22,110.81
2014-05-23,110.44
2014-05-26,110.2
2014-05-27,110.4
2014-05-28,109.65
2014-05-29,110.26
2014-05-30,109.46
2014-06-02,109.12
2014-06-03,108.63
2014-06-04,109.2
2014-06-05,108.18
2014-06-06,108.93
2014-06-09,110
2014-06-10,109.81
2014-06-11,109.87
2014-06-16,112.75
2014-06-17,113.21
2014-06-18,113.69
2014-06-19,114.87
2014-06-20,115.03
2014-06-23,114.38
2014-06-24,114.45
2014-06-25,113.65
2014-06-26,113.3
2014-06-27,113.43
2014-06-30,112.6
2014-07-01,112.31
2014-07-02,111.99
2014-07-03,110.94
2014-07-04,110.81
2014-07-07,110.67
2014-07-08,109.8
2014-07-09,108.51
2014-07-10,108.17
2014-07-11,107.6
2014-07-14,106.8
2014-07-15,105
2014-07-16,106.16
2014-07-17,105.95
2014-07-18,108.03
2014-07-21,107.35
2014-07-22,107.82
2014-07-23,107.71
2014-07-24,107.39
2014-07-25,107.03
2014-07-28,107.07
2014-07-29,107.63
2014-07-30,107.64
2014-07-31,106.37
2014-08-01,105.24
2014-08-04,105.6
2014-08-05,104.8
2014-08-06,105.25
2014-08-07,104.93
2014-08-08,105.43
2014-08-11,105.37
2014-08-12,103.43
2014-08-13,103.11
2014-08-14,102.7
2014-08-15,102.73
2014-08-18,101.67
2014-08-19,101.42
2014-08-20,101.93
2014-08-21,102.05
2014-08-22,102.5
2014-08-25,102.16
2014-08-26,103.21
2014-08-27,102.85
2014-08-28,102.69
2014-08-29,102.95
2014-09-01,102.97
2014-09-02,101.85
2014-09-03,101.62
2014-09-04,102.62
2014-09-05,101.38
2014-09-08,99.79
2014-09-09,99.98
2014-09-10,98.2
2014-09-11,97.11
2014-09-12,97.12
2014-09-15,97.09
2014-09-16,96.62
2014-09-17,98.68
2014-09-18,98.42
2014-09-19,97.75
2014-09-22,97.12
2014-09-23,97.08
2014-09-24,96.09
2014-09-25,96.62
2014-09-26,97.04
2014-09-29,96.82
2014-09-30,96.62
2014-10-01,95.44
2014-10-02,93.09
2014-10-03,91.68
2014-10-06,91.5
2014-10-07,91.88
2014-10-08,90.91
2014-10-09,90.85
2014-10-10,89.19
2014-10-13,88.16
2014-10-14,86.36
2014-10-15,85.33
2014-10-16,84.32
2014-10-17,86.32
2014-10-20,84.75
2014-10-21,85.85
2014-10-22,86.23
2014-10-23,86.4
2014-10-24,85.53
2014-10-27,85.43
2014-10-28,85.58
2014-10-29,87.75
2014-10-30,86.41
2014-10-31,85.34
2014-11-03,85.45
2014-11-05,83.54
2014-11-06,82.35
2014-11-07,83.48
2014-11-10,83.76
2014-11-11,81.78
2014-11-12,81.27
2014-11-13,79.71
2014-11-14,79.31
2014-11-17,78.63
2014-11-18,78.71
2014-11-19,78.54
2014-11-20,78.91
2014-11-21,80.1
2014-11-24,80.32
2014-11-25,79.61
2014-11-26,77.9
2014-11-27,74.6
2014-11-28,72.97
2014-12-01,71.15
2014-12-02,71.2
2014-12-03,71.02
2014-12-04,69.28
2014-12-05,68.45
2014-12-08,66.95
2014-12-09,66.47
2014-12-10,64.44
2014-12-11,64.81
2014-12-12,62.54
2014-12-15,61.44
2014-12-16,59.06
2014-12-17,60.31
2014-12-18,61.2
2014-12-19,60.82
2014-12-22,60.53
2014-12-23,60.92
2014-12-24,59.62
2014-12-25,59.94
2014-12-26,60.15
2014-12-29,59.73
2014-12-30,57.77
2015-01-05,53.88
2015-01-06,52
2015-01-08,51.05
2015-01-09,49.98
2015-01-12,47.38
2015-01-13,46.14
2015-01-14,46.83
2015-01-15,49.4
2015-01-16,49.59
2015-01-19,49.49
2015-01-20,48.44
2015-01-21,49.36
2015-01-22,48.81
2015-01-23,49.05
2015-01-26,48.51
2015-01-27,48.35
2015-01-28,49.22
2015-01-29,48.7
2015-01-30,49.58
2015-02-02,53.5
2015-02-03,56.35
2015-02-04,56.04
2015-02-05,56.55
2015-02-06,57.74
2015-02-09,58.54
2015-02-10,58.47
2015-02-11,54.66
2015-02-12,58.37
2015-02-13,61.43
2015-02-16,61.65
2015-02-17,60.48
2015-02-18,61.67
2015-02-19,58.57
2015-02-20,60.54
2015-02-24,60.12
2015-02-25,59.26
2015-02-26,61.32
2015-02-27,61.42
2015-03-02,61.07
2015-03-03,61.18
2015-03-04,59.9
2015-03-05,60.84
2015-03-06,60.09
2015-03-10,57.1
2015-03-11,56.98
2015-03-12,57.58
2015-03-13,55.98
2015-03-16,52.97
2015-03-17,52.95
2015-03-18,53.48
2015-03-19,54.74
2015-03-20,55.05
2015-03-23,55.84
2015-03-24,55.04
2015-03-25,55.4
2015-03-26,58.38
2015-03-27,57.86
2015-03-30,55.69
2015-03-31,55.82
2015-04-01,56.76
2015-04-02,55.39
2015-04-03,54.99
2015-04-06,57.93
2015-04-07,58.42
2015-04-08,56.8
2015-04-09,56.8
2015-04-10,57.56
2015-04-13,57.92
2015-04-14,58.61
2015-04-15,59.67
2015-04-16,62.81
2015-04-17,63.95
2015-04-20,63.51
2015-04-21,62.79
2015-04-22,62.85
2015-04-23,65
2015-04-24,65.02
2015-04-27,65.11
2015-04-28,65.08
2015-04-29,66.1
2015-04-30,66.14
2015-05-05,68.14
2015-05-06,67.99
2015-05-07,66.29
2015-05-08,65.48
2015-05-12,66.77
2015-05-13,67.65
2015-05-14,67
2015-05-15,66.6
2015-05-18,66.15
2015-05-19,64.71
2015-05-20,64.9
2015-05-21,66.73
2015-05-22,65.48
2015-05-25,66.13
2015-05-26,63.53
2015-05-27,63.16
2015-05-28,62.4
2015-05-29,64.89
2015-06-01,64.62
2015-06-02,65.12
2015-06-03,64.2
2015-06-04,62.34
2015-06-05,61.85
2015-06-08,62.65
2015-06-09,64.68
2015-06-10,65.25
2015-06-11,64.88
2015-06-15,64.01
2015-06-16,63.94
2015-06-17,63.26
2015-06-18,64.22
2015-06-19,62.79
2015-06-22,62.67
2015-06-23,64.18
2015-06-24,63.55
2015-06-25,63.07
2015-06-26,63.25
2015-06-29,61.85
2015-06-30,63.16
2015-07-01,62.57
2015-07-02,62.7
2015-07-03,60.34
2015-07-06,58.22
2015-07-07,56.05
2015-07-08,56.59
2015-07-09,58.9
2015-07-10,58.37
2015-07-13,58.48
2015-07-14,58.36
2015-07-15,57.67
2015-07-16,57.84
2015-07-17,56.8
2015-07-20,56.74
2015-07-21,56.86
2015-07-22,56.53
2015-07-23,56.19
2015-07-24,54.56
2015-07-27,53.71
2015-07-28,53.73
2015-07-29,54.02
2015-07-30,53.66
2015-07-31,52.5
2015-08-03,50.31
2015-08-04,50.05
2015-08-05,49.69
2015-08-06,49
2015-08-07,49.06
2015-08-10,49.95
2015-08-11,48.93
2015-08-12,49.05
2015-08-13,48.93
2015-08-14,49.03
2015-08-17,49.22
2015-08-18,48.62
2015-08-19,47
2015-08-20,47.18
2015-08-21,45.35
2015-08-24,42.88
2015-08-25,43.42
2015-08-26,43.05
2015-08-27,45.93
2015-08-28,49.68
2015-08-31,51.31
2015-09-01,50.21
2015-09-02,48.43
2015-09-03,51.23
2015-09-04,50.04
2015-09-07,47.89
2015-09-08,49.65
2015-09-09,48.45
2015-09-10,48.77
2015-09-11,48.15
2015-09-14,46.5
2015-09-15,46.28
2015-09-16,49.73
2015-09-17,48.52
2015-09-18,47.99
2015-09-21,48.33
2015-09-22,48.33
2015-09-23,48.58
2015-09-24,48.07
2015-09-25,48.26
2015-09-28,47.58
2015-09-29,48.43
2015-09-30,48.35
2015-10-01,48.25
2015-10-02,47.12
2015-10-05,49.62
2015-10-06,51.4
2015-10-07,51.44
2015-10-08,52.43
2015-10-09,52.77
2015-10-12,51.71
2015-10-13,50.02
2015-10-14,49.1
2015-10-15,48.55
2015-10-16,49.94
2015-10-19,48.99
2015-10-20,48.67
2015-10-21,48.25
2015-10-22,48.13
2015-10-23,47.9
2015-10-26,47.78
2015-10-27,46.81
2015-10-28,48.94
2015-10-29,49.08
2015-10-30,49.33
2015-11-02,49.14
2015-11-03,49.69
2015-11-05,48.25
2015-11-06,47.51
2015-11-09,47.4
2015-11-10,47.42
2015-11-11,46.62
2015-11-12,45.29
2015-11-13,43.7
2015-11-16,43.71
2015-11-17,44.16
2015-11-18,44.17
2015-11-19,44.3
2015-11-20,44.34
2015-11-23,45.07
2015-11-24,45.7
2015-11-25,45.52
2015-11-26,45.65
2015-11-27,45.12
2015-11-30,45.39
2015-12-01,44.36
2015-12-02,43.85
2015-12-03,43.15
2015-12-04,43.26
2015-12-07,41.35
2015-12-08,40.35
2015-12-09,41.25
2015-12-10,39.95
2015-12-11,38.72
2015-12-14,37.41
2015-12-15,38.4
2015-12-16,37.59
2015-12-17,37.46
2015-12-18,37.38
2015-12-21,36.47
2015-12-22,36.46
2015-12-23,37.4
2015-12-24,37.75
2015-12-25,37.71
2015-12-28,36.66
2015-12-29,37.68
2015-12-30,36.73
2016-01-04,38.3
2016-01-05,36.42
2016-01-06,34.46
2016-01-11,32.64
2016-01-12,31.17
2016-01-13,30.53
2016-01-14,30.98
2016-01-15,31.01
2016-01-18,28.99
2016-01-19,29.99
2016-01-20,28.43
2016-01-21,28.97
2016-01-22,31.92
2016-01-25,32.04
2016-01-26,32.45
2016-01-27,33.13
2016-01-28,35.09
2016-01-29,35.53
2016-02-01,34.82
2016-02-02,33.01
2016-02-03,33.54
2016-02-04,35.41
2016-02-05,34.66
2016-02-08,33.44
2016-02-09,32.4
2016-02-10,31.16
2016-02-11,30.46
2016-02-12,31.94
2016-02-15,33.73
2016-02-16,32.77
2016-02-17,33.96
2016-02-18,35.34
2016-02-19,32.96
2016-02-20,33.1
2016-02-22,34.71
2016-02-24,33.12
2016-02-25,33.94
2016-02-26,36.21
2016-02-29,35.94
2016-03-01,36.31
2016-03-02,36.32
2016-03-03,36.75
2016-03-04,37.63
2016-03-07,39.81
2016-03-09,40.95
2016-03-10,40.17
2016-03-11,40.35
2016-03-14,39.27
2016-03-15,38.6
2016-03-16,40.07
2016-03-17,41.11
2016-03-18,41.66
2016-03-21,41.46
2016-03-22,41.69
2016-03-23,40.74
2016-03-24,39.94
2016-03-25,40.49
2016-03-28,40.04
2016-03-29,39.06
2016-03-30,39.47
2016-03-31,40.56
2016-04-01,38.8
2016-04-04,38.12
2016-04-05,37.79
2016-04-06,39.73
2016-04-07,38.99
2016-04-08,41.65
2016-04-11,42.7
2016-04-12,44.67
2016-04-13,44.4
2016-04-14,44.3
2016-04-15,42.78
2016-04-18,43.16
2016-04-19,44.19
2016-04-20,44.79
2016-04-21,45.18
2016-04-22,45.58
2016-04-25,44.77
2016-04-26,45.67
2016-04-27,46
2016-04-28,47.61
2016-04-29,47.57
2016-05-04,45.37
2016-05-05,45.76
2016-05-06,45.99
2016-05-10,45.24
2016-05-11,47.17
2016-05-12,46.84
2016-05-13,47.75
2016-05-16,49.21
2016-05-17,49.42
2016-05-18,49.72
2016-05-19,47.81
2016-05-20,48.82
2016-05-23,48.02
2016-05-24,48.64
2016-05-25,49.18
2016-05-26,49.89
2016-05-27,49.33
2016-05-30,49.61
2016-05-31,49.95
2016-06-01,49.72
2016-06-02,49.9
2016-06-03,49.65
2016-06-06,50.56
2016-06-07,51.05
2016-06-08,52.26
2016-06-09,51.95
2016-06-10,50.91
2016-06-14,49.73
2016-06-15,49.39
2016-06-16,47.31
2016-06-17,48.53
2016-06-20,50.3
2016-06-21,49.95
2016-06-22,49.79
2016-06-23,50.36
2016-06-24,48.75
2016-06-27,47.32
2016-06-28,47.83
2016-06-29,49.83
2016-06-30,49.66
2016-07-01,49.8
2016-07-04,50.11
2016-07-05,48
2016-07-06,47.89
2016-07-07,47.61
2016-07-08,46.67
2016-07-11,46.69
2016-07-12,48.06
2016-07-13,46.34
2016-07-14,47.19
2016-07-15,47.66
2016-07-18,46.94
2016-07-19,46.97
2016-07-20,47.01
2016-07-21,46.64
2016-07-22,45.38
2016-07-25,44.81
2016-07-26,44.77
2016-07-27,43.88
2016-07-28,42.8
2016-07-29,42.33
2016-08-01,42.24
2016-08-02,41.62
2016-08-03,42.69
2016-08-04,43.45
2016-08-05,43.79
2016-08-08,45.37
2016-08-09,45.31
2016-08-10,44.24
2016-08-11,45.63
2016-08-12,46.71
2016-08-15,48.06
2016-08-16,48.85
2016-08-17,49.26
2016-08-18,50.78
2016-08-19,50.54
2016-08-22,49.35
2016-08-23,49.83
2016-08-24,48.85
2016-08-25,49.38
2016-08-26,49.77
2016-08-29,49.15
2016-08-30,48.39
2016-08-31,47.17
2016-09-01,45.74
2016-09-02,46.78
2016-09-05,47.34
2016-09-06,46.81
2016-09-07,47.82
2016-09-08,49.67
2016-09-09,48.68
2016-09-12,48.41
2016-09-13,47.22
2016-09-14,46.22
2016-09-15,46.56
2016-09-16,46.11
2016-09-19,46.71
2016-09-20,46.03
2016-09-21,46.78
2016-09-22,47.6
2016-09-23,47.48
2016-09-26,47.32
2016-09-27,45.77
2016-09-28,46.25
2016-09-29,49.47
2016-09-30,49
2016-10-03,50.5
2016-10-04,51.11
2016-10-05,51.75
2016-10-06,52.39
2016-10-07,51.94
2016-10-10,53.14
2016-10-11,52.31
2016-10-12,51.84
2016-10-13,52
2016-10-14,51.63
2016-10-17,51.43
2016-10-18,51.42
2016-10-19,52.87
2016-10-20,51.41
2016-10-21,51.68
2016-10-24,51.19
2016-10-25,50.85
2016-10-26,50.13
2016-10-27,50.6
2016-10-28,49.97
2016-10-31,48.16
2016-11-01,48.81
2016-11-02,46.63
2016-11-03,46.65
2016-11-07,45.54
2016-11-08,46.05
2016-11-09,45.71
2016-11-10,46.05
2016-11-11,44.79
2016-11-14,44.04
2016-11-15,46
2016-11-16,47.4
2016-11-17,46.87
2016-11-18,46.11
2016-11-21,48.5
2016-11-22,49.04
2016-11-23,49.34
2016-11-24,49.04
2016-11-25,47.82
2016-11-28,48.22
2016-11-29,46.53
2016-11-30,49.62
2016-12-01,53.65
2016-12-02,54.29
2016-12-05,54.93
2016-12-06,53.78
2016-12-07,53.16
2016-12-08,53.86
2016-12-09,54.22
2016-12-12,56.16
2016-12-13,55.44
2016-12-14,55.48
2016-12-15,53.7
2016-12-16,54.91
2016-12-19,55.07
2016-12-20,55.76
2016-12-21,55.02
2016-12-22,55.16
2016-12-23,54.85
2016-12-26,55.21
2016-12-27,55.76
2016-12-28,56.45
2016-12-29,57.14
2016-12-30,56.62
2017-01-03,57.73
2017-01-04,55.59
2017-01-05,57.06
2017-01-06,56.61
2017-01-09,55.65
2017-01-10,54.44
2017-01-11,54.61
2017-01-12,56.14
2017-01-13,55.68
2017-01-16,55.35
2017-01-17,55.79
2017-01-18,54.38
2017-01-19,54.59
2017-01-20,55.73
2017-01-23,54.98
2017-01-24,55.58
2017-01-25,55.59
2017-01-26,56.38
2017-01-27,55.51
2017-01-30,55.14
2017-01-31,55.84
2017-02-01,56.11
2017-02-02,56.57
2017-02-03,57.16
2017-02-06,56.07
2017-02-07,55.06
2017-02-08,55.11
2017-02-09,55.55
2017-02-10,56.62
2017-02-13,55.7
2017-02-14,56.13
2017-02-15,55.76
2017-02-16,55.37
2017-02-17,55.37
2017-02-20,56.21
2017-02-21,56.66
2017-02-22,55.85
2017-02-24,56.16
2017-02-27,56.25
2017-02-28,55.44
2017-03-01,56.72
2017-03-02,55.42
2017-03-03,55.5
2017-03-06,56.07
2017-03-07,56.04
2017-03-09,52.16
2017-03-10,51.72
2017-03-13,51.29
2017-03-14,50.82
2017-03-15,51.64
2017-03-16,51.83
2017-03-17,51.68
2017-03-20,51.54
2017-03-21,51.15
2017-03-22,50.53
2017-03-23,50.59
2017-03-24,50.65
2017-03-27,50.76
2017-03-28,51.67
2017-03-29,52.22
2017-03-30,52.95
2017-03-31,52.61
2017-04-03,53.18
2017-04-04,53.95
2017-04-05,54.37
2017-04-06,54.7
2017-04-07,55.18
2017-04-10,55.85
2017-04-11,55.6
2017-04-12,56.09
2017-04-13,55.86
2017-04-14,55.76
2017-04-17,55.69
2017-04-18,54.69
2017-04-19,54.13
2017-04-20,52.98
2017-04-21,52.02
2017-04-24,51.6
2017-04-25,51.58
2017-04-26,51.95
2017-04-27,50.66
2017-04-28,51.49
2017-05-02,51.66
2017-05-03,50.39
2017-05-04,49.1
2017-05-05,49.38
2017-05-10,50.29
2017-05-11,51.02
2017-05-12,50.74
2017-05-15,52.13
2017-05-16,51.85
2017-05-17,52.47
2017-05-18,52.47
2017-05-19,53.54
2017-05-22,53.75
2017-05-23,53.94
2017-05-24,53.91
2017-05-25,52.34
2017-05-26,51.6
2017-05-29,52.57
2017-05-30,51.31
2017-05-31,49.87
2017-06-01,50.32
2017-06-02,49.84
2017-06-05,49.2
2017-06-06,49.47
2017-06-07,48.39
2017-06-08,48.14
2017-06-09,48.25
2017-06-13,48.52
2017-06-14,46.96
2017-06-15,47.01
2017-06-16,47.19
2017-06-19,47.35
2017-06-20,45.8
2017-06-21,45.85
2017-06-22,45.6
2017-06-23,45.6
2017-06-26,45.78
2017-06-27,46.88
2017-06-28,47.02
2017-06-29,47.48
2017-06-30,47.89
2017-07-03,47.86
2017-07-04,49.73
2017-07-05,48.05
2017-07-06,48.88
2017-07-07,46.73
2017-07-10,46.95
2017-07-11,47.27
2017-07-12,47.7
2017-07-13,48.38
2017-07-14,48.77
2017-07-17,48.66
2017-07-18,48.73
2017-07-19,49.48
2017-07-20,49.47
2017-07-21,48.56
2017-07-24,48.47
2017-07-25,49.93
2017-07-26,50.85
2017-07-27,51.31
2017-07-28,52.45
2017-07-31,52.39
2017-08-01,50.96
2017-08-02,52.09
2017-08-03,52.83
2017-08-04,52.36
2017-08-07,51.67
2017-08-08,52.42
2017-08-09,52.27
2017-08-10,52.61
2017-08-11,51.69
2017-08-14,51.67
2017-08-15,50.38
2017-08-16,50.73
2017-08-17,50.75
2017-08-18,51.86
2017-08-21,51.64
2017-08-22,51.9
2017-08-23,52.43
2017-08-24,51.78
2017-08-25,52.3
2017-08-28,51.6
2017-08-29,51.65
2017-08-30,51.77
2017-08-31,52.19
2017-09-01,52.77
2017-09-04,52.39
2017-09-05,53.48
2017-09-06,54.02
2017-09-07,54.36
2017-09-08,54.21
2017-09-11,53.67
2017-09-12,54.32
2017-09-13,54.88
2017-09-14,55.77
2017-09-15,55.57
2017-09-18,55.04
2017-09-19,55.34
2017-09-20,56.13
2017-09-21,56.2
2017-09-22,56.7
2017-09-25,58.3
2017-09-26,58.28
2017-09-27,57.84
2017-09-28,57.67
2017-09-29,57.38
2017-10-02,55.71
2017-10-03,56
2017-10-04,56.02
2017-10-05,57.08
2017-10-06,55.47
2017-10-09,55.63
2017-10-10,56.74
2017-10-11,56.29
2017-10-12,56.18
2017-10-13,57.01
2017-10-16,57.65
2017-10-17,57.25
2017-10-18,57.98
2017-10-19,57.46
2017-10-20,57.46
2017-10-23,57.52
2017-10-24,57.99
2017-10-25,58.14
2017-10-26,58.58
2017-10-27,60.19
2017-10-30,60.36
2017-10-31,60.96
2017-11-01,60.66
2017-11-02,60.44
2017-11-03,60.76
2017-11-07,63.73
2017-11-08,63.12
2017-11-09,63.91
2017-11-10,64.12
2017-11-13,63.47
2017-11-14,61.92
2017-11-15,61.58
2017-11-16,61.8
2017-11-17,62.02
2017-11-20,61.58
2017-11-21,62.64
2017-11-22,62.68
2017-11-23,63.38
2017-11-24,63.41
2017-11-27,63.5
2017-11-28,63.6
2017-11-29,63.66
2017-11-30,63.64
2017-12-01,64.25
2017-12-04,62.86
2017-12-05,62.67
2017-12-06,62.05
2017-12-07,61.77
2017-12-08,63.08
2017-12-11,64.17
2017-12-12,64.62
2017-12-13,63.25
2017-12-14,63.07
2017-12-15,63.3
2017-12-18,63.44
2017-12-19,63.66
2017-12-20,63.91
2017-12-21,64.48
2017-12-22,64.74
2017-12-25,65.07
2017-12-26,66.18
2017-12-27,66.64
2017-12-28,66.4
2017-12-29,66.51
2018-01-03,67.49
2018-01-04,67.85
2018-01-05,67.59
2018-01-09,67.83
2018-01-10,69.04
2018-01-11,69.6
2018-01-12,69.13
2018-01-15,69.89
2018-01-16,69.56
2018-01-17,69.2
2018-01-18,68.87
2018-01-19,68.6
2018-01-22,68.75
2018-01-23,69.81
2018-01-24,70.07
2018-01-25,70.98
2018-01-26,70.2
2018-01-29,69.48
2018-01-30,68.6
2018-01-31,68.81
2018-02-01,69.46
2018-02-02,68.15
2018-02-05,67.95
2018-02-06,67.18
2018-02-07,66.43
2018-02-08,65.06
2018-02-09,63.6
2018-02-12,63.26
2018-02-13,62.08
2018-02-14,63.11
2018-02-15,63.3
2018-02-16,64.45
2018-02-19,65.38
2018-02-20,64.98
2018-02-21,65.18
2018-02-22,65.35
2018-02-26,67.2
2018-02-27,66.88
2018-02-28,65.92
2018-03-01,63.54
2018-03-02,63.41
2018-03-05,64.9
2018-03-06,65.62
2018-03-07,65.56
2018-03-09,64.68
2018-03-12,64.33
2018-03-13,64.25
2018-03-14,64.5
2018-03-15,65.14
2018-03-16,65.9
2018-03-19,65.76
2018-03-20,67.53
2018-03-21,69.12
2018-03-22,68.92
2018-03-23,70.11
2018-03-26,70.16
2018-03-27,70.15
2018-03-28,69.18
2018-03-29,69.98
2018-03-30,70.37
2018-04-02,70.14
2018-04-03,68.07
2018-04-04,67.63
2018-04-05,68.37
2018-04-06,67.31
2018-04-09,68.4
2018-04-10,70.66
2018-04-11,72.46
2018-04-12,71.57
2018-04-13,72.64
2018-04-16,71.55
2018-04-17,71.3
2018-04-18,72.78
2018-04-19,74.36
2018-04-20,73.62
2018-04-23,73.91
2018-04-24,74.69
2018-04-25,73.64
2018-04-26,74.3
2018-04-27,74.56
2018-04-28,74.39
2018-04-30,74.84
2018-05-02,72.62
2018-05-03,73.05
2018-05-04,74.54
2018-05-07,76.04
2018-05-08,74.57
2018-05-10,76.97
2018-05-11,77.25
2018-05-14,78.16
2018-05-15,78.69
2018-05-16,78.29
2018-05-17,80.4
2018-05-18,79.23
2018-05-21,78.86
2018-05-22,80.38
2018-05-23,79.33
2018-05-24,79.22
2018-05-25,76.25
2018-05-28,75.21
2018-05-29,75.14
2018-05-30,77.23
2018-05-31,77.79
2018-06-01,76.36
2018-06-04,75.71
2018-06-05,74.41
2018-06-06,74.96
2018-06-07,76.78
2018-06-08,76.6
2018-06-09,76.23
2018-06-11,76.71
2018-06-13,76.4
2018-06-14,75.91
2018-06-15,73.3
2018-06-18,74.41
2018-06-19,74.86
2018-06-20,75.25
2018-06-21,73.45
2018-06-22,74.59
2018-06-25,74.15
2018-06-26,75.6
2018-06-27,78.01
2018-06-28,77.63
2018-06-29,79.5
2018-07-02,77.69
2018-07-03,76.99
2018-07-04,78.01
2018-07-05,78.19
2018-07-06,76.99
2018-07-09,77.95
2018-07-10,78.81
2018-07-11,76.37
2018-07-12,73.55
2018-07-13,75.15
2018-07-16,72.22
2018-07-17,71.95
2018-07-18,72.33
2018-07-19,73.16
2018-07-20,72.89
2018-07-23,73.7
2018-07-24,73.94
2018-07-25,73.93
2018-07-26,74.49
2018-07-27,74.74
2018-07-30,75.5
2018-07-31,74.77
2018-08-01,72.63
2018-08-02,73.51
2018-08-03,72.77
2018-08-06,74
2018-08-07,74.31
2018-08-08,72.02
2018-08-09,72.17
2018-08-10,72.77
2018-08-13,72.09
2018-08-14,72.66
2018-08-15,70.74
2018-08-16,71.09
2018-08-17,71.71
2018-08-20,72.14
2018-08-21,72.54
2018-08-22,74.33
2018-08-23,74.6
2018-08-24,76.09
2018-08-27,75.78
2018-08-28,76.22
2018-08-29,76.51
2018-08-30,77.44
2018-08-31,77.82
2018-09-03,78.05
2018-09-04,78.48
2018-09-05,77.25
2018-09-06,76
2018-09-07,76.46
2018-09-10,77.49
2018-09-11,78.63
2018-09-12,79.64
2018-09-13,78.3
2018-09-14,78.78
2018-09-17,78.16
2018-09-18,78.8
2018-09-19,79.22
2018-09-20,78.75
2018-09-21,78.49
2018-09-24,81.17
2018-09-25,81.85
2018-09-26,81.55
2018-09-27,81.67
2018-09-28,82.8
2018-10-01,84.15
2018-10-02,85.11
2018-10-03,85.27
2018-10-04,85.57
2018-10-05,84.71
2018-10-08,83.6
2018-10-09,84.73
2018-10-10,83.43
2018-10-11,80.87
2018-10-12,80.22
2018-10-15,80.33
2018-10-16,80.7
2018-10-17,79.76
2018-10-18,79.61
2018-10-19,80.16
2018-10-22,79.71
2018-10-23,77
2018-10-24,76.75
2018-10-25,76.7
2018-10-26,77.38
2018-10-29,77.59
2018-10-30,76.44
2018-10-31,75.78
2018-11-01,73.02
2018-11-02,72.9
2018-11-06,71.93
2018-11-07,72.05
2018-11-08,71.75
2018-11-09,70.34
2018-11-12,71.01
2018-11-13,66.8
2018-11-14,67.34
2018-11-15,67.01
2018-11-16,68.08
2018-11-19,66.31
2018-11-20,64.01
2018-11-21,63.12
2018-11-22,63.1
2018-11-23,58.8
2018-11-26,60.77
2018-11-27,61.14
2018-11-28,59.56
2018-11-29,59.38
2018-11-30,58.64
2018-12-03,61.33
2018-12-04,62.59
2018-12-05,62.83
2018-12-06,59.51
2018-12-07,63.23
2018-12-10,61.17
2018-12-11,60.95
2018-12-12,60.65
2018-12-13,60.31
2018-12-14,60.64
2018-12-17,60.1
2018-12-18,58.52
2018-12-19,57.45
2018-12-20,55.83
2018-12-21,53.8
2018-12-24,53.22
2018-12-25,49.34
2018-12-26,52.15
2018-12-27,53.45
2018-12-28,52.5
2018-12-29,53.29
2019-01-03,54.52
2019-01-04,58.12
2019-01-08,58.05
2019-01-09,59.94
2019-01-10,61.12
2019-01-11,61.16
2019-01-14,60.26
2019-01-15,60.42
2019-01-16,60.42
2019-01-17,60.44
2019-01-18,62.86
2019-01-21,62.96
2019-01-22,60.89
2019-01-23,61.59
2019-01-24,61
2019-01-25,61.23
2019-01-28,60.1
2019-01-29,61.46
2019-01-30,62
2019-01-31,62.41
2019-02-01,61.66
2019-02-04,61.97
2019-02-05,62.68
2019-02-06,61.89
2019-02-07,62.31
2019-02-08,61.98
2019-02-11,61.26
2019-02-12,62.74
2019-02-13,63.41
2019-02-14,63.78
2019-02-15,65.54
2019-02-18,66.54
2019-02-19,66.29
2019-02-20,66.3
2019-02-21,66.93
2019-02-22,67.17
2019-02-25,65.71
2019-02-26,65.22
2019-02-27,66.41
2019-02-28,66.6
2019-03-01,65.46
2019-03-04,66.09
2019-03-05,65.62
2019-03-06,65.74
2019-03-07,66.07
2019-03-11,66.62
2019-03-12,67
2019-03-13,67.28
2019-03-14,67.24
2019-03-15,66.68
2019-03-18,67.49
2019-03-19,67.65
2019-03-20,68.42
2019-03-21,68.29
2019-03-22,66.7
2019-03-25,67.06
2019-03-26,67.97
2019-03-27,67.52
2019-03-28,66.81
2019-03-29,67.73
2019-04-01,68.61
2019-04-02,69.37
2019-04-03,69.14
2019-04-04,69.62
2019-04-05,69.94
2019-04-08,70.88
2019-04-09,70.7
2019-04-10,71.33
2019-04-11,71
2019-04-12,71.54
2019-04-15,71.1
2019-04-16,71.19
2019-04-17,71.88
2019-04-18,71.8
2019-04-19,72
2019-04-22,74.09
2019-04-23,74.5
2019-04-24,74.43
2019-04-25,74.95
2019-04-26,71.99
2019-04-29,72.08
2019-04-30,72.85
2019-05-02,70.07
2019-05-03,71.29
2019-05-06,70.84
2019-05-07,70.11
2019-05-08,70.35
2019-05-10,70.72
2019-05-13,70.79
2019-05-14,71.27
2019-05-15,72.02
2019-05-16,72.99
2019-05-17,72.32
2019-05-20,72.39
2019-05-21,71.89
2019-05-22,70.87
2019-05-23,67.8
2019-05-24,68.02
2019-05-27,69.76
2019-05-28,69.89
2019-05-29,68.45
2019-05-30,67.55
2019-05-31,63.44
2019-06-03,61.78
2019-06-04,61.86
2019-06-05,60.19
2019-06-06,60.45
2019-06-07,63.28
2019-06-10,62.88
2019-06-11,62.37
2019-06-13,61.54
2019-06-14,62.06
2019-06-17,61.67
2019-06-18,62.45
2019-06-19,62.15
2019-06-20,64.18
2019-06-21,65.15
2019-06-24,64.31
2019-06-25,65.32
2019-06-26,66.4
2019-06-27,66.2
2019-06-28,66.68
2019-07-01,64.85
2019-07-02,62.78
2019-07-03,62.99
2019-07-04,63.58
2019-07-05,64.09
2019-07-08,64.56
2019-07-09,64.29
2019-07-10,66.33
2019-07-11,67.01
2019-07-12,66.83
2019-07-15,66.65
2019-07-16,66.66
2019-07-17,64.18
2019-07-18,61.79
2019-07-19,62.06
2019-07-22,63.41
2019-07-23,63.1
2019-07-24,63.7
2019-07-25,63.65
2019-07-26,63.83
2019-07-29,63.31
2019-07-30,64.16
2019-07-31,65.02
2019-08-01,63.39
2019-08-02,62.13
2019-08-05,60.62
2019-08-06,59.62
2019-08-07,56.42
2019-08-08,57.53
2019-08-09,58.67
2019-08-12,58.43
2019-08-13,60.99
2019-08-14,58.72
2019-08-15,58.1
2019-08-16,58.68
2019-08-19,59.34
2019-08-20,59.47
2019-08-21,60.75
2019-08-22,59.89
2019-08-23,58.78
2019-08-26,59.16
2019-08-27,58.7
2019-08-28,60.5
2019-08-29,60.75
2019-08-30,58.87
2019-09-02,58.55
2019-09-03,57.75
2019-09-04,60.57
2019-09-05,62.25
2019-09-06,60.69
2019-09-09,62.75
2019-09-10,63.4
2019-09-11,61
2019-09-12,59.82
2019-09-13,60.2
2019-09-16,67.5
2019-09-17,65.82
2019-09-18,63.84
2019-09-19,64.52
2019-09-20,64.99
2019-09-23,64.26
2019-09-24,63.68
2019-09-25,62.11
2019-09-26,61.15
2019-09-27,61.08
2019-09-30,60.22
2019-10-01,59.3
2019-10-02,57.49
2019-10-03,57.22
2019-10-04,58.49
2019-10-07,59.24
2019-10-08,57.94
2019-10-09,59.18
2019-10-10,58.69
2019-10-11,60.2
2019-10-14,59.12
2019-10-15,59.38
2019-10-16,59.51
2019-10-17,58.86
2019-10-18,59.57
2019-10-21,58.65
2019-10-22,59.82
2019-10-23,60.27
2019-10-24,61.54
2019-10-25,61.72
2019-10-28,61.59
2019-10-29,61.59
2019-10-30,60.62
2019-10-31,59.53
2019-11-01,60.72
2019-11-05,63
2019-11-06,63.15
2019-11-07,62.32
2019-11-08,61.57
2019-11-11,62.63
2019-11-12,62.75
2019-11-13,62.44
2019-11-14,63.02
2019-11-15,62.65
2019-11-18,62.77
2019-11-19,61.54
2019-11-20,61.79
2019-11-21,63.51
2019-11-22,63.91
2019-11-25,63.36
2019-11-26,63.88
2019-11-27,64.04
2019-11-28,63.34
2019-11-29,61.35
2019-12-02,61.27
2019-12-03,60.72
2019-12-04,63.07
2019-12-05,63.65
2019-12-06,64.03
2019-12-09,64.19
2019-12-10,64.3
2019-12-11,63.13
2019-12-12,64.45
2019-12-13,64.77
2019-12-16,65.57
2019-12-17,65.9
2019-12-18,66.07
2019-12-19,66.46
2019-12-20,66.17
2019-12-23,66.01
2019-12-24,67.14
2019-12-25,67.66
2019-12-26,67.83
2019-12-27,67.84
2019-12-30,67.08
2020-01-03,68.76
2020-01-06,69.27
2020-01-08,67.24
2020-01-09,64.84
2020-01-10,65
2020-01-13,64.22
2020-01-14,64.63
2020-01-15,63.74
2020-01-16,64.56
2020-01-17,64.69
2020-01-20,65.09
2020-01-21,64.93
2020-01-22,63.35
2020-01-23,61.37
2020-01-24,60.87
2020-01-27,59.41
2020-01-28,59.99
2020-01-29,59.68
2020-01-30,58.66
2020-01-31,58.02
2020-02-04,54.6
2020-02-05,56.15
2020-02-06,54.96
2020-02-07,54.94
2020-02-10,53.71
2020-02-11,54.42
2020-02-12,55.77
2020-02-13,56.06
2020-02-14,57.17
2020-02-17,57.32
2020-02-18,57.37
2020-02-19,58.69
2020-02-20,59.75
2020-02-21,58.17
2020-02-25,55.69
2020-02-26,55.24
2020-02-27,51.09
2020-02-28,49.27
2020-03-02,50.64
2020-03-03,53.43
2020-03-04,52.5
2020-03-05,50.73
2020-03-06,46.72
2020-03-10,36.51
2020-03-11,36.09
2020-03-12,33.79
2020-03-13,33.17
2020-03-16,30.84
2020-03-17,29.89
2020-03-18,26.31
2020-03-19,26.97
2020-03-20,27.18
2020-03-23,25.62
2020-03-24,27.55
2020-03-25,27.12
2020-03-26,27.13
2020-03-27,24.63
2020-03-30,21.94
2020-03-31,22.82
2020-04-01,25
2020-04-02,29.64
2020-04-03,32.8
2020-04-06,32.5
2020-04-07,33.05
2020-04-08,32.19
2020-04-09,33.39
2020-04-10,31.66
2020-04-13,32.23
2020-04-14,30.18
2020-04-15,27.53
2020-04-16,27.61
2020-04-17,28.46
2020-04-20,26.61
2020-04-21,19.16
2020-04-22,20.36
2020-04-23,22.44
2020-04-24,21.58
2020-04-27,19.3
2020-04-28,20.26
2020-04-29,22.53
2020-04-30,25.46
2020-05-04,26.38
2020-05-05,30.4
2020-05-06,28.93
2020-05-07,31.1
2020-05-08,30.15
2020-05-12,29.95
2020-05-13,29.6
2020-05-14,30.18
2020-05-15,31.73
2020-05-18,35.41
2020-05-19,34.58
2020-05-20,35.66
2020-05-21,36.14
2020-05-22,34.64
2020-05-25,35.79
2020-05-26,35.4
2020-05-27,34.45
2020-05-28,34.72
2020-05-29,34.86
2020-06-01,37.71
2020-06-02,39.38
2020-06-03,39.1
2020-06-04,39.54
2020-06-05,42.1
2020-06-08,41.02
2020-06-09,40.88
2020-06-10,41.05
2020-06-11,39.01
2020-06-15,38.95
2020-06-16,39.99
2020-06-17,40.71
2020-06-18,41.45
2020-06-19,42.39
2020-06-22,42.69
2020-06-23,43.6
2020-06-25,40.49
2020-06-26,40.7
2020-06-29,41.35
2020-06-30,41.19
2020-07-02,42.64
2020-07-03,42.71
2020-07-06,43.48
2020-07-07,43.36
2020-07-08,43.12
2020-07-09,42.38
2020-07-10,43.02
2020-07-13,43.26
2020-07-14,43.12
2020-07-15,43.38
2020-07-16,43.57
2020-07-17,43.1
2020-07-20,43.2
2020-07-21,44.62
2020-07-22,43.75
2020-07-23,44.18
2020-07-24,43.11
2020-07-27,42.61
2020-07-28,43.39
2020-07-29,43.81
2020-07-30,42.69
2020-07-31,43.18
2020-08-03,44.24
2020-08-04,44.44
2020-08-05,45.9
2020-08-06,45.25
2020-08-07,44.53
2020-08-10,45.07
2020-08-11,45.25
2020-08-12,45.26
2020-08-13,45.16
2020-08-14,44.83
2020-08-17,45.06
2020-08-18,45.37
2020-08-19,45.41
2020-08-20,44.7
2020-08-21,43.75
2020-08-24,45.03
2020-08-25,45.86
2020-08-26,45.83
2020-08-27,45.22
2020-08-28,45.05
2020-08-31,46.05
2020-09-01,45.89
2020-09-02,44.67
2020-09-03,43.42
2020-09-04,43.13
2020-09-07,42.01
2020-09-08,39.53
2020-09-09,40.85
2020-09-10,40.65
2020-09-11,40.05
2020-09-14,39.63
2020-09-15,40.27
2020-09-16,41.97
2020-09-17,43.31
2020-09-18,43.27
2020-09-21,41.19
2020-09-22,41.75
2020-09-23,42
2020-09-24,41.62
2020-09-25,41.62
2020-09-28,42.27
2020-09-29,40.71
2020-10-01,40.14
2020-10-02,39.8
2020-10-05,41.66
2020-10-06,42.56
2020-10-07,41.72
2020-10-08,42.88
2020-10-09,43.28
2020-10-12,41.62
2020-10-13,42.43
2020-10-14,43.22
2020-10-15,42.66
2020-10-16,43.01
2020-10-19,42.97
2020-10-20,42.6
2020-10-21,41.98
2020-10-22,42.67
2020-10-23,41.98
2020-10-26,40.55
2020-10-27,41.02
2020-10-28,39.25
2020-10-29,37.58
2020-10-30,37.33
2020-11-02,37.97
2020-11-03,40.03
2020-11-05,41.25
2020-11-06,40
2020-11-09,42.81
2020-11-10,42.88
2020-11-11,44.61
2020-11-12,44.39
2020-11-13,42.89
2020-11-16,44.46
2020-11-17,43.54
2020-11-18,44.2
2020-11-19,44.16
2020-11-20,44.58
2020-11-23,45.73
2020-11-24,47.61
2020-11-25,48.29
2020-11-26,47.95
2020-11-27,47.96
2020-11-30,47.6
2020-12-01,47.26
2020-12-02,47.95
2020-12-03,48.4
2020-12-04,49.23
2020-12-07,48.85
2020-12-08,48.77
2020-12-09,48.65
2020-12-10,50.92
2020-12-11,50.2
2020-12-14,49.88
2020-12-15,50.66
2020-12-16,50.69
2020-12-17,51.31
2020-12-18,52.15
2020-12-21,50.32
2020-12-22,50.29
2020-12-23,50.97
2020-12-24,50.85
2020-12-25,51.23
2020-12-28,51.35
2020-12-29,51.47
2020-12-30,51.41
2021-01-04,51.53
2021-01-05,52.86
2021-01-06,54.38
2021-01-08,55.47
2021-01-11,55.57
2021-01-12,56.45
2021-01-13,56.42
2021-01-14,55.5
2021-01-15,54.98
2021-01-18,54.96
2021-01-19,55.95
2021-01-20,56.33
2021-01-21,55.91
2021-01-22,55.53
2021-01-25,55.65
2021-01-26,55.93
2021-01-27,56.28
2021-01-28,55.71
2021-01-29,56.07
2021-02-01,55.69
2021-02-02,57.83
2021-02-03,58.69
2021-02-04,58.41
2021-02-05,59.58
2021-02-08,60.36
2021-02-09,60.52
2021-02-10,61.36
2021-02-11,61.4
2021-02-12,61.6
2021-02-15,63.4
2021-02-16,63.07
2021-02-17,63.69
2021-02-18,64.18
2021-02-19,63.57
2021-02-20,62.71
2021-02-22,64.53
2021-02-24,67.15
2021-02-25,66.95
2021-02-26,66.11
2021-03-01,64.74
2021-03-02,63.64
2021-03-03,63.94
2021-03-04,66.15
2021-03-05,68.77
2021-03-09,68.13
2021-03-10,67.9
2021-03-11,69.19
2021-03-12,69.29
2021-03-15,68.17
2021-03-16,68.08
2021-03-17,67.64
2021-03-18,65.38
2021-03-19,63.81
2021-03-22,64.68
2021-03-23,62.01
2021-03-24,63.57
2021-03-25,61.52
2021-03-26,64.51
2021-03-29,64.56
2021-03-30,64.29
2021-03-31,63.89
2021-04-01,63.18
2021-04-02,64.62
2021-04-05,62.74
2021-04-06,63.36
2021-04-07,62
2021-04-08,63.27
2021-04-09,63.14
2021-04-12,63.42
2021-04-13,63.92
2021-04-14,66.29
2021-04-15,66.63
2021-04-16,66.85
2021-04-19,66.82
2021-04-20,66.38
2021-04-21,65.9
2021-04-22,65.56
2021-04-23,65.71
2021-04-26,65.69
2021-04-27,65.93
2021-04-28,67.65
2021-04-29,68.18
2021-04-30,67.28
2021-05-04,68.86
2021-05-05,69.43
2021-05-06,68.62
2021-05-07,68.32
2021-05-10,68.2
2021-05-11,68.33
2021-05-12,69.6
2021-05-13,67.41
2021-05-14,68.41
2021-05-17,69.42
2021-05-18,69.27
2021-05-19,66.37
2021-05-20,66.27
2021-05-21,66.83
2021-05-24,68.18
2021-05-25,68.64
2021-05-26,68.9
2021-05-27,69.08
2021-05-28,69.8
2021-05-31,69.48
2021-06-01,70.32
2021-06-02,71.03
2021-06-03,70.99
2021-06-04,71.57
2021-06-07,71.49
2021-06-08,71.85
2021-06-09,72.11
2021-06-10,72.63
2021-06-11,72.7
2021-06-14,73.19
2021-06-15,73.68
2021-06-16,74.8
2021-06-17,73.07
2021-06-18,73.65
2021-06-21,74.54
2021-06-22,74.7
2021-06-23,75.61
2021-06-24,75.45
2021-06-25,76.01
2021-06-28,75.07
2021-06-29,75.01
2021-06-30,75.08
2021-07-01,75.81
2021-07-02,76.07
2021-07-05,76.83
2021-07-06,74.78
2021-07-07,73.05
2021-07-08,73.83
2021-07-09,75.64
2021-07-12,75.2
2021-07-13,75.96
2021-07-14,75.82
2021-07-15,74.46
2021-07-16,73.8
2021-07-19,69.28
2021-07-20,69.38
2021-07-21,72.1
2021-07-22,72.8
2021-07-23,73.82
2021-07-26,74.11
2021-07-27,74.3
2021-07-28,74.79
2021-07-29,75.67
2021-07-30,76.34
2021-08-02,72.83
2021-08-03,72.38
2021-08-04,70.44
2021-08-05,71.36
2021-08-06,70.59
2021-08-09,68.99
2021-08-10,70.89
2021-08-11,69.82
2021-08-12,71.36
2021-08-13,70.9
2021-08-16,69.82
2021-08-17,69.6
2021-08-18,68.64
2021-08-19,65.99
2021-08-20,65.88
2021-08-23,68.57
2021-08-24,70.6
2021-08-25,71.53
2021-08-26,71.4
2021-08-27,72.52
2021-08-30,73.01
2021-08-31,73.03
2021-09-01,70.92
2021-09-02,73.42
2021-09-03,73
2021-09-06,72.2
2021-09-07,71.83
2021-09-08,72.51
2021-09-09,72.39
2021-09-10,72.78
2021-09-13,73.52
2021-09-14,73.71
2021-09-15,75.79
2021-09-16,75.14
2021-09-17,74.82
2021-09-20,74.5
2021-09-21,74.2
2021-09-22,75.73
2021-09-23,77.17
2021-09-24,77.78
2021-09-27,79.5
2021-09-28,78.69
2021-09-29,78.9
2021-10-01,78.63
2021-10-04,81.6
2021-10-05,82.73
2021-10-06,81.08
2021-10-07,81.94
2021-10-08,83.09
2021-10-11,83.91
2021-10-12,83.39
2021-10-13,83.29
2021-10-14,83.44
2021-10-15,84.84
2021-10-18,84.7
2021-10-19,84.96
2021-10-20,85.18
2021-10-21,83.63
2021-10-22,84.83
2021-10-25,86.36
2021-10-26,86.36
2021-10-27,84.86
2021-10-28,83.79
2021-10-29,84.34
2021-11-01,84.65
2021-11-02,84.42
2021-11-03,82.27
2021-11-05,82.72
2021-11-08,83.31
2021-11-09,83.84
2021-11-10,84.51
2021-11-11,82.92
2021-11-12,82.29
2021-11-15,81.39
2021-11-16,81.62
2021-11-17,81.75
2021-11-18,80.23
2021-11-19,79.23
2021-11-22,79.84
2021-11-23,81.42
2021-11-24,82.38
2021-11-25,82.11
2021-11-26,74.69
2021-11-29,74.65
2021-11-30,71.17
2021-12-01,71.35
2021-12-02,69
2021-12-03,71.77
2021-12-06,71.49
2021-12-07,75.67
2021-12-08,75.57
2021-12-09,75.26
2021-12-10,75.17
2021-12-13,75.11
2021-12-14,73.47
2021-12-15,73.22
2021-12-16,74.64
2021-12-17,73.32
2021-12-20,69.88
2021-12-21,73.14
2021-12-22,74.41
2021-12-23,75.63
2021-12-24,75.85
2021-12-27,78.15
2021-12-28,79.21
2021-12-29,79.91
2021-12-30,79.41
2022-01-03,78.53
2022-01-04,80.15
2022-01-05,81.03
2022-01-06,82.11
2022-01-07,82.08
2022-01-10,81.37
2022-01-11,82.2
2022-01-12,84.68
2022-01-13,84.34
2022-01-14,85.35
2022-01-17,86.19
2022-01-18,87.55
2022-01-19,88.7
2022-01-20,88.82
2022-01-21,87.79
2022-01-24,86.44
2022-01-25,87.37
2022-01-26,89.9
2022-01-27,89.61
2022-01-28,90.74
2022-01-31,90.93
2022-02-01,89.4
2022-02-02,89.05
2022-02-03,89.33
2022-02-04,93.14
2022-02-07,92.81
2022-02-08,90.63
2022-02-09,91.8
2022-02-10,92.85
2022-02-11,92.94
2022-02-14,94.3
2022-02-15,92.47
2022-02-16,95.51
2022-02-17,92.62
2022-02-18,92.73
2022-02-21,95.06
2022-02-22,96.11
2022-02-23,98.31
2022-02-24,103.55
2022-02-25,96.79
2022-02-28,98
2022-03-02,108
2022-03-03,104.86
2022-03-04,110.88
2022-03-09,120.81
2022-03-10,110.45
2022-03-11,106.79
2022-03-14,104.22
2022-03-15,97.37
2022-03-16,97.2
2022-03-17,101.62
2022-03-18,103.3
2022-03-21,108.16
2022-03-22,113.97
2022-03-23,122
2022-03-24,120.35
2022-03-25,120.5
2022-03-28,114.24
2022-03-29,107.5
2022-03-30,113.28
2022-03-31,107.65
2022-04-01,103.94
2022-04-04,107.29
2022-04-05,106.14
2022-04-06,102.95
2022-04-07,98.8
2022-04-08,98.08
2022-04-11,97.12
2022-04-12,103
2022-04-13,104.29
2022-04-14,104.57
2022-04-15,109.19
2022-04-18,109.08
2022-04-19,105.9
2022-04-20,104.92
2022-04-21,106.95
2022-04-22,105.64
2022-04-25,99.53
2022-04-26,103.7
2022-04-27,103.46
2022-04-28,105.77
2022-04-29,108.99
2022-05-04,107.35
2022-05-05,111.8
2022-05-06,112
2022-05-11,106.67
2022-05-12,108.18
2022-05-13,110.11
2022-05-16,112
2022-05-17,113.8
2022-05-18,109.6
2022-05-19,110.05
2022-05-20,111.25
2022-05-23,112.58
2022-05-24,111.92
2022-05-25,112.02
2022-05-26,115.44
2022-05-27,116.8
2022-05-30,120.2
2022-05-31,123.43
2022-06-01,117.32
2022-06-02,117.85
2022-06-03,119.71
2022-06-06,119.67
2022-06-07,121.3
2022-06-08,123.08
2022-06-09,123.55
2022-06-10,121.05
2022-06-14,125.2
2022-06-15,121.83
2022-06-16,119.16
2022-06-17,116.5
2022-06-20,115.5
2022-06-21,115.52
2022-06-22,112.76
2022-06-23,112.02
2022-06-24,113.82
2022-06-27,115.28
2022-06-28,117.03
2022-06-29,118
2022-06-30,114.93
2022-07-01,111.93
2022-07-04,114.4
2022-07-05,105.77
2022-07-06,101.4
2022-07-07,106.44
2022-07-08,107.62
2022-07-11,107.17
2022-07-12,101.07
2022-07-13,100.55
2022-07-14,98.95
2022-07-15,102.83
2022-07-18,105.97
2022-07-19,106
2022-07-20,106.8
2022-07-21,104.42
2022-07-22,105
2022-07-25,104.68
2022-07-26,104.72
2022-07-27,106.77
2022-07-28,107.65
2022-07-29,109.92
2022-08-01,100.61
2022-08-02,101.48
2022-08-03,99.05
2022-08-04,95.43
2022-08-05,96.77
2022-08-08,96.76
2022-08-09,97.37
2022-08-10,96.21
2022-08-11,98.71
2022-08-12,98.5
2022-08-15,96.06
2022-08-16,94.54
2022-08-17,93.37
2022-08-18,96.52
2022-08-19,98.23
2022-08-22,96.34
2022-08-23,99.65
2022-08-24,99.92
2022-08-25,101.66
2022-08-26,99.85
2022-08-29,104.2
2022-08-30,100.46
2022-08-31,96.77
2022-09-01,96.31
2022-09-02,97.56
2022-09-05,97.34
2022-09-06,95.35
2022-09-07,92.4
2022-09-08,92.11
2022-09-09,93.46
2022-09-12,95.24
2022-09-13,93.61
2022-09-14,95.15
2022-09-15,92.28
2022-09-16,93
2022-09-19,91.8
2022-09-20,90.95
2022-09-21,91.2
2022-09-26,86.28
2022-09-28,88.83
2022-09-30,88.7
2022-10-10,97.44
2022-10-11,95.34
2022-10-12,93.25
2022-10-13,95.17
2022-10-14,93.56
2022-10-17,93.26
2022-10-18,90.95
2022-10-19,91.75
2022-10-20,93.69
2022-10-21,93.76
2022-10-24,93.49
2022-10-25,94.04
2022-10-26,96.12
2022-10-27,96.89
2022-10-28,95.7
2022-10-31,95
2022-11-01,95.46
2022-11-02,96.72
2022-11-03,95.93
2022-11-07,99.26
2022-11-08,98.6
2022-11-09,94.69
2022-11-10,94.64
2022-11-11,96.8
2022-11-14,96.39
2022-11-15,93.19
2022-11-16,93.49
2022-11-17,92.24
2022-11-18,89.28
2022-11-21,85.2
2022-11-22,89.64
2022-11-23,86.54
2022-11-24,86.22
2022-11-25,86.98
2022-11-28,83.32
2022-11-29,85.08
2022-11-30,85.41
2022-12-01,89.86
2022-12-02,89.23
2022-12-05,89.01
2022-12-06,85.55
2022-12-07,83.07
2022-12-08,81.6
2022-12-09,80.1
2022-12-12,80.96
2022-12-13,81.97
2022-12-14,82.81
2022-12-15,83.29
2022-12-16,80.6
2022-12-19,80.89
2022-12-20,81.28
2022-12-21,83.19
2022-12-22,83.01
2022-12-23,84.51
2022-12-26,84.62
2022-12-27,85.54
2022-12-28,82.96
2022-12-29,82.25
2022-12-30,87.5
2023-01-03,87.87
2023-01-04,83.75
2023-01-05,82.92
2023-01-06,83.93
2023-01-09,84.29
2023-01-10,82.66
2023-01-11,83.95
2023-01-12,86.22
2023-01-13,87.28
2023-01-16,87.19
2023-01-17,87.96
2023-01-18,89.3
2023-01-19,87.27
2023-01-20,87.51
2023-01-23,89.2
2023-01-24,88.17
2023-01-25,87.52
2023-01-26,87.81
2023-01-27,87.87
2023-01-30,86.14
2023-01-31,85.11
2023-02-01,87.55
2023-02-02,85.54
2023-02-03,85.67
2023-02-06,82.35
2023-02-07,83.9
2023-02-08,85.15
2023-02-09,85.83
2023-02-10,87.3
2023-02-13,87.2
2023-02-14,86.54
2023-02-15,85.53
2023-02-16,86.43
2023-02-17,83.66
2023-02-20,84.09
2023-02-21,83.43
2023-02-22,82.23
2023-02-24,82.23
2023-02-27,82.7
2023-02-28,83.78
2023-03-01,85.35
2023-03-02,85.86
2023-03-03,85.61
2023-03-06,86.78
2023-03-07,86.56
2023-03-08,86.56
2023-03-09,85.34
2023-03-10,83.4
2023-03-13,82.87
2023-03-14,81.32
2023-03-15,74.91
2023-03-16,75.01
2023-03-17,73.63
2023-03-20,73.32
2023-03-21,74.76
2023-03-22,75.79
2023-03-23,76.96
2023-03-24,74.87
2023-03-27,76.74
2023-03-28,78.57
2023-03-29,78.15
2023-03-30,78.78
2023-03-31,79.57
2023-04-03,86.03
2023-04-04,86.06
2023-04-05,86.48
2023-04-06,86.66
2023-04-07,86.44
2023-04-10,85.97
2023-04-11,85.69
2023-04-12,87.32
2023-04-13,87.22
2023-04-14,86.79
2023-04-17,85.26
2023-04-18,85.71
2023-04-19,84.6
2023-04-20,82.2
2023-04-21,82.48
2023-04-24,83.07
2023-04-25,81.31
2023-04-26,80.62
2023-04-27,78.41
2023-04-28,79.46
2023-05-02,78.97
2023-05-03,75.57
2023-05-04,75.08
2023-05-05,76.69
2023-05-08,77.52
2023-05-10,77.39
2023-05-11,76.2
2023-05-12,75.22
2023-05-15,76.22
2023-05-16,75.6
2023-05-17,76.89
2023-05-18,76.8
2023-05-19,76.15
2023-05-22,76.4
2023-05-23,77.67
2023-05-24,78.44
2023-05-25,76.02
2023-05-26,76.95
2023-05-29,76.85
2023-05-30,74.11
2023-05-31,72.9
2023-06-01,75.92
2023-06-02,76.97
2023-06-05,78.14
2023-06-06,77.35
2023-06-07,78.3
2023-06-08,75.82
2023-06-09,76.73
2023-06-13,74.67
2023-06-14,74.54
2023-06-15,75.52
2023-06-16,76.25
2023-06-19,76.46
2023-06-20,75.6
2023-06-21,77.05
2023-06-22,74.55
2023-06-23,73.96
2023-06-26,74.38
2023-06-27,73.39
2023-06-28,73.74
2023-06-29,74.06
2023-06-30,74.95
2023-07-03,76.38
2023-07-04,76.38
2023-07-05,76.8
2023-07-06,76.08
2023-07-07,77.88
2023-07-10,78.65
2023-07-11,79.44
2023-07-12,80.2
2023-07-13,80.6
2023-07-14,80.45
2023-07-17,79.17
2023-07-18,79.84
2023-07-19,80.62
2023-07-20,79.08
2023-07-21,80.71
2023-07-24,82.65
2023-07-25,83.43
2023-07-26,83.32
2023-07-27,83.78
2023-07-28,84.02
2023-07-31,85.57
2023-08-01,85.06
2023-08-02,83.72
2023-08-03,85.1
2023-08-04,86.33
2023-08-07,85.72
2023-08-08,85.37
2023-08-09,86.87
2023-08-10,87.16
2023-08-11,87.05
2023-08-14,86.39
2023-08-15,84.73
2023-08-16,84.92
2023-08-17,84.59
2023-08-18,84.33
2023-08-21,85.25
2023-08-22,84.29
2023-08-23,83.35
2023-08-24,83.18
2023-08-25,84.01
2023-08-28,84.4
2023-08-29,84.76
2023-08-30,85.65
2023-08-31,86.53
2023-09-01,88.38
2023-09-04,89.02
2023-09-05,90.95
2023-09-06,90.25
2023-09-07,90.62
2023-09-08,90.7
2023-09-11,90.66
2023-09-12,92.19
2023-09-13,92.2
2023-09-14,93.32
2023-09-15,93.64
2023-09-18,94.55
2023-09-19,95.11
2023-09-20,93.83
2023-09-21,93.55
2023-09-22,93.45
2023-09-25,92.98
2023-09-26,93.69
2023-09-27,96.27
2023-09-28,96.21
2023-09-29,95.41
2023-10-02,91.51
2023-10-03,91.6
2023-10-04,88.06
2023-10-05,84.84
2023-10-06,85.01
2023-10-09,88.23
2023-10-10,87.73
2023-10-11,86.29
2023-10-12,86.4
2023-10-13,89.64
2023-10-16,90.19
2023-10-17,89.6
2023-10-18,91.25
2023-10-19,91.59
2023-10-20,93.48
2023-10-23,91.21
2023-10-24,88.47
2023-10-25,88.8
2023-10-26,88.88
2023-10-27,88.9
2023-10-30,88.19
2023-10-31,87.91
2023-11-01,87.17
2023-11-02,86.77
2023-11-03,87.05
2023-11-06,86.76
2023-11-07,84.24
2023-11-08,81.99
2023-11-09,82.69
2023-11-10,82.39
2023-11-13,82.77
2023-11-14,84.2
2023-11-15,82.66
2023-11-16,79.55
2023-11-17,80.58
2023-11-20,83.24
2023-11-21,82.74
2023-11-22,79.96
2023-11-23,81.17
2023-11-24,82.28
2023-11-27,80.98
2023-11-28,81.63
2023-11-29,81.75
2023-11-30,83.75
2023-12-01,82.06
2023-12-04,79.75
2023-12-05,79.3
2023-12-06,76.33
2023-12-07,75.41
2023-12-08,76.76
2023-12-11,76.35
2023-12-12,74.53
2023-12-13,74.68
2023-12-14,77.2
2023-12-15,76.49
2023-12-18,78.88
2023-12-19,79.26
2023-12-20,79.92
2023-12-21,79.22
2023-12-22,79.69
2023-12-25,79.4
2023-12-26,81.13
2023-12-27,80.53
2023-12-28,78.61
2023-12-29,78.21
2024-01-03,78.7
2024-01-04,78.64
2024-01-05,79.26
2024-01-08,76.8
2024-01-09,77.39
2024-01-10,78.26
2024-01-11,79.03
2024-01-12,79.49
2024-01-15,77.86
2024-01-16,78.27
2024-01-17,77.58
2024-01-18,78.6
2024-01-19,79.63
2024-01-22,79.65
2024-01-23,80
2024-01-24,80.17
2024-01-25,81.23
2024-01-26,82.61
2024-01-29,82.67
2024-01-30,82.7
2024-01-31,81.92
2024-02-01,81.88
2024-02-02,78.6
2024-02-05,77.94
2024-02-06,79.21
2024-02-07,79.63
2024-02-08,81.31
2024-02-09,82
2024-02-12,82.13
2024-02-13,82.61
2024-02-14,82.64
2024-02-15,82.7
2024-02-16,82.96
2024-02-19,83.58
2024-02-20,82.44
2024-02-21,82.72
2024-02-22,83.15
2024-02-26,82.13
2024-02-27,83.1
2024-02-28,83.87
2024-02-29,83.53
2024-03-01,84.19
2024-03-04,83.8
2024-03-05,83.15
2024-03-06,84.05
2024-03-07,82.92
2024-03-11,82.66
2024-03-12,82.75
2024-03-13,83.55
2024-03-14,85.36
2024-03-15,85.18
2024-03-18,86.49
2024-03-19,87.57
2024-03-20,86.06
2024-03-21,85.44
2024-03-22,85.81
2024-03-25,86.81
2024-03-26,86.65
2024-03-27,86.04
2024-03-28,87.28
2024-03-29,87.4
2024-04-01,87.95
2024-04-02,89.01
2024-04-03,89.9
2024-04-04,89.45
2024-04-05,91.5
2024-04-08,90.16
2024-04-09,90.01
2024-04-10,89.75
2024-04-11,90.04
2024-04-12,91.2
2024-04-15,89.64
2024-04-16,90.34
2024-04-17,88.84
2024-04-18,87.23
2024-04-19,87.37
2024-04-22,87.07
2024-04-23,87.84
2024-04-24,88.05
2024-04-25,87.83
2024-04-26,89.44
2024-04-29,88.55
2024-04-30,87.85
2024-05-02,83.66
2024-05-03,83.69
2024-05-06,83.84
2024-05-07,83.4
2024-05-08,83.97
2024-05-10,83.87
2024-05-13,83.4
2024-05-14,82.84
2024-05-15,82.78
2024-05-16,83.66
2024-05-17,83.78
2024-05-20,83.9
2024-05-21,82.83
2024-05-22,82.33
2024-05-23,81.68
2024-05-24,82.18
2024-05-27,83.2
2024-05-28,84.06
2024-05-29,83.65
2024-05-30,82.45
2024-05-31,81.43
2024-06-03,78.66
2024-06-04,77.49
2024-06-05,78.15
2024-06-06,79.95
2024-06-07,79.93
2024-06-10,81.27
2024-06-11,82.12
2024-06-13,82.25
2024-06-14,82.75
2024-06-17,83.25
2024-06-18,85.05
2024-06-19,85.42
2024-06-20,85.53
2024-06-21,85.7
2024-06-24,85.95
2024-06-25,85.47
2024-06-26,84.8
2024-06-27,85.95
2024-06-28,86.47
2024-07-01,86.46
2024-07-02,86.91
2024-07-03,86.58
2024-07-04,87.7
2024-07-05,87.86
2024-07-08,86.22
2024-07-09,85.52
2024-07-10,85.73
2024-07-11,85.83
2024-07-12,85.66
2024-07-15,85.22
2024-07-16,84.23
2024-07-17,85.07
2024-07-18,85.41
2024-07-19,84.2
2024-07-22,82.5
2024-07-23,80.93
2024-07-24,81.87
2024-07-25,82
2024-07-26,80.8
2024-07-29,79.95
2024-07-30,78.65
2024-07-31,80.73
2024-08-01,80.79
2024-08-02,78.35
2024-08-05,77.36
2024-08-06,77.59
2024-08-07,79.02
2024-08-08,79.13
2024-08-09,79.86
2024-08-12,81.29
2024-08-13,81.17
2024-08-14,80.63
2024-08-15,81.35
2024-08-16,80.16
2024-08-19,79.32
2024-08-20,77.66
2024-08-21,77.5
2024-08-22,77.5
2024-08-23,79.05
2024-08-26,81.12
2024-08-27,80.2
2024-08-28,79.09
2024-08-29,79.8
2024-08-30,78.85
2024-09-02,77.34
2024-09-03,74.61
2024-09-04,73.81
2024-09-05,73.69
2024-09-06,71.77
2024-09-09,71.91
2024-09-10,69.49
2024-09-11,70.61
2024-09-12,72.66
2024-09-13,72.72
2024-09-16,72.9
2024-09-17,73.83
2024-09-18,73.14
2024-09-19,75.13
2024-09-20,74.61
2024-09-23,73.87
2024-09-24,74.95
2024-09-25,74.29
2024-09-26,71.88
2024-09-27,72.05
2024-09-30,71.83
2024-10-01,74.66
2024-10-02,74.25
2024-10-03,76.83
2024-10-04,78.47
2024-10-07,80.48
2024-10-08,77.59
2024-10-09,76.77
2024-10-10,78.89
2024-10-11,78.98
2024-10-14,77.33
2024-10-15,74.14
2024-10-16,74.19
2024-10-17,74.3
2024-10-18,73.15
2024-10-21,74.02
2024-10-22,76
2024-10-23,75.28
2024-10-24,74.61
2024-10-25,75.95
2024-10-28,71.89
2024-10-29,70.94
2024-10-30,72.7
2024-10-31,73.31
2024-11-01,74.03
2024-11-05,75.95
2024-11-06,75.74
2024-11-07,74.74
2024-11-08,74.04
2024-11-11,72.1
2024-11-12,72.35
2024-11-13,71.89
2024-11-14,72.9
2024-11-15,72.17
2024-11-18,73.07
2024-11-19,73.34
2024-11-20,73.49
2024-11-21,74.13
2024-11-22,75.12
2024-11-25,73.43
2024-11-26,73.85
2024-11-27,73.04
2024-11-28,73.05
2024-11-29,73.33
2024-12-02,72.46
2024-12-03,73.52
2024-12-04,73.59
2024-12-05,72.61
2024-12-06,71.29
2024-12-09,72.72
2024-12-10,72.68
2024-12-11,72.81
2024-12-12,72.85
2024-12-13,74.11
2024-12-16,74.31
2024-12-17,72.68
2024-12-18,73.95
2024-12-19,73.18
2024-12-20,72.55
2024-12-23,72.2
2024-12-24,73.75
2024-12-25,73.55
2024-12-26,73.58
2024-12-27,74.05
2024-12-30,74.46
2025-01-03,76.33
2025-01-06,76.8
2025-01-08,76.85
2025-01-09,77.09
2025-01-10,79.16
2025-01-13,80.89
2025-01-14,80.33
2025-01-15,80.9
2025-01-16,81.15
2025-01-17,80.55
2025-01-20,79.54
2025-01-21,79.09
2025-01-22,79.31
2025-01-23,79.23
2025-01-24,78.2
2025-01-27,77.61
2025-01-28,77.15
2025-01-29,77.31
2025-01-30,77.32
2025-01-31,76.83
2025-02-03,75.44
2025-02-04,76.37
2025-02-05,75.1
2025-02-06,74.75
2025-02-07,74.88
2025-02-10,75.6
2025-02-11,76.65
2025-02-12,75.89
2025-02-13,74.76
2025-02-14,74.89
2025-02-17,74.92
2025-02-18,75.45
2025-02-19,76.14
2025-02-20,76.38
2025-02-21,75.06
2025-02-24,74.7
2025-02-25,73.28
2025-02-26,72.62
2025-02-27,73.95
2025-02-28,73.17
2025-03-03,72.5
2025-03-04,70.38
2025-03-05,69.14
2025-03-06,69.35
2025-03-07,70.69
2025-03-10,69.99
2025-03-11,70.15
2025-03-12,70.9
2025-03-13,70.32
2025-03-14,70.45
2025-03-17,71.11
2025-03-18,70.94
2025-03-19,70.89
2025-03-20,72.03
2025-03-21,71.8
2025-03-24,72.92
2025-03-25,72.98
2025-03-26,74.08
2025-03-27,73.74
2025-03-28,73.5
2025-03-31,74.72
2025-04-01,74.69
2025-04-02,74.62
2025-04-03,70.12
2025-04-04,65.67
2025-04-07,64.65
2025-04-08,64.48
2025-04-09,60.74
2025-04-10,63.49
2025-04-11,63.89
2025-04-14,64.55
2025-04-15,64.38
2025-04-16,65.77
2025-04-17,67.64
2025-04-18,67.97
2025-04-21,66.1
2025-04-22,67.63
2025-04-23,66.03
2025-04-24,66.21
2025-04-25,66.6
2025-04-28,65.66
2025-04-29,64.42
2025-04-30,63.28
2025-05-02,61.58
2025-05-05,60.02
2025-05-06,62.65
2025-05-07,61.54
2025-05-08,62.93
2025-05-12,65.14
2025-05-13,66.25
2025-05-14,66.05
2025-05-15,64.4
2025-05-16,65.32
2025-05-19,65.56
2025-05-20,64.95
2025-05-21,64.99
2025-05-22,63.93
2025-05-23,64.87
2025-05-26,64.85
2025-05-27,63.7
2025-05-28,65.39
2025-05-29,64.14
2025-05-30,63.9
2025-06-02,64.72
2025-06-03,65.61
2025-06-04,64.74
2025-06-05,65.33
2025-06-06,66.35
2025-06-09,66.74
2025-06-10,67.53
2025-06-11,68.17
2025-06-13,73.5
2025-06-16,72.28
2025-06-17,74.65
2025-06-18,75.25
2025-06-19,77.99
2025-06-20,76.52
2025-06-23,77.01
2025-06-24,67.69
2025-06-25,68.35
2025-06-26,68.77
2025-06-27,67.64
2025-06-30,67.58
2025-07-01,67.15
2025-07-02,67.87
2025-07-03,68.45
2025-07-04,68.1
2025-07-07,68.9
2025-07-08,69.76
2025-07-09,70.25
2025-07-10,68.67
2025-07-11,70.34
2025-07-14,69.58
2025-07-15,68.7
2025-07-16,68.05
2025-07-17,68.97
2025-07-18,69.33
2025-07-21,68.74
2025-07-22,68.53
2025-07-23,68.21
2025-07-24,69.32
2025-07-25,68.78
2025-07-28,69.72
2025-07-29,70.97
2025-07-30,72.96
2025-07-31,72.43
2025-08-01,69.54
2025-08-04,69.13
2025-08-05,68.03
2025-08-06,68.27
2025-08-07,66.68
2025-08-08,66.84
2025-08-11,66.68
2025-08-12,66.31
2025-08-13,65.38
2025-08-14,66.75
2025-08-15,66.33
2025-08-18,66.11
2025-08-19,66.08
2025-08-20,66.87
2025-08-21,67.44
2025-08-22,67.6
2025-08-25,68.82
2025-08-26,67.41
2025-08-27,67.55
2025-08-28,67.66
2025-08-29,68.1
2025-09-01,68.01
2025-09-02,68.73
2025-09-03,67.64
2025-09-04,67
2025-09-05,65.29
2025-09-08,66.18
2025-09-09,66.82
2025-09-10,67.48
2025-09-11,66.23
2025-09-12,67.43
2025-09-15,67.44
2025-09-16,68.3
2025-09-17,68.35
2025-09-18,67.64
2025-09-19,66.72
2025-09-22,66.51
2025-09-23,67.81
2025-09-24,68.98
2025-09-25,69.19
2025-09-26,70.61
2025-09-29,67.82
2025-09-30,67.05
2025-10-01,65.48
2025-10-02,64.51
2025-10-03,64.79
2025-10-06,65.5
2025-10-07,65.35
2025-10-08,66.5
2025-10-09,65.81
2025-10-10,63.23
2025-10-13,63.3
2025-10-14,62.03
2025-10-15,62.15
2025-10-16,61.87
2025-10-17,61.22
2025-10-20,60.6
2025-10-21,61.3
2025-10-22,62.95
2025-10-23,66.02
2025-10-24,66.63
2025-10-27,66.04
2025-10-28,64.24
2025-10-29,65.19
2025-10-30,64.95
2025-10-31,65.09
2025-11-03,64.57
2025-11-05,64.37
2025-11-06,63
2025-11-07,63.59
2025-11-10,63.58
2025-11-11,64.88
2025-11-12,63.17
2025-11-13,63.06
2025-11-14,64.49
2025-11-17,64.2
2025-11-18,63.94
2025-11-19,63.52
2025-11-20,64.32
2025-11-21,62.41
2025-11-24,62.63
2025-11-25,61.79
2025-11-26,62.38
2025-11-27,63.19
2025-11-28,63.27
2025-12-01,63.33
2025-12-02,62.99
2025-12-03,63.05
2025-12-04,63.11
2025-12-05,63.95
2025-12-08,63.06
2025-12-09,62.04
2025-12-10,61.63
2025-12-11,61.25
2025-12-12,61.18
2025-12-15,60.78
2025-12-16,59.04
2025-12-17,59.87
2025-12-18,60.16
2025-12-19,60.07
2025-12-22,61.76
2025-12-23,61.93
2025-12-24,62.15
2025-12-25,62.29
2025-12-26,61.57
2025-12-29,62.1
2025-12-30,62.02
2026-01-05,61.67
2026-01-06,61.61
2026-01-08,60.86
2026-01-09,63.45
2026-01-12,63.28
