时间,期货持仓量:沪深300指数期货
2006-10-30,3176
2006-10-31,7552
2006-11-01,11584
2006-11-02,16194
2006-11-03,23115
2006-11-06,33799
2006-11-07,32324
2006-11-08,35533
2006-11-09,33209
2006-11-10,40975
2006-11-13,51116
2006-11-14,49793
2006-11-15,48067
2006-11-16,50370
2006-11-17,33068
2006-11-20,42205
2006-11-21,50537
2006-11-22,57851
2006-11-23,66598
2006-11-24,69942
2006-11-27,70085
2006-11-28,75797
2006-11-29,80174
2006-11-30,78385
2006-12-01,86344
2006-12-04,83554
2006-12-05,100872
2006-12-06,96289
2006-12-07,97169
2006-12-08,88213
2006-12-11,90824
2006-12-12,98695
2006-12-13,102806
2006-12-14,103379
2006-12-15,66972
2006-12-18,76134
2006-12-19,79257
2006-12-20,86701
2006-12-21,89447
2006-12-22,91603
2006-12-25,92960
2006-12-26,94561
2006-12-27,94179
2006-12-28,96432
2006-12-29,95031
2007-01-04,85151
2007-01-05,86708
2007-01-08,85829
2007-01-09,82359
2007-01-10,89150
2007-01-11,92273
2007-01-12,91595
2007-01-15,95329
2007-01-16,89377
2007-01-17,99721
2007-01-18,98152
2007-01-19,78578
2007-01-22,91060
2007-01-23,87469
2007-01-24,87583
2007-01-25,87497
2007-01-26,82874
2007-01-29,81852
2007-01-30,82414
2007-01-31,78871
2007-02-01,75560
2007-02-02,73398
2007-02-05,74309
2007-02-06,74053
2007-02-07,75988
2007-02-08,77796
2007-02-09,78694
2007-02-12,79321
2007-02-13,79184
2007-02-14,80267
2007-02-15,79012
2007-02-16,59846
2007-02-26,61969
2007-02-27,58767
2007-02-28,59824
2007-03-01,59823
2007-03-02,59524
2007-03-05,59641
2007-03-06,61434
2007-03-07,59971
2007-03-08,60747
2007-03-09,61436
2007-03-12,61833
2007-03-13,59669
2007-03-14,60911
2007-03-15,60643
2007-03-16,35798
2007-03-19,38707
2007-03-20,40830
2007-03-21,41473
2007-03-22,41410
2007-03-23,45850
2007-03-26,48957
2007-03-27,49303
2007-03-28,50824
2007-03-29,49971
2007-03-30,50466
2007-04-02,52491
2007-04-03,53201
2007-04-04,53223
2007-04-05,54178
2007-04-06,55285
2007-04-09,54871
2007-04-10,56654
2007-04-11,57248
2007-04-12,56694
2007-04-13,55309
2007-04-16,56544
2007-04-17,54233
2007-04-18,55595
2007-04-19,54557
2007-04-20,45752
2007-04-23,47691
2007-04-24,48433
2007-04-25,52107
2007-04-26,52576
2007-04-27,53790
2007-04-30,53261
2007-05-08,54240
2007-05-09,54770
2007-05-10,57756
2007-05-11,55833
2007-05-14,53437
2007-05-15,52060
2007-05-16,52472
2007-05-17,51168
2007-05-18,44559
2007-05-21,47638
2007-05-22,48590
2007-05-23,49378
2007-05-24,48995
2007-05-25,51878
2007-05-28,52269
2007-05-29,53252
2007-05-30,54841
2007-05-31,54315
2007-06-01,55222
2007-06-04,56792
2007-06-05,57609
2007-06-06,58412
2007-06-07,59087
2007-06-08,57987
2007-06-11,58571
2007-06-12,58859
2007-06-13,58345
2007-06-14,58555
2007-06-15,31527
2007-06-18,32376
2007-06-19,33298
2007-06-20,35436
2007-06-21,37924
2007-06-22,40063
2007-06-25,48302
2007-06-26,59053
2007-06-27,63640
2007-06-28,66457
2007-06-29,66159
2007-07-02,70838
2007-07-03,74689
2007-07-04,73200
2007-07-05,67066
2007-07-06,59476
2007-07-09,61492
2007-07-10,63216
2007-07-11,66289
2007-07-12,71249
2007-07-13,70912
2007-07-16,68580
2007-07-17,66688
2007-07-18,67180
2007-07-19,68129
2007-07-20,44118
2007-07-23,44485
2007-07-24,44511
2007-07-25,47280
2007-07-26,46572
2007-07-27,47272
2007-07-30,45235
2007-07-31,45443
2007-08-01,48747
2007-08-02,49346
2007-08-03,50597
2007-08-06,51824
2007-08-07,51298
2007-08-08,54341
2007-08-09,55250
2007-08-10,56448
2007-08-13,57398
2007-08-14,58333
2007-08-15,59504
2007-08-16,59974
2007-08-17,42368
2007-08-20,45758
2007-08-21,47819
2007-08-22,50665
2007-08-23,52660
2007-08-24,54084
2007-08-27,58922
2007-08-28,57941
2007-08-29,61798
2007-08-30,61421
2007-08-31,62082
2007-09-03,59956
2007-09-04,59616
2007-09-05,60668
2007-09-06,63862
2007-09-07,67175
2007-09-10,69220
2007-09-11,65844
2007-09-12,66824
2007-09-13,69704
2007-09-14,69796
2007-09-17,72672
2007-09-18,75294
2007-09-19,77757
2007-09-20,80197
2007-09-21,51539
2007-09-24,65241
2007-09-25,64265
2007-09-26,72639
2007-09-27,75861
2007-09-28,76071
2007-10-08,74859
2007-10-09,78715
2007-10-10,80461
2007-10-11,82932
2007-10-12,83041
2007-10-15,81409
2007-10-16,81305
2007-10-17,85524
2007-10-18,89287
2007-10-19,65025
2007-10-22,70656
2007-10-23,84001
2007-10-24,90703
2007-10-25,89052
2007-10-26,90982
2007-10-29,99400
2007-10-30,112057
2007-10-31,112343
2007-11-01,115488
2007-11-02,117971
2007-11-05,123796
2007-11-06,120917
2007-11-07,126430
2007-11-08,120033
2007-11-09,129480
2007-11-12,148455
2007-11-13,161226
2007-11-14,168787
2007-11-15,183700
2007-11-16,131049
2007-11-19,142999
2007-11-20,146928
2007-11-21,152782
2007-11-22,158056
2007-11-23,161379
2007-11-26,164864
2007-11-27,176234
2007-11-28,183520
2007-11-29,185783
2007-11-30,183663
2007-12-03,186161
2007-12-04,183797
2007-12-05,194287
2007-12-06,189282
2007-12-07,193557
2007-12-10,194583
2007-12-11,202540
2007-12-12,197018
2007-12-13,201542
2007-12-14,211838
2007-12-17,208109
2007-12-18,191797
2007-12-19,192687
2007-12-20,186058
2007-12-21,116156
2007-12-24,129232
2007-12-25,128366
2007-12-26,134470
2007-12-27,132896
2007-12-28,127389
2008-01-02,126445
2008-01-03,127214
2008-01-04,127440
2008-01-07,132712
2008-01-08,132727
2008-01-09,131636
2008-01-10,133184
2008-01-11,133253
2008-01-14,133314
2008-01-15,134655
2008-01-16,137477
2008-01-17,136246
2008-01-18,99000
2008-01-21,104829
2008-01-22,110326
2008-01-23,111073
2008-01-24,113838
2008-01-25,111361
2008-01-28,121856
2008-01-29,120451
2008-01-30,117993
2008-01-31,118355
2008-02-01,116927
2008-02-04,116627
2008-02-05,113536
2008-02-13,115045
2008-02-14,117593
2008-02-15,97205
2008-02-18,101106
2008-02-19,104315
2008-02-20,105660
2008-02-21,110357
2008-02-22,112199
2008-02-25,114992
2008-02-26,116784
2008-02-27,115877
2008-02-28,116293
2008-02-29,117643
2008-03-03,119595
2008-03-04,116266
2008-03-05,119803
2008-03-06,122533
2008-03-07,124287
2008-03-10,124210
2008-03-11,122620
2008-03-12,125071
2008-03-13,122303
2008-03-14,124938
2008-03-17,124771
2008-03-18,124242
2008-03-19,129546
2008-03-20,130712
2008-03-21,69618
2008-03-24,76720
2008-03-25,81017
2008-03-26,84277
2008-03-27,89818
2008-03-28,88830
2008-03-31,90641
2008-04-01,93437
2008-04-02,94499
2008-04-03,99282
2008-04-07,105066
2008-04-08,108431
2008-04-09,108535
2008-04-10,110042
2008-04-11,113609
2008-04-14,109862
2008-04-15,112908
2008-04-16,110975
2008-04-17,112496
2008-04-18,83951
2008-04-21,94160
2008-04-22,93672
2008-04-23,98738
2008-04-24,103487
2008-04-25,102272
2008-04-28,107155
2008-04-29,105911
2008-04-30,109301
2008-05-05,113496
2008-05-06,114161
2008-05-07,114889
2008-05-08,116892
2008-05-09,117770
2008-05-12,120513
2008-05-13,118625
2008-05-14,119917
2008-05-15,120694
2008-05-16,82172
2008-05-19,89634
2008-05-20,94100
2008-05-21,93920
2008-05-22,97459
2008-05-23,96569
2008-05-26,96287
2008-05-27,102295
2008-05-28,102200
2008-05-29,106730
2008-05-30,109079
2008-06-02,115232
2008-06-03,116264
2008-06-04,119559
2008-06-05,126761
2008-06-06,129110
2008-06-10,126983
2008-06-11,121570
2008-06-12,123897
2008-06-13,123568
2008-06-16,122814
2008-06-17,129025
2008-06-18,128772
2008-06-19,127632
2008-06-20,77162
2008-06-23,90444
2008-06-24,93316
2008-06-25,97617
2008-06-26,97582
2008-06-27,101097
2008-06-30,104404
2008-07-01,111459
2008-07-02,117334
2008-07-03,122341
2008-07-04,121303
2008-07-07,121640
2008-07-08,122025
2008-07-09,119153
2008-07-10,116423
2008-07-11,118522
2008-07-14,123154
2008-07-15,121877
2008-07-16,121355
2008-07-17,120624
2008-07-18,103206
2008-07-21,113502
2008-07-22,112601
2008-07-23,115251
2008-07-24,118825
2008-07-25,121218
2008-07-28,127017
2008-07-29,125545
2008-07-30,122857
2008-07-31,112097
2008-08-01,104109
2008-08-04,96263
2008-08-05,98401
2008-08-06,98397
2008-08-07,99127
2008-08-08,107371
2008-08-11,104127
2008-08-12,111989
2008-08-13,116866
2008-08-14,118875
2008-08-15,109388
2008-08-18,114265
2008-08-19,118027
2008-08-20,115619
2008-08-21,116040
2008-08-22,117183
2008-08-25,123497
2008-08-26,120888
2008-08-27,125235
2008-08-28,126505
2008-08-29,129160
2008-09-01,130993
2008-09-02,135795
2008-09-03,134786
2008-09-04,137787
2008-09-05,143692
2008-09-08,141221
2008-09-09,140408
2008-09-10,143082
2008-09-11,143243
2008-09-12,143415
2008-09-16,148550
2008-09-17,155988
2008-09-18,169911
2008-09-19,119374
2008-09-22,124975
2008-09-23,129361
2008-09-24,130212
2008-09-25,123658
2008-09-26,118991
2008-10-06,129036
2008-10-07,125294
2008-10-08,125049
2008-10-09,137155
2008-10-10,133390
2008-10-13,132312
2008-10-14,140111
2008-10-15,129363
2008-10-16,134408
2008-10-17,116598
2008-10-20,126153
2008-10-21,124810
2008-10-22,129472
2008-10-23,129720
2008-10-24,127904
2008-10-27,131160
2008-10-28,131553
2008-10-29,137409
2008-10-30,139929
2008-10-31,134263
2008-11-03,144239
2008-11-04,148670
2008-11-05,147869
2008-11-06,148184
2008-11-07,154510
2008-11-10,154510
2008-11-11,161341
2008-11-12,162399
2008-11-13,162399
2008-11-14,149088
2008-11-17,149276
2008-11-18,152817
2008-11-19,160171
2008-11-20,152624
2008-11-21,126181
2008-11-24,132348
2008-11-25,137775
2008-11-26,151618
2008-11-27,155117
2008-11-28,153232
2008-12-01,156282
2008-12-02,151695
2008-12-03,154879
2008-12-04,145445
2008-12-05,152694
2008-12-08,149021
2008-12-09,147517
2008-12-10,148774
2008-12-11,149212
2008-12-12,154762
2008-12-15,150497
2008-12-16,153163
2008-12-17,155742
2008-12-18,149016
2008-12-19,101109
2008-12-22,109697
2008-12-23,114172
2008-12-24,114618
2008-12-25,111949
2008-12-26,107899
2008-12-29,106349
2008-12-30,110592
2008-12-31,113219
2009-01-05,108574
2009-01-06,114298
2009-01-07,116134
2009-01-08,117802
2009-01-09,116078
2009-01-12,118147
2009-01-13,121094
2009-01-14,124053
2009-01-15,122517
2009-01-16,105273
2009-01-19,106264
2009-01-20,104859
2009-01-21,101078
2009-01-22,99349
2009-01-23,99636
2009-02-02,114795
2009-02-03,118628
2009-02-04,118631
2009-02-05,123875
2009-02-06,120258
2009-02-09,128323
2009-02-10,128427
2009-02-11,128963
2009-02-12,126344
2009-02-13,115184
2009-02-16,117223
2009-02-17,116159
2009-02-18,120001
2009-02-19,99082
2009-02-20,93785
2009-02-23,103549
2009-02-24,94120
2009-02-25,94779
2009-02-26,94325
2009-02-27,96033
2009-03-02,97759
2009-03-03,97037
2009-03-04,99429
2009-03-05,99080
2009-03-06,100264
2009-03-09,101926
2009-03-10,103108
2009-03-11,104658
2009-03-12,104681
2009-03-13,102677
2009-03-16,102540
2009-03-17,105744
2009-03-18,104133
2009-03-19,105862
2009-03-20,74407
2009-03-23,78341
2009-03-24,80767
2009-03-25,85492
2009-03-26,90817
2009-03-27,88380
2009-03-30,89215
2009-03-31,89922
2009-04-01,90540
2009-04-02,92034
2009-04-03,95328
2009-04-07,99290
2009-04-08,101749
2009-04-09,98369
2009-04-10,104864
2009-04-13,100758
2009-04-14,103121
2009-04-15,104269
2009-04-16,103461
2009-04-17,93980
2009-04-20,98541
2009-04-21,95753
2009-04-22,99082
2009-04-23,103341
2009-04-24,103783
2009-04-27,104699
2009-04-28,105346
2009-04-29,106749
2009-04-30,106900
2009-05-04,110330
2009-05-05,109982
2009-05-06,108024
2009-05-07,110850
2009-05-08,111818
2009-05-11,113321
2009-05-12,112978
2009-05-13,112726
2009-05-14,111048
2009-05-15,92099
2009-05-18,98529
2009-05-19,96337
2009-05-20,100209
2009-05-21,100435
2009-05-22,104664
2009-05-25,105822
2009-05-26,106855
2009-05-27,107437
2009-06-01,113761
2009-06-02,114267
2009-06-03,115675
2009-06-04,119003
2009-06-05,114956
2009-06-08,114361
2009-06-09,106866
2009-06-10,105821
2009-06-11,104333
2009-06-12,107648
2009-06-15,101770
2009-06-16,104229
2009-06-17,105106
2009-06-18,99976
2009-06-19,68812
2009-06-22,75607
2009-06-23,78284
2009-06-24,78676
2009-06-25,78116
2009-06-26,80598
2009-06-29,84159
2009-06-30,81046
2009-07-01,81311
2009-07-02,78675
2009-07-03,77926
2009-07-06,82202
2009-07-07,84963
2009-07-08,92242
2009-07-09,90960
2009-07-10,86145
2009-07-13,89980
2009-07-14,88078
2009-07-15,86141
2009-07-16,86437
2009-07-17,70785
2009-07-20,74609
2009-07-21,77352
2009-07-22,81271
2009-07-23,83783
2009-07-24,84336
2009-07-27,81829
2009-07-28,82298
2009-07-29,83382
2009-07-30,86080
2009-07-31,82980
2009-08-03,82935
2009-08-04,83769
2009-08-05,82728
2009-08-06,86346
2009-08-07,89860
2009-08-10,88707
2009-08-11,88193
2009-08-12,89067
2009-08-13,88097
2009-08-14,92773
2009-08-17,94007
2009-08-18,95106
2009-08-19,91619
2009-08-20,92906
2009-08-21,79321
2009-08-24,88569
2009-08-25,90211
2009-08-26,89238
2009-08-27,89319
2009-08-28,90876
2009-08-31,90811
2009-09-01,91459
2009-09-02,96845
2009-09-03,93526
2009-09-04,92609
2009-09-07,93103
2009-09-08,90437
2009-09-09,91552
2009-09-10,90658
2009-09-11,90845
2009-09-14,91274
2009-09-15,97921
2009-09-16,100287
2009-09-17,98046
2009-09-18,66922
2009-09-21,69961
2009-09-22,74653
2009-09-23,77730
2009-09-24,78794
2009-09-25,79992
2009-09-28,81426
2009-09-29,81501
2009-09-30,76969
2009-10-09,78354
2009-10-12,82355
2009-10-13,81824
2009-10-14,80005
2009-10-15,82910
2009-10-16,70511
2009-10-19,79083
2009-10-20,83648
2009-10-21,83698
2009-10-22,83821
2009-10-23,85609
2009-10-26,83228
2009-10-27,85619
2009-10-28,90826
2009-10-29,94402
2009-10-30,94453
2009-11-02,91221
2009-11-03,96001
2009-11-04,97679
2009-11-05,94272
2009-11-06,101201
2009-11-09,95427
2009-11-10,94850
2009-11-11,86627
2009-11-12,85815
2009-11-13,95286
2009-11-16,100667
2009-11-17,100110
2009-11-18,97932
2009-11-19,91813
2009-11-20,81491
2009-11-23,81599
2009-11-24,82599
2009-11-25,88349
2009-11-26,88183
2009-11-27,87289
2009-11-30,86298
2009-12-01,86594
2009-12-02,85591
2009-12-03,88328
2009-12-04,86539
2009-12-07,86559
2009-12-08,91353
2009-12-09,86047
2009-12-10,87413
2009-12-11,89475
2009-12-14,87991
2009-12-15,88407
2009-12-16,90799
2009-12-17,96756
2009-12-18,68152
2009-12-21,74725
2009-12-22,75964
2009-12-23,75509
2009-12-24,79841
2009-12-25,76360
2009-12-28,76381
2009-12-29,77438
2009-12-30,78504
2009-12-31,80595
2010-01-04,78271
2010-01-05,78110
2010-01-06,80073
2010-01-07,80695
2010-01-08,82676
2010-01-11,82138
2010-01-12,85962
2010-01-13,95632
2010-01-14,96970
2010-01-15,80039
2010-01-18,83333
2010-01-19,89734
2010-01-20,91075
2010-01-21,96488
2010-01-22,102729
2010-01-25,110072
2010-01-26,112868
2010-01-27,121017
2010-01-28,121502
2010-01-29,130110
2010-02-01,155172
2010-02-02,160764
2010-02-03,174881
2010-02-04,171799
2010-02-05,172491
2010-02-08,179585
2010-02-09,187380
2010-02-10,189508
2010-02-11,194816
2010-02-12,193715
2010-02-22,162105
2010-02-23,182735
2010-02-24,188506
2010-02-25,193089
2010-02-26,196476
2010-03-01,191910
2010-03-02,198685
2010-03-03,199576
2010-03-04,200963
2010-03-05,205629
2010-03-08,209471
2010-03-09,215022
2010-03-10,225234
2010-03-11,223926
2010-03-12,228149
2010-03-15,235013
2010-03-16,235945
2010-03-17,235449
2010-03-18,238688
2010-03-19,136055
2010-03-22,155852
2010-03-23,165656
2010-03-24,170546
2010-03-25,182626
2010-03-26,181290
2010-03-29,180532
2010-03-30,185233
2010-03-31,196296
2010-04-01,199337
2010-04-02,133074
2010-04-06,140750
2010-04-07,146795
2010-04-08,154124
2010-04-16,3590
2010-04-19,5120
2010-04-20,5750
2010-04-21,6319
2010-04-22,6716
2010-04-23,7222
2010-04-26,8687
2010-04-27,9307
2010-04-28,9067
2010-04-29,11020
2010-04-30,10918
2010-05-04,11017
2010-05-05,12786
2010-05-06,14101
2010-05-07,12114
2010-05-10,14141
2010-05-11,14211
2010-05-12,14352
2010-05-13,15072
2010-05-14,13862
2010-05-17,15146
2010-05-18,15378
2010-05-19,16036
2010-05-20,17869
2010-05-21,15932
2010-05-24,18754
2010-05-25,18799
2010-05-26,18659
2010-05-27,19982
2010-05-28,20589
2010-05-31,22592
2010-06-01,21800
2010-06-02,23300
2010-06-03,23699
2010-06-04,21672
2010-06-07,21667
2010-06-08,23308
2010-06-09,24818
2010-06-10,23289
2010-06-11,22298
2010-06-17,24352
2010-06-18,23386
2010-06-21,26294
2010-06-22,24623
2010-06-23,24244
2010-06-24,24280
2010-06-25,24467
2010-06-28,26927
2010-06-29,30903
2010-06-30,28785
2010-07-01,30819
2010-07-02,31782
2010-07-05,30953
2010-07-06,31308
2010-07-07,30081
2010-07-08,30175
2010-07-09,30526
2010-07-12,30159
2010-07-13,27439
2010-07-14,30425
2010-07-15,29569
2010-07-16,26291
2010-07-19,29364
2010-07-20,28649
2010-07-21,29956
2010-07-22,31362
2010-07-23,29552
2010-07-26,31767
2010-07-27,30190
2010-07-28,34250
2010-07-29,31996
2010-07-30,30851
2010-08-02,34275
2010-08-03,30850
2010-08-04,33573
2010-08-05,30498
2010-08-06,33963
2010-08-09,31679
2010-08-10,29767
2010-08-11,29276
2010-08-12,29391
2010-08-13,30413
2010-08-16,32498
2010-08-17,31651
2010-08-18,34426
2010-08-19,35786
2010-08-20,31039
2010-08-23,32623
2010-08-24,31536
2010-08-25,32712
2010-08-26,33965
2010-08-27,31482
2010-08-30,34617
2010-08-31,32836
2010-09-01,34031
2010-09-02,31889
2010-09-03,30120
2010-09-06,33279
2010-09-07,34894
2010-09-08,34362
2010-09-09,32271
2010-09-10,34060
2010-09-13,32446
2010-09-14,29494
2010-09-15,31830
2010-09-16,31744
2010-09-17,27499
2010-09-20,29551
2010-09-21,27858
2010-09-27,28665
2010-09-28,26153
2010-09-29,25813
2010-09-30,25182
2010-10-08,28475
2010-10-11,27962
2010-10-12,29168
2010-10-13,30491
2010-10-14,29923
2010-10-15,32470
2010-10-18,33239
2010-10-19,36456
2010-10-20,37004
2010-10-21,38151
2010-10-22,38800
2010-10-25,40400
2010-10-26,39594
2010-10-27,41150
2010-10-28,41468
2010-10-29,37679
2010-11-01,40906
2010-11-02,41415
2010-11-03,40405
2010-11-04,41535
2010-11-05,41535
2010-11-08,42825
2010-11-09,41672
2010-11-10,41707
2010-11-11,42125
2010-11-12,34900
2010-11-15,35825
2010-11-16,33380
2010-11-17,36609
2010-11-18,35812
2010-11-19,31047
2010-11-22,30306
2010-11-23,28278
2010-11-24,29628
2010-11-25,27570
2010-11-26,26288
2010-11-29,27890
2010-11-30,26733
2010-12-01,26938
2010-12-02,30236
2010-12-03,28071
2010-12-06,29271
2010-12-07,30009
2010-12-08,29739
2010-12-09,32210
2010-12-10,32597
2010-12-13,35143
2010-12-14,35983
2010-12-15,33063
2010-12-16,32114
2010-12-17,29475
2010-12-20,29703
2010-12-21,31394
2010-12-22,29223
2010-12-23,30742
2010-12-24,31210
2010-12-27,33688
2010-12-28,35123
2010-12-29,35093
2010-12-30,33220
2010-12-31,29805
2011-01-04,30446
2011-01-05,28949
2011-01-06,31905
2011-01-07,29570
2011-01-10,34405
2011-01-11,34551
2011-01-12,32645
2011-01-13,33185
2011-01-14,36476
2011-01-17,40092
2011-01-18,37241
2011-01-19,35706
2011-01-20,34708
2011-01-21,32379
2011-01-24,34178
2011-01-25,36560
2011-01-26,36312
2011-01-27,34864
2011-01-28,32383
2011-01-31,33991
2011-02-01,32716
2011-02-09,33576
2011-02-10,35297
2011-02-11,32690
2011-02-14,36107
2011-02-15,36335
2011-02-16,38903
2011-02-17,37108
2011-02-18,35693
2011-02-21,38677
2011-02-22,34976
2011-02-23,36071
2011-02-24,33516
2011-02-25,33477
2011-02-28,35336
2011-03-01,34857
2011-03-02,35091
2011-03-03,37477
2011-03-04,40097
2011-03-07,42898
2011-03-08,41131
2011-03-09,43262
2011-03-10,43417
2011-03-11,41784
2011-03-14,41378
2011-03-15,34609
2011-03-16,32234
2011-03-17,32029
2011-03-18,32510
2011-03-21,33462
2011-03-22,35069
2011-03-23,35031
2011-03-24,33467
2011-03-25,36489
2011-03-28,36327
2011-03-29,36834
2011-03-30,39439
2011-03-31,37433
2011-04-01,36431
2011-04-06,37615
2011-04-07,35557
2011-04-08,37083
2011-04-11,36604
2011-04-12,36048
2011-04-13,39311
2011-04-14,36344
2011-04-15,35457
2011-04-18,36204
2011-04-19,36452
2011-04-20,39418
2011-04-21,38317
2011-04-22,38114
2011-04-25,39122
2011-04-26,41730
2011-04-27,41966
2011-04-28,45221
2011-04-29,44585
2011-05-03,43422
2011-05-04,42423
2011-05-05,42318
2011-05-06,39676
2011-05-09,38436
2011-05-10,38160
2011-05-11,37232
2011-05-12,37582
2011-05-13,39482
2011-05-16,38698
2011-05-17,37750
2011-05-18,37744
2011-05-19,37869
2011-05-20,34545
2011-05-23,38810
2011-05-24,38536
2011-05-25,39120
2011-05-26,40340
2011-05-27,45369
2011-05-30,45204
2011-05-31,44796
2011-06-01,41863
2011-06-02,40446
2011-06-03,38839
2011-06-07,38564
2011-06-08,38223
2011-06-09,40186
2011-06-10,41767
2011-06-13,42420
2011-06-14,39305
2011-06-15,39234
2011-06-16,40610
2011-06-17,37859
2011-06-20,38777
2011-06-21,36849
2011-06-22,35379
2011-06-23,34448
2011-06-24,35899
2011-06-27,36391
2011-06-28,36113
2011-06-29,36119
2011-06-30,37179
2011-07-01,36691
2011-07-04,37732
2011-07-05,36098
2011-07-06,38174
2011-07-07,37484
2011-07-08,38349
2011-07-11,37855
2011-07-12,36524
2011-07-13,36187
2011-07-14,36283
2011-07-15,36199
2011-07-18,38576
2011-07-19,38809
2011-07-20,39386
2011-07-21,40585
2011-07-22,40326
2011-07-25,40618
2011-07-26,40922
2011-07-27,37376
2011-07-28,36591
2011-07-29,35987
2011-08-01,38043
2011-08-02,37270
2011-08-03,36160
2011-08-04,37118
2011-08-05,33703
2011-08-08,37514
2011-08-09,33016
2011-08-10,31701
2011-08-11,32915
2011-08-12,30580
2011-08-15,31981
2011-08-16,31487
2011-08-17,32050
2011-08-18,33774
2011-08-19,32914
2011-08-22,33907
2011-08-23,34271
2011-08-24,34286
2011-08-25,38008
2011-08-26,33983
2011-08-29,33806
2011-08-30,35563
2011-08-31,35177
2011-09-01,36195
2011-09-02,36694
2011-09-05,39360
2011-09-06,40575
2011-09-07,42491
2011-09-08,41023
2011-09-09,41240
2011-09-13,40760
2011-09-14,38948
2011-09-15,38523
2011-09-16,35585
2011-09-19,37626
2011-09-20,37760
2011-09-21,40940
2011-09-22,38949
2011-09-23,36461
2011-09-26,39750
2011-09-27,38561
2011-09-28,38601
2011-09-29,40377
2011-09-30,37768
2011-10-10,43782
2011-10-11,47122
2011-10-12,44252
2011-10-13,40122
2011-10-14,40706
2011-10-17,40092
2011-10-18,40344
2011-10-19,39891
2011-10-20,40634
2011-10-21,40784
2011-10-24,45867
2011-10-25,41518
2011-10-26,41908
2011-10-27,44220
2011-10-28,42171
2011-10-31,41422
2011-11-01,42033
2011-11-02,45765
2011-11-03,44306
2011-11-04,46488
2011-11-07,46848
2011-11-08,48544
2011-11-09,48675
2011-11-10,45204
2011-11-11,44973
2011-11-14,46746
2011-11-15,45477
2011-11-16,40824
2011-11-17,41011
2011-11-18,42328
2011-11-21,45985
2011-11-22,43703
2011-11-23,42348
2011-11-24,42536
2011-11-25,41636
2011-11-28,43242
2011-11-29,44971
2011-11-30,42313
2011-12-01,42378
2011-12-02,41148
2011-12-05,46477
2011-12-06,47988
2011-12-07,47896
2011-12-08,48859
2011-12-09,50409
2011-12-12,51422
2011-12-13,55588
2011-12-14,55838
2011-12-15,56212
2011-12-16,52219
2011-12-19,50430
2011-12-20,47806
2011-12-21,50138
2011-12-22,52041
2011-12-23,50792
2011-12-26,52282
2011-12-27,53605
2011-12-28,54376
2011-12-29,53000
2011-12-30,48443
2012-01-04,54108
2012-01-05,55489
2012-01-06,57081
2012-01-09,54205
2012-01-10,52583
2012-01-11,55036
2012-01-12,54674
2012-01-13,53877
2012-01-16,55210
2012-01-17,59970
2012-01-18,54257
2012-01-19,54764
2012-01-20,50020
2012-01-30,50323
2012-01-31,52391
2012-02-01,52798
2012-02-02,53467
2012-02-03,53606
2012-02-06,55060
2012-02-07,52638
2012-02-08,55842
2012-02-09,52897
2012-02-10,50990
2012-02-13,54103
2012-02-14,51033
2012-02-15,50904
2012-02-16,47056
2012-02-17,46322
2012-02-20,53027
2012-02-21,51965
2012-02-22,51682
2012-02-23,48981
2012-02-24,50276
2012-02-27,53620
2012-02-28,59354
2012-02-29,59533
2012-03-01,60806
2012-03-02,58111
2012-03-05,57128
2012-03-06,58620
2012-03-07,59179
2012-03-08,57659
2012-03-09,57780
2012-03-12,56262
2012-03-13,56849
2012-03-14,58383
2012-03-15,64415
2012-03-16,58501
2012-03-19,57406
2012-03-20,59265
2012-03-21,62163
2012-03-22,61971
2012-03-23,64011
2012-03-26,65965
2012-03-27,66880
2012-03-28,70476
2012-03-29,67278
2012-03-30,64137
2012-04-05,62474
2012-04-06,58810
2012-04-09,56717
2012-04-10,57580
2012-04-11,55223
2012-04-12,58885
2012-04-13,57951
2012-04-16,57119
2012-04-17,60452
2012-04-18,64274
2012-04-19,63404
2012-04-20,61312
2012-04-23,64265
2012-04-24,60959
2012-04-25,62003
2012-04-26,63194
2012-04-27,62321
2012-05-02,67399
2012-05-03,66944
2012-05-04,68744
2012-05-07,71771
2012-05-08,74702
2012-05-09,72185
2012-05-10,75444
2012-05-11,74304
2012-05-14,69090
2012-05-15,68092
2012-05-16,62923
2012-05-17,64492
2012-05-18,58537
2012-05-21,62315
2012-05-22,61006
2012-05-23,58620
2012-05-24,60588
2012-05-25,63791
2012-05-28,65137
2012-05-29,63027
2012-05-30,62232
2012-05-31,63675
2012-06-01,62468
2012-06-04,62649
2012-06-05,64168
2012-06-06,64874
2012-06-07,65975
2012-06-08,65157
2012-06-11,63594
2012-06-12,61068
2012-06-13,61714
2012-06-14,59349
2012-06-15,54759
2012-06-18,58921
2012-06-19,61209
2012-06-20,65851
2012-06-21,67636
2012-06-25,73086
2012-06-26,73835
2012-06-27,73398
2012-06-28,76026
2012-06-29,72718
2012-07-02,77236
2012-07-03,76627
2012-07-04,77976
2012-07-05,82242
2012-07-06,82301
2012-07-09,85349
2012-07-10,86975
2012-07-11,86985
2012-07-12,84139
2012-07-13,81693
2012-07-16,90474
2012-07-17,88294
2012-07-18,87707
2012-07-19,84206
2012-07-20,81293
2012-07-23,80928
2012-07-24,80525
2012-07-25,83515
2012-07-26,87110
2012-07-27,85720
2012-07-30,90233
2012-07-31,89432
2012-08-01,89313
2012-08-02,91402
2012-08-03,93422
2012-08-06,90652
2012-08-07,87380
2012-08-08,85927
2012-08-09,86219
2012-08-10,84304
2012-08-13,90971
2012-08-14,90143
2012-08-15,89544
2012-08-16,90395
2012-08-17,88043
2012-08-20,88086
2012-08-21,90487
2012-08-22,89893
2012-08-23,92060
2012-08-24,89012
2012-08-27,95925
2012-08-28,95737
2012-08-29,93775
2012-08-30,93765
2012-08-31,92676
2012-09-03,92046
2012-09-04,89947
2012-09-05,88528
2012-09-06,90110
2012-09-07,91208
2012-09-10,93143
2012-09-11,93401
2012-09-12,91133
2012-09-13,92808
2012-09-14,93792
2012-09-17,99418
2012-09-18,96941
2012-09-19,94471
2012-09-20,91965
2012-09-21,82884
2012-09-24,85751
2012-09-25,84013
2012-09-26,84269
2012-09-27,87214
2012-09-28,80495
2012-10-08,82779
2012-10-09,90107
2012-10-10,89009
2012-10-11,90256
2012-10-12,87372
2012-10-15,91103
2012-10-16,91060
2012-10-17,91737
2012-10-18,98798
2012-10-19,90318
2012-10-22,94540
2012-10-23,94626
2012-10-24,93610
2012-10-25,98869
2012-10-26,96190
2012-10-29,95121
2012-10-30,95273
2012-10-31,94016
2012-11-01,96142
2012-11-02,94048
2012-11-05,92076
2012-11-06,94961
2012-11-07,96663
2012-11-08,97113
2012-11-09,95771
2012-11-12,96534
2012-11-13,95169
2012-11-14,93744
2012-11-15,91409
2012-11-16,85702
2012-11-19,88502
2012-11-20,88359
2012-11-21,90635
2012-11-22,89417
2012-11-23,88806
2012-11-26,88920
2012-11-27,93959
2012-11-28,99274
2012-11-29,102203
2012-11-30,97785
2012-12-03,103651
2012-12-04,105486
2012-12-05,98480
2012-12-06,96169
2012-12-07,91493
2012-12-10,93546
2012-12-11,90859
2012-12-12,94006
2012-12-13,91367
2012-12-14,98853
2012-12-17,99456
2012-12-18,97792
2012-12-19,99726
2012-12-20,107347
2012-12-21,97360
2012-12-24,104561
2012-12-25,105817
2012-12-26,103697
2012-12-27,105122
2012-12-28,107539
2012-12-31,110386
2013-01-04,109773
2013-01-07,109552
2013-01-08,107542
2013-01-09,108196
2013-01-10,109526
2013-01-11,112603
2013-01-14,120439
2013-01-15,114733
2013-01-16,109867
2013-01-17,104363
2013-01-18,105317
2013-01-21,104127
2013-01-22,98419
2013-01-23,101117
2013-01-24,103539
2013-01-25,106572
2013-01-28,113146
2013-01-29,102963
2013-01-30,101852
2013-01-31,104251
2013-02-01,109338
2013-02-04,114313
2013-02-05,123140
2013-02-06,124062
2013-02-07,133907
2013-02-08,131654
2013-02-18,126774
2013-02-19,133050
2013-02-20,134810
2013-02-21,115438
2013-02-22,114643
2013-02-25,111773
2013-02-26,103045
2013-02-27,101447
2013-02-28,103619
2013-03-01,95866
2013-03-04,111955
2013-03-05,106372
2013-03-06,102210
2013-03-07,101051
2013-03-08,102207
2013-03-11,104188
2013-03-12,102028
2013-03-13,100159
2013-03-14,99021
2013-03-15,90300
2013-03-18,99398
2013-03-19,100650
2013-03-20,104617
2013-03-21,106688
2013-03-22,107878
2013-03-25,109539
2013-03-26,104634
2013-03-27,105930
2013-03-28,104433
2013-03-29,101567
2013-04-01,102107
2013-04-02,102236
2013-04-03,102995
2013-04-08,109426
2013-04-09,105436
2013-04-10,105652
2013-04-11,111321
2013-04-12,103694
2013-04-15,104449
2013-04-16,106923
2013-04-17,101963
2013-04-18,104510
2013-04-19,109013
2013-04-22,111159
2013-04-23,105823
2013-04-24,104362
2013-04-25,106897
2013-04-26,99668
2013-05-02,101034
2013-05-03,104166
2013-05-06,106077
2013-05-07,107476
2013-05-08,121968
2013-05-09,118829
2013-05-10,124266
2013-05-13,128156
2013-05-14,125398
2013-05-15,122091
2013-05-16,113853
2013-05-17,120177
2013-05-20,121507
2013-05-21,125638
2013-05-22,126735
2013-05-23,126626
2013-05-24,124184
2013-05-27,126101
2013-05-28,132135
2013-05-29,129071
2013-05-30,131388
2013-05-31,127615
2013-06-03,129379
2013-06-04,130483
2013-06-05,132421
2013-06-06,133937
2013-06-07,128624
2013-06-13,127580
2013-06-14,119838
2013-06-17,116969
2013-06-18,113250
2013-06-19,111263
2013-06-20,115579
2013-06-21,108595
2013-06-24,115545
2013-06-25,95519
2013-06-26,91034
2013-06-27,91257
2013-06-28,79907
2013-07-01,81180
2013-07-02,82857
2013-07-03,85207
2013-07-04,88787
2013-07-05,92077
2013-07-08,91457
2013-07-09,93324
2013-07-10,97645
2013-07-11,88363
2013-07-12,80325
2013-07-15,82493
2013-07-16,84890
2013-07-17,85762
2013-07-18,81851
2013-07-19,87832
2013-07-22,88400
2013-07-23,86223
2013-07-24,86992
2013-07-25,86294
2013-07-26,85216
2013-07-29,92134
2013-07-30,96654
2013-07-31,97125
2013-08-01,98306
2013-08-02,92981
2013-08-05,97581
2013-08-06,99782
2013-08-07,97792
2013-08-08,98059
2013-08-09,94972
2013-08-12,107174
2013-08-13,100055
2013-08-14,98020
2013-08-15,94572
2013-08-16,91145
2013-08-19,95721
2013-08-20,97276
2013-08-21,96402
2013-08-22,101075
2013-08-23,101956
2013-08-26,106439
2013-08-27,97538
2013-08-28,96694
2013-08-29,92075
2013-08-30,92545
2013-09-02,94830
2013-09-03,95219
2013-09-04,92717
2013-09-05,91716
2013-09-06,91988
2013-09-09,98159
2013-09-10,100009
2013-09-11,104486
2013-09-12,106205
2013-09-13,103783
2013-09-16,106746
2013-09-17,102840
2013-09-18,94018
2013-09-23,95034
2013-09-24,94750
2013-09-25,95919
2013-09-26,96251
2013-09-27,89127
2013-09-30,85614
2013-10-08,89566
2013-10-09,90379
2013-10-10,88403
2013-10-11,83889
2013-10-14,87659
2013-10-15,88578
2013-10-16,96727
2013-10-17,96296
2013-10-18,87928
2013-10-21,96534
2013-10-22,95215
2013-10-23,98260
2013-10-24,101768
2013-10-25,102093
2013-10-28,101513
2013-10-29,99664
2013-10-30,98040
2013-10-31,95616
2013-11-01,97476
2013-11-04,101249
2013-11-05,100813
2013-11-06,106612
2013-11-07,105039
2013-11-08,110552
2013-11-11,106427
2013-11-12,104005
2013-11-13,110932
2013-11-14,105806
2013-11-15,98819
2013-11-18,107667
2013-11-19,103977
2013-11-20,105873
2013-11-21,103395
2013-11-22,106641
2013-11-25,113385
2013-11-26,113159
2013-11-27,114109
2013-11-28,119845
2013-11-29,116977
2013-12-02,120266
2013-12-03,121425
2013-12-04,126590
2013-12-05,123623
2013-12-06,123355
2013-12-09,128575
2013-12-10,128370
2013-12-11,134555
2013-12-12,132938
2013-12-13,126134
2013-12-16,133236
2013-12-17,132606
2013-12-18,128660
2013-12-19,131250
2013-12-20,120804
2013-12-23,121368
2013-12-24,121973
2013-12-25,122305
2013-12-26,128397
2013-12-27,125146
2013-12-30,126640
2013-12-31,119534
2014-01-02,126088
2014-01-03,128757
2014-01-06,125769
2014-01-07,121308
2014-01-08,123086
2014-01-09,127687
2014-01-10,125779
2014-01-13,128668
2014-01-14,123782
2014-01-15,121916
2014-01-16,117892
2014-01-17,112312
2014-01-20,118927
2014-01-21,117073
2014-01-22,119931
2014-01-23,117048
2014-01-24,114650
2014-01-27,117184
2014-01-28,116723
2014-01-29,115807
2014-01-30,115880
2014-02-07,119132
2014-02-10,118228
2014-02-11,117633
2014-02-12,117596
2014-02-13,118119
2014-02-14,117398
2014-02-17,117293
2014-02-18,119072
2014-02-19,118529
2014-02-20,121648
2014-02-21,115322
2014-02-24,116018
2014-02-25,123579
2014-02-26,122176
2014-02-27,122318
2014-02-28,119527
2014-03-03,122813
2014-03-04,124278
2014-03-05,131781
2014-03-06,124993
2014-03-07,128389
2014-03-10,132874
2014-03-11,127194
2014-03-12,128725
2014-03-13,131224
2014-03-14,129084
2014-03-17,123048
2014-03-18,129906
2014-03-19,124092
2014-03-20,134744
2014-03-21,119521
2014-03-24,121255
2014-03-25,121561
2014-03-26,122111
2014-03-27,120740
2014-03-28,119502
2014-03-31,120732
2014-04-01,123981
2014-04-02,124745
2014-04-03,130675
2014-04-04,131047
2014-04-08,139729
2014-04-09,137081
2014-04-10,137769
2014-04-11,133251
2014-04-14,134958
2014-04-15,134127
2014-04-16,136645
2014-04-17,139142
2014-04-18,129241
2014-04-21,135999
2014-04-22,131747
2014-04-23,131058
2014-04-24,131567
2014-04-25,131540
2014-04-28,138581
2014-04-29,134220
2014-04-30,131100
2014-05-05,136830
2014-05-06,142059
2014-05-07,144570
2014-05-08,143988
2014-05-09,144703
2014-05-12,147623
2014-05-13,146919
2014-05-14,148385
2014-05-15,146074
2014-05-16,142655
2014-05-19,151359
2014-05-20,152963
2014-05-21,152645
2014-05-22,153786
2014-05-23,148485
2014-05-26,155912
2014-05-27,155844
2014-05-28,161971
2014-05-29,162094
2014-05-30,155054
2014-06-03,165084
2014-06-04,170038
2014-06-05,165439
2014-06-06,163736
2014-06-09,164220
2014-06-10,169840
2014-06-11,170007
2014-06-12,169966
2014-06-13,177970
2014-06-16,182000
2014-06-17,183801
2014-06-18,184126
2014-06-19,189052
2014-06-20,178758
2014-06-23,181614
2014-06-24,175996
2014-06-25,179252
2014-06-26,176290
2014-06-27,171136
2014-06-30,170584
2014-07-01,173840
2014-07-02,175982
2014-07-03,176202
2014-07-04,170047
2014-07-07,171482
2014-07-08,172711
2014-07-09,177827
2014-07-10,177100
2014-07-11,169084
2014-07-14,167897
2014-07-15,164836
2014-07-16,163685
2014-07-17,162419
2014-07-18,150327
2014-07-21,154886
2014-07-22,165409
2014-07-23,164138
2014-07-24,171650
2014-07-25,168928
2014-07-28,177939
2014-07-29,176881
2014-07-30,179661
2014-07-31,186322
2014-08-01,184512
2014-08-04,194307
2014-08-05,191669
2014-08-06,188203
2014-08-07,188245
2014-08-08,182253
2014-08-11,184345
2014-08-12,177995
2014-08-13,176785
2014-08-14,173051
2014-08-15,170644
2014-08-18,169829
2014-08-19,165944
2014-08-20,164891
2014-08-21,162972
2014-08-22,162090
2014-08-25,164252
2014-08-26,167197
2014-08-27,167020
2014-08-28,170582
2014-08-29,168380
2014-09-01,165376
2014-09-02,172717
2014-09-03,176364
2014-09-04,184616
2014-09-05,198622
2014-09-09,197450
2014-09-10,190899
2014-09-11,186120
2014-09-12,184825
2014-09-15,186163
2014-09-16,194431
2014-09-17,188435
2014-09-18,183982
2014-09-19,173116
2014-09-22,170607
2014-09-23,173120
2014-09-24,199831
2014-09-25,198724
2014-09-26,197249
2014-09-29,192042
2014-09-30,183850
2014-10-08,184516
2014-10-09,185803
2014-10-10,177830
2014-10-13,176961
2014-10-14,171777
2014-10-15,164365
2014-10-16,168828
2014-10-17,166767
2014-10-20,171091
2014-10-21,176546
2014-10-22,179738
2014-10-23,177798
2014-10-24,181526
2014-10-27,185732
2014-10-28,184438
2014-10-29,181528
2014-10-30,183160
2014-10-31,189181
2014-11-03,193949
2014-11-04,189339
2014-11-05,190657
2014-11-06,202317
2014-11-07,191592
2014-11-10,200375
2014-11-11,199382
2014-11-12,202020
2014-11-13,198206
2014-11-14,191988
2014-11-17,197450
2014-11-18,206644
2014-11-19,200025
2014-11-20,207615
2014-11-21,201760
2014-11-24,206926
2014-11-25,216265
2014-11-26,218901
2014-11-27,216093
2014-11-28,211289
2014-12-01,212346
2014-12-02,209795
2014-12-03,214329
2014-12-04,228339
2014-12-05,232722
2014-12-08,242066
2014-12-09,214822
2014-12-10,235622
2014-12-11,227781
2014-12-12,238874
2014-12-15,249577
2014-12-16,238774
2014-12-17,234705
2014-12-18,240707
2014-12-19,231377
2014-12-22,229957
2014-12-23,225621
2014-12-24,200074
2014-12-25,197798
2014-12-26,207016
2014-12-29,201856
2014-12-30,206357
2014-12-31,215437
2015-01-05,237221
2015-01-06,236054
2015-01-07,231591
2015-01-08,229779
2015-01-09,213768
2015-01-12,212848
2015-01-13,222139
2015-01-14,227414
2015-01-15,226674
2015-01-16,221123
2015-01-19,225924
2015-01-20,214500
2015-01-21,219167
2015-01-22,213835
2015-01-23,212044
2015-01-26,216640
2015-01-27,218221
2015-01-28,219756
2015-01-29,213949
2015-01-30,213087
2015-02-02,219311
2015-02-03,230295
2015-02-04,238537
2015-02-05,232188
2015-02-06,224007
2015-02-09,232800
2015-02-10,243396
2015-02-11,250673
2015-02-12,248680
2015-02-13,239701
2015-02-16,240428
2015-02-17,238206
2015-02-25,222986
2015-02-26,246239
2015-02-27,241822
2015-03-02,244792
2015-03-03,240379
2015-03-04,243877
2015-03-05,241949
2015-03-06,242503
2015-03-09,247989
2015-03-10,246631
2015-03-11,253407
2015-03-12,253089
2015-03-13,243325
2015-03-16,259514
2015-03-17,255553
2015-03-18,252545
2015-03-19,253878
2015-03-20,235108
2015-03-23,251828
2015-03-24,249247
2015-03-25,242249
2015-03-26,234150
2015-03-27,231080
2015-03-30,238425
2015-03-31,230358
2015-04-01,241799
2015-04-02,224380
2015-04-03,233020
2015-04-07,222376
2015-04-08,220465
2015-04-09,213040
2015-04-10,228078
2015-04-13,226103
2015-04-14,215543
2015-04-15,209840
2015-04-16,218487
2015-04-17,190670
2015-04-20,199431
2015-04-21,201932
2015-04-22,207539
2015-04-23,194835
2015-04-24,201380
2015-04-27,201607
2015-04-28,186882
2015-04-29,196677
2015-04-30,187270
2015-05-04,190876
2015-05-05,199149
2015-05-06,210147
2015-05-07,235927
2015-05-08,232889
2015-05-11,201568
2015-05-12,193881
2015-05-13,185766
2015-05-14,176581
2015-05-15,171089
2015-05-18,179000
2015-05-19,207685
2015-05-20,209976
2015-05-21,231210
2015-05-22,238937
2015-05-25,236656
2015-05-26,236157
2015-05-27,220397
2015-05-28,224429
2015-05-29,222926
2015-06-01,233550
2015-06-02,221973
2015-06-03,226216
2015-06-04,201042
2015-06-05,188794
2015-06-08,167857
2015-06-09,156370
2015-06-10,156016
2015-06-11,153010
2015-06-12,153962
2015-06-15,166597
2015-06-16,167438
2015-06-17,172680
2015-06-18,165849
2015-06-19,168203
2015-06-23,176144
2015-06-24,169253
2015-06-25,162018
2015-06-26,153014
2015-06-29,139128
2015-06-30,146514
2015-07-01,134903
2015-07-02,138526
2015-07-03,172174
2015-07-06,162237
2015-07-07,150129
2015-07-08,135433
2015-07-09,111233
2015-07-10,103873
2015-07-13,100186
2015-07-14,93398
2015-07-15,94455
2015-07-16,82229
2015-07-17,82015
2015-07-20,84190
2015-07-21,83081
2015-07-22,85982
2015-07-23,96608
2015-07-24,92754
2015-07-27,97008
2015-07-28,93358
2015-07-29,97685
2015-07-30,99349
2015-07-31,94803
2015-08-03,94166
2015-08-04,97750
2015-08-05,96014
2015-08-06,99042
2015-08-07,100768
2015-08-10,109242
2015-08-11,105644
2015-08-12,106932
2015-08-13,103450
2015-08-14,102857
2015-08-17,106378
2015-08-18,109547
2015-08-19,102088
2015-08-20,105411
2015-08-21,98943
2015-08-24,103869
2015-08-25,101463
2015-08-26,92918
2015-08-27,91448
2015-08-28,82163
2015-08-31,72108
2015-09-01,68482
2015-09-02,66172
2015-09-07,55497
2015-09-08,49640
2015-09-09,48498
2015-09-10,48336
2015-09-11,47552
2015-09-14,46536
2015-09-15,45612
2015-09-16,43432
2015-09-17,41722
2015-09-18,35513
2015-09-21,37687
2015-09-22,37854
2015-09-23,38507
2015-09-24,39054
2015-09-25,39249
2015-09-28,39241
2015-09-29,39457
2015-09-30,38867
2015-10-08,40049
2015-10-09,41293
2015-10-12,41727
2015-10-13,41400
2015-10-14,41076
2015-10-15,41032
2015-10-16,36141
2015-10-19,38335
2015-10-20,39773
2015-10-21,40724
2015-10-22,41566
2015-10-23,42106
2015-10-26,42828
2015-10-27,43476
2015-10-28,43641
2015-10-29,44315
2015-10-30,44595
2015-11-02,44507
2015-11-03,44922
2015-11-04,45363
2015-11-05,43990
2015-11-06,43899
2015-11-09,44406
2015-11-10,43640
2015-11-11,43724
2015-11-12,43338
2015-11-13,43320
2015-11-16,43467
2015-11-17,43074
2015-11-18,42446
2015-11-19,42152
2015-11-20,37943
2015-11-23,39726
2015-11-24,40262
2015-11-25,40814
2015-11-26,40644
2015-11-27,41175
2015-11-30,41861
2015-12-01,42185
2015-12-02,41984
2015-12-03,41222
2015-12-04,40983
2015-12-07,41277
2015-12-08,41598
2015-12-09,41443
2015-12-10,41237
2015-12-11,40616
2015-12-14,40266
2015-12-15,38194
2015-12-16,37123
2015-12-17,36048
2015-12-18,31767
2015-12-21,34145
2015-12-22,34290
2015-12-23,35565
2015-12-24,35652
2015-12-25,36095
2015-12-28,36169
2015-12-29,37346
2015-12-30,37485
2015-12-31,37457
2016-01-04,36146
2016-01-05,39192
2016-01-06,37980
2016-01-07,36037
2016-01-08,39009
2016-01-11,38832
2016-01-12,38588
2016-01-13,38712
2016-01-14,38490
2016-01-15,34554
2016-01-18,37293
2016-01-19,38680
2016-01-20,39359
2016-01-21,40745
2016-01-22,41766
2016-01-25,41971
2016-01-26,43783
2016-01-27,45757
2016-01-28,45880
2016-01-29,45587
2016-02-01,44759
2016-02-02,45024
2016-02-03,45186
2016-02-04,45619
2016-02-05,42709
2016-02-15,44142
2016-02-16,44025
2016-02-17,43775
2016-02-18,43944
2016-02-19,40942
2016-02-22,43556
2016-02-23,43745
2016-02-24,44813
2016-02-25,46373
2016-02-26,46446
2016-02-29,47907
2016-03-01,47509
2016-03-02,48695
2016-03-03,47425
2016-03-04,48052
2016-03-07,47948
2016-03-08,47671
2016-03-09,46841
2016-03-10,46861
2016-03-11,46888
2016-03-14,47324
2016-03-15,46635
2016-03-16,46225
2016-03-17,46452
2016-03-18,43148
2016-03-21,46306
2016-03-22,46661
2016-03-23,47373
2016-03-24,46834
2016-03-25,46925
2016-03-28,47726
2016-03-29,47107
2016-03-30,47517
2016-03-31,47318
2016-04-01,48187
2016-04-05,49365
2016-04-06,49226
2016-04-07,50086
2016-04-08,49067
2016-04-11,49614
2016-04-12,47809
2016-04-13,48940
2016-04-14,47289
2016-04-15,43218
2016-04-18,45082
2016-04-19,45319
2016-04-20,47280
2016-04-21,47262
2016-04-22,46520
2016-04-25,46115
2016-04-26,46112
2016-04-27,45955
2016-04-28,47327
2016-04-29,46166
2016-05-03,47805
2016-05-04,46553
2016-05-05,46533
2016-05-06,46839
2016-05-09,45958
2016-05-10,45250
2016-05-11,45120
2016-05-12,45509
2016-05-13,44260
2016-05-16,43975
2016-05-17,43352
2016-05-18,43275
2016-05-19,42486
2016-05-20,40155
2016-05-23,40469
2016-05-24,40619
2016-05-25,41306
2016-05-26,42249
2016-05-27,41411
2016-05-30,41920
2016-05-31,43304
2016-06-01,41892
2016-06-02,41625
2016-06-03,42857
2016-06-06,41495
2016-06-07,40860
2016-06-08,40178
2016-06-13,40336
2016-06-14,39355
2016-06-15,38776
2016-06-16,37301
2016-06-17,34968
2016-06-20,36404
2016-06-21,38427
2016-06-22,38402
2016-06-23,38551
2016-06-24,41224
2016-06-27,40369
2016-06-28,40749
2016-06-29,40664
2016-06-30,40405
2016-07-01,41115
2016-07-04,43048
2016-07-05,42464
2016-07-06,42392
2016-07-07,42220
2016-07-08,42415
2016-07-11,43520
2016-07-12,43251
2016-07-13,42306
2016-07-14,41811
2016-07-15,39065
2016-07-18,40908
2016-07-19,42112
2016-07-20,41966
2016-07-21,43663
2016-07-22,44668
2016-07-25,44663
2016-07-26,46008
2016-07-27,45686
2016-07-28,45826
2016-07-29,46223
2016-08-01,46832
2016-08-02,46400
2016-08-03,46491
2016-08-04,46091
2016-08-05,46174
2016-08-08,46278
2016-08-09,46151
2016-08-10,45832
2016-08-11,46817
2016-08-12,47018
2016-08-15,48099
2016-08-16,47498
2016-08-17,47295
2016-08-18,47008
2016-08-19,45187
2016-08-22,45730
2016-08-23,46824
2016-08-24,46540
2016-08-25,46990
2016-08-26,47232
2016-08-29,47082
2016-08-30,47821
2016-08-31,47988
2016-09-01,47755
2016-09-02,47777
2016-09-05,47787
2016-09-06,48029
2016-09-07,47495
2016-09-08,47225
2016-09-09,47307
2016-09-12,45780
2016-09-13,43982
2016-09-14,43606
2016-09-19,39037
2016-09-20,40048
2016-09-21,40824
2016-09-22,41767
2016-09-23,41860
2016-09-26,42896
2016-09-27,42411
2016-09-28,42067
2016-09-29,42576
2016-09-30,42050
2016-10-10,43170
2016-10-11,42676
2016-10-12,42682
2016-10-13,43374
2016-10-14,43398
2016-10-17,43150
2016-10-18,43341
2016-10-19,42458
2016-10-20,41581
2016-10-21,40639
2016-10-24,42199
2016-10-25,41970
2016-10-26,42192
2016-10-27,42558
2016-10-28,43158
2016-10-31,42647
2016-11-01,42727
2016-11-02,42563
2016-11-03,44359
2016-11-04,43082
2016-11-07,43049
2016-11-08,43698
2016-11-09,44392
2016-11-10,44051
2016-11-11,44478
2016-11-14,44572
2016-11-15,44114
2016-11-16,43336
2016-11-17,42538
2016-11-18,39541
2016-11-21,41665
2016-11-22,41636
2016-11-23,41036
2016-11-24,41228
2016-11-25,41298
2016-11-28,41154
2016-11-29,41224
2016-11-30,39965
2016-12-01,40116
2016-12-02,39851
2016-12-05,39586
2016-12-06,39276
2016-12-07,39536
2016-12-08,39640
2016-12-09,40634
2016-12-12,40935
2016-12-13,40339
2016-12-14,40018
2016-12-15,40165
2016-12-16,37477
2016-12-19,38140
2016-12-20,39212
2016-12-21,39366
2016-12-22,39523
2016-12-23,39807
2016-12-26,40632
2016-12-27,40073
2016-12-28,40152
2016-12-29,40328
2016-12-30,40093
2017-01-03,40676
2017-01-04,40407
2017-01-05,40869
2017-01-06,41323
2017-01-09,41773
2017-01-10,42010
2017-01-11,42815
2017-01-12,42724
2017-01-13,43400
2017-01-16,42856
2017-01-17,41264
2017-01-18,41203
2017-01-19,40352
2017-01-20,37417
2017-01-23,38047
2017-01-24,37670
2017-01-25,37776
2017-01-26,37767
2017-02-03,38510
2017-02-06,38430
2017-02-07,38567
2017-02-08,38954
2017-02-09,38868
2017-02-10,39132
2017-02-13,38449
2017-02-14,37879
2017-02-15,38125
2017-02-16,37589
2017-02-17,36615
2017-02-20,43712
2017-02-21,44621
2017-02-22,45175
2017-02-23,45790
2017-02-24,45969
2017-02-27,46941
2017-02-28,47478
2017-03-01,48967
2017-03-02,49042
2017-03-03,49508
2017-03-06,50025
2017-03-07,49166
2017-03-08,49487
2017-03-09,50434
2017-03-10,48929
2017-03-13,50550
2017-03-14,49836
2017-03-15,49842
2017-03-16,50823
2017-03-17,47327
2017-03-20,48553
2017-03-21,50252
2017-03-22,50894
2017-03-23,52289
2017-03-24,52651
2017-03-27,52044
2017-03-28,52603
2017-03-29,53530
2017-03-30,53171
2017-03-31,51528
2017-04-05,51725
2017-04-06,51124
2017-04-07,51279
2017-04-10,50333
2017-04-11,52530
2017-04-12,50858
2017-04-13,50640
2017-04-14,51253
2017-04-17,50776
2017-04-18,49301
2017-04-19,49325
2017-04-20,48008
2017-04-21,45326
2017-04-24,47243
2017-04-25,45633
2017-04-26,46307
2017-04-27,47398
2017-04-28,46642
2017-05-02,46567
2017-05-03,47460
2017-05-04,47431
2017-05-05,48102
2017-05-08,47713
2017-05-09,47323
2017-05-10,47138
2017-05-11,47936
2017-05-12,45883
2017-05-15,45281
2017-05-16,45353
2017-05-17,43773
2017-05-18,44420
2017-05-19,40751
2017-05-22,43423
2017-05-23,43218
2017-05-24,42720
2017-05-25,43560
2017-05-26,41969
2017-05-31,42348
2017-06-01,41721
2017-06-02,41592
2017-06-05,41223
2017-06-06,41333
2017-06-07,41680
2017-06-08,41482
2017-06-09,41242
2017-06-12,40869
2017-06-13,40653
2017-06-14,40472
2017-06-15,40604
2017-06-16,36055
2017-06-19,38190
2017-06-20,37706
2017-06-21,39024
2017-06-22,39838
2017-06-23,39953
2017-06-26,40313
2017-06-27,39772
2017-06-28,40364
2017-06-29,40318
2017-06-30,40124
2017-07-03,40286
2017-07-04,40045
2017-07-05,40169
2017-07-06,40469
2017-07-07,40155
2017-07-10,40712
2017-07-11,41042
2017-07-12,40423
2017-07-13,40566
2017-07-14,40261
2017-07-17,42106
2017-07-18,40574
2017-07-19,40813
2017-07-20,40125
2017-07-21,37523
2017-07-24,39328
2017-07-25,39811
2017-07-26,40694
2017-07-27,40375
2017-07-28,39756
2017-07-31,40249
2017-08-01,40187
2017-08-02,40918
2017-08-03,40775
2017-08-04,40849
2017-08-07,40552
2017-08-08,40545
2017-08-09,40525
2017-08-10,41850
2017-08-11,41461
2017-08-14,40397
2017-08-15,40633
2017-08-16,40653
2017-08-17,40120
2017-08-18,37195
2017-08-21,37759
2017-08-22,37748
2017-08-23,39023
2017-08-24,38829
2017-08-25,40095
2017-08-28,39545
2017-08-29,38932
2017-08-30,39421
2017-08-31,39963
2017-09-01,40450
2017-09-04,40138
2017-09-05,40566
2017-09-06,40063
2017-09-07,40410
2017-09-08,39630
2017-09-11,40350
2017-09-12,40142
2017-09-13,39297
2017-09-14,39350
2017-09-15,36208
2017-09-18,38808
2017-09-19,40070
2017-09-20,39899
2017-09-21,40122
2017-09-22,40048
2017-09-25,40488
2017-09-26,39703
2017-09-27,39955
2017-09-28,39374
2017-09-29,39918
2017-10-09,41286
2017-10-10,42237
2017-10-11,41097
2017-10-12,40951
2017-10-13,40623
2017-10-16,40804
2017-10-17,40112
2017-10-18,40015
2017-10-19,39917
2017-10-20,37776
2017-10-23,38481
2017-10-24,39611
2017-10-25,40485
2017-10-26,41689
2017-10-27,41079
2017-10-30,43022
2017-10-31,42312
2017-11-01,42847
2017-11-02,42214
2017-11-03,42991
2017-11-06,42154
2017-11-07,43042
2017-11-08,43090
2017-11-09,42072
2017-11-10,42902
2017-11-13,42077
2017-11-14,42928
2017-11-15,43347
2017-11-16,42754
2017-11-17,40605
2017-11-20,41082
2017-11-21,41235
2017-11-22,41673
2017-11-23,42836
2017-11-24,42492
2017-11-27,41278
2017-11-28,41503
2017-11-29,42115
2017-11-30,41517
2017-12-01,41126
2017-12-04,40629
2017-12-05,40417
2017-12-06,41660
2017-12-07,40600
2017-12-08,40670
2017-12-11,39940
2017-12-12,39663
2017-12-13,39993
2017-12-14,39598
2017-12-15,38539
2017-12-18,38682
2017-12-19,39214
2017-12-20,39052
2017-12-21,39707
2017-12-22,38631
2017-12-25,39494
2017-12-26,40068
2017-12-27,39910
2017-12-28,39691
2017-12-29,38548
2018-01-02,38931
2018-01-03,39093
2018-01-04,38700
2018-01-05,38580
2018-01-08,39098
2018-01-09,39746
2018-01-10,40527
2018-01-11,39757
2018-01-12,40725
2018-01-15,40960
2018-01-16,41433
2018-01-17,41326
2018-01-18,41071
2018-01-19,39908
2018-01-22,39989
2018-01-23,40844
2018-01-24,40879
2018-01-25,41078
2018-01-26,40806
2018-01-29,42404
2018-01-30,42117
2018-01-31,42054
2018-02-01,43283
2018-02-02,42383
2018-02-05,42323
2018-02-06,43954
2018-02-07,43450
2018-02-08,42765
2018-02-09,43795
2018-02-12,41724
2018-02-13,40389
2018-02-14,38827
2018-02-22,36932
2018-02-23,38155
2018-02-26,39187
2018-02-27,38870
2018-02-28,40101
2018-03-01,40543
2018-03-02,40413
2018-03-05,39979
2018-03-06,40640
2018-03-07,41098
2018-03-08,41034
2018-03-09,40675
2018-03-12,40279
2018-03-13,40114
2018-03-14,39918
2018-03-15,39706
2018-03-16,37366
2018-03-19,38936
2018-03-20,39367
2018-03-21,41038
2018-03-22,42625
2018-03-23,44181
2018-03-26,42926
2018-03-27,42336
2018-03-28,43654
2018-03-29,43717
2018-03-30,42213
2018-04-02,43562
2018-04-03,43309
2018-04-04,43042
2018-04-09,43237
2018-04-10,43435
2018-04-11,41981
2018-04-12,41988
2018-04-13,41892
2018-04-16,43067
2018-04-17,43156
2018-04-18,43140
2018-04-19,41001
2018-04-20,39911
2018-04-23,41456
2018-04-24,40905
2018-04-25,40166
2018-04-26,42077
2018-04-27,41774
2018-05-02,41364
2018-05-03,42057
2018-05-04,41872
2018-05-07,42748
2018-05-08,41495
2018-05-09,41177
2018-05-10,41953
2018-05-11,41440
2018-05-14,41229
2018-05-15,41028
2018-05-16,40555
2018-05-17,40616
2018-05-18,39604
2018-05-21,40772
2018-05-22,40833
2018-05-23,40871
2018-05-24,40981
2018-05-25,41754
2018-05-28,42061
2018-05-29,42748
2018-05-30,43473
2018-05-31,44357
2018-06-01,43977
2018-06-04,43329
2018-06-05,42661
2018-06-06,42099
2018-06-07,43204
2018-06-08,43001
2018-06-11,43830
2018-06-12,43204
2018-06-13,42280
2018-06-14,43892
2018-06-15,40707
2018-06-19,44042
2018-06-20,44026
2018-06-21,44499
2018-06-22,44063
2018-06-25,45045
2018-06-26,46470
2018-06-27,47954
2018-06-28,48876
2018-06-29,48125
2018-07-02,49347
2018-07-03,52030
2018-07-04,51379
2018-07-05,52195
2018-07-06,52419
2018-07-09,50361
2018-07-10,50920
2018-07-11,51490
2018-07-12,50457
2018-07-13,48905
2018-07-16,50539
2018-07-17,52012
2018-07-18,51434
2018-07-19,50839
2018-07-20,49308
2018-07-23,48629
2018-07-24,48802
2018-07-25,47561
2018-07-26,49109
2018-07-27,49172
2018-07-30,50003
2018-07-31,49345
2018-08-01,51987
2018-08-02,51954
2018-08-03,50622
2018-08-06,52220
2018-08-07,50815
2018-08-08,50384
2018-08-09,52512
2018-08-10,50590
2018-08-13,52244
2018-08-14,51636
2018-08-15,52596
2018-08-16,54311
2018-08-17,51446
2018-08-20,53444
2018-08-21,52872
2018-08-22,52214
2018-08-23,55741
2018-08-24,54184
2018-08-27,53281
2018-08-28,52182
2018-08-29,52445
2018-08-30,53347
2018-08-31,54714
2018-09-03,54406
2018-09-04,55682
2018-09-05,55105
2018-09-06,56955
2018-09-07,57681
2018-09-10,57011
2018-09-11,57633
2018-09-12,58271
2018-09-13,59284
2018-09-14,57471
2018-09-17,57043
2018-09-18,59085
2018-09-19,57059
2018-09-20,54248
2018-09-21,55166
2018-09-25,54072
2018-09-26,55498
2018-09-27,53374
2018-09-28,53487
2018-10-08,54792
2018-10-09,54943
2018-10-10,56492
2018-10-11,59148
2018-10-12,58490
2018-10-15,57497
2018-10-16,59744
2018-10-17,62164
2018-10-18,62573
2018-10-19,60387
2018-10-22,62668
2018-10-23,63175
2018-10-24,64164
2018-10-25,64903
2018-10-26,62840
2018-10-29,63987
2018-10-30,65576
2018-10-31,64431
2018-11-01,65696
2018-11-02,65190
2018-11-05,64007
2018-11-06,64668
2018-11-07,67463
2018-11-08,66139
2018-11-09,64955
2018-11-12,65148
2018-11-13,66029
2018-11-14,62543
2018-11-15,63788
2018-11-16,61560
2018-11-19,62059
2018-11-20,60708
2018-11-21,60810
2018-11-22,61058
2018-11-23,63051
2018-11-26,62798
2018-11-27,63212
2018-11-28,63187
2018-11-29,63123
2018-11-30,63394
2018-12-03,65553
2018-12-04,70686
2018-12-05,72700
2018-12-06,72998
2018-12-07,70235
2018-12-10,73536
2018-12-11,71901
2018-12-12,73415
2018-12-13,75168
2018-12-14,73879
2018-12-17,76163
2018-12-18,79794
2018-12-19,77085
2018-12-20,82534
2018-12-21,75159
2018-12-24,75308
2018-12-25,78150
2018-12-26,74611
2018-12-27,76252
2018-12-28,76320
2019-01-02,77404
2019-01-03,80235
2019-01-04,82952
2019-01-07,79254
2019-01-08,77330
2019-01-09,84117
2019-01-10,80026
2019-01-11,83233
2019-01-14,77537
2019-01-15,84869
2019-01-16,77537
2019-01-17,82431
2019-01-18,81636
2019-01-21,78429
2019-01-22,78147
2019-01-23,79024
2019-01-24,82413
2019-01-25,80852
2019-01-28,83334
2019-01-29,84807
2019-01-30,80405
2019-01-31,80933
2019-02-01,75447
2019-02-11,79621
2019-02-12,79444
2019-02-13,86196
2019-02-14,83184
2019-02-15,80757
2019-02-18,84412
2019-02-19,87341
2019-02-20,85913
2019-02-21,91872
2019-02-22,89741
2019-02-25,96491
2019-02-26,100690
2019-02-27,103543
2019-02-28,102616
2019-03-01,105597
2019-03-04,108596
2019-03-05,107029
2019-03-06,110562
2019-03-07,109092
2019-03-08,117416
2019-03-11,110099
2019-03-12,111622
2019-03-13,110432
2019-03-14,108459
2019-03-15,106093
2019-03-18,108793
2019-03-19,106020
2019-03-20,111041
2019-03-21,111569
2019-03-22,110172
2019-03-25,110711
2019-03-26,109727
2019-03-27,109958
2019-03-28,109663
2019-03-29,114906
2019-04-01,112601
2019-04-02,109996
2019-04-03,117738
2019-04-04,122134
2019-04-08,121546
2019-04-09,122232
2019-04-10,124348
2019-04-11,126721
2019-04-12,123645
2019-04-15,123970
2019-04-16,121945
2019-04-17,118209
2019-04-18,111758
2019-04-19,120599
2019-04-22,122739
2019-04-23,125190
2019-04-24,129973
2019-04-25,129397
2019-04-26,132304
2019-04-29,127701
2019-04-30,121870
2019-05-06,135871
2019-05-07,125331
2019-05-08,124946
2019-05-09,133906
2019-05-10,143566
2019-05-13,122130
2019-05-14,128929
2019-05-15,122817
2019-05-16,113045
2019-05-17,114624
2019-05-20,119550
2019-05-21,119395
2019-05-22,113533
2019-05-23,122360
2019-05-24,116772
2019-05-27,129477
2019-05-28,122901
2019-05-29,121665
2019-05-30,122418
2019-05-31,121827
2019-06-03,127668
2019-06-04,122184
2019-06-05,124829
2019-06-06,122332
2019-06-10,123324
2019-06-11,131557
2019-06-12,118486
2019-06-13,128975
2019-06-14,118734
2019-06-17,120750
2019-06-18,120855
2019-06-19,123982
2019-06-20,134540
2019-06-21,114711
2019-06-24,112640
2019-06-25,125475
2019-06-26,113365
2019-06-27,124313
2019-06-28,114836
2019-07-01,126418
2019-07-02,114402
2019-07-03,119890
2019-07-04,120032
2019-07-05,117738
2019-07-08,125032
2019-07-09,114612
2019-07-10,112338
2019-07-11,122117
2019-07-12,118972
2019-07-15,129951
2019-07-16,114679
2019-07-17,117241
2019-07-18,109355
2019-07-19,117983
2019-07-22,114129
2019-07-23,108423
2019-07-24,116168
2019-07-25,113371
2019-07-26,110119
2019-07-29,107449
2019-07-30,111154
2019-07-31,106316
2019-08-01,112433
2019-08-02,110918
2019-08-05,119144
2019-08-06,124424
2019-08-07,116292
2019-08-08,118172
2019-08-09,113887
2019-08-12,119735
2019-08-13,112554
2019-08-14,113157
2019-08-15,117501
2019-08-16,112054
2019-08-19,119678
2019-08-20,112153
2019-08-21,108969
2019-08-22,110599
2019-08-23,121650
2019-08-26,114696
2019-08-27,129147
2019-08-28,115407
2019-08-29,118820
2019-08-30,116295
2019-09-02,122249
2019-09-03,111749
2019-09-04,124644
2019-09-05,128407
2019-09-06,124818
2019-09-09,123410
2019-09-10,119734
2019-09-11,127001
2019-09-12,123287
2019-09-16,121998
2019-09-17,125910
2019-09-18,112690
2019-09-19,112765
2019-09-20,105142
2019-09-23,112986
2019-09-24,112778
2019-09-25,109674
2019-09-26,112700
2019-09-27,104956
2019-09-30,109116
2019-10-08,107993
2019-10-09,107638
2019-10-10,109120
2019-10-11,113267
2019-10-14,117386
2019-10-15,109243
2019-10-16,115070
2019-10-17,106830
2019-10-18,112404
2019-10-21,105752
2019-10-22,110034
2019-10-23,106819
2019-10-24,112563
2019-10-25,115962
2019-10-28,112037
2019-10-29,105898
2019-10-30,110061
2019-10-31,106767
2019-11-01,124795
2019-11-04,114440
2019-11-05,128554
2019-11-06,115391
2019-11-07,122027
2019-11-08,116878
2019-11-11,114787
2019-11-12,114694
2019-11-13,110634
2019-11-14,109811
2019-11-15,108404
2019-11-18,108771
2019-11-19,111050
2019-11-20,107122
2019-11-21,111175
2019-11-22,123386
2019-11-25,112506
2019-11-26,113002
2019-11-27,108749
2019-11-28,108984
2019-11-29,119741
2019-12-02,108146
2019-12-03,113389
2019-12-04,108684
2019-12-05,120069
2019-12-06,111866
2019-12-09,114028
2019-12-10,109193
2019-12-11,113791
2019-12-12,108035
2019-12-13,129900
2019-12-16,116168
2019-12-17,139954
2019-12-18,124838
2019-12-19,124580
2019-12-20,118027
2019-12-23,121126
2019-12-24,113846
2019-12-25,118446
2019-12-26,121791
2019-12-27,132091
2019-12-30,134078
2019-12-31,125583
2020-01-02,138553
2020-01-03,128654
2020-01-06,139591
2020-01-07,132464
2020-01-08,139074
2020-01-09,129942
2020-01-10,129623
2020-01-13,133520
2020-01-14,127591
2020-01-15,132615
2020-01-16,126451
2020-01-17,125513
2020-01-20,122832
2020-01-21,129545
2020-01-22,133645
2020-01-23,131696
2020-02-03,136863
2020-02-04,136304
2020-02-05,138953
2020-02-06,145460
2020-02-07,139351
2020-02-10,142205
2020-02-11,139917
2020-02-12,137851
2020-02-13,139538
2020-02-14,143846
2020-02-17,142428
2020-02-18,135126
2020-02-19,137910
2020-02-20,146810
2020-02-21,134573
2020-02-24,143520
2020-02-25,147035
2020-02-26,144598
2020-02-27,137941
2020-02-28,148875
2020-03-02,143968
2020-03-03,143477
2020-03-04,139409
2020-03-05,151640
2020-03-06,137498
2020-03-09,148476
2020-03-10,151011
2020-03-11,146824
2020-03-12,149811
2020-03-13,160969
2020-03-16,155417
2020-03-17,173007
2020-03-18,163969
2020-03-19,177298
2020-03-20,149520
2020-03-23,152858
2020-03-24,157811
2020-03-25,152697
2020-03-26,148655
2020-03-27,154347
2020-03-30,146903
2020-03-31,147983
2020-04-01,155187
2020-04-02,154038
2020-04-03,147565
2020-04-07,150035
2020-04-08,146986
2020-04-09,141804
2020-04-10,157238
2020-04-13,140955
2020-04-14,152374
2020-04-15,140439
2020-04-16,143248
2020-04-17,148113
2020-04-20,136814
2020-04-21,151426
2020-04-22,143423
2020-04-23,145992
2020-04-24,139325
2020-04-27,150876
2020-04-28,156091
2020-04-29,143651
2020-04-30,147599
2020-05-06,144082
2020-05-07,140715
2020-05-08,146034
2020-05-11,140567
2020-05-12,138510
2020-05-13,133700
2020-05-14,132453
2020-05-15,129744
2020-05-18,133150
2020-05-19,126810
2020-05-20,129836
2020-05-21,132182
2020-05-22,148197
2020-05-25,134521
2020-05-26,135207
2020-05-27,135819
2020-05-28,156052
2020-05-29,138484
2020-06-01,148416
2020-06-02,135932
2020-06-03,142916
2020-06-04,134138
2020-06-05,140333
2020-06-08,143623
2020-06-09,144972
2020-06-10,137150
2020-06-11,154801
2020-06-12,150220
2020-06-15,152073
2020-06-16,146704
2020-06-17,145929
2020-06-18,156273
2020-06-19,155171
2020-06-22,153366
2020-06-23,155658
2020-06-24,149283
2020-06-29,155038
2020-06-30,151525
2020-07-01,166742
2020-07-02,172013
2020-07-03,174449
2020-07-06,189906
2020-07-07,187500
2020-07-08,189777
2020-07-09,187448
2020-07-10,188993
2020-07-13,192305
2020-07-14,188249
2020-07-15,195305
2020-07-16,199062
2020-07-17,184773
2020-07-20,182123
2020-07-21,169591
2020-07-22,187839
2020-07-23,186286
2020-07-24,191817
2020-07-27,177870
2020-07-28,176695
2020-07-29,190100
2020-07-30,176843
2020-07-31,198556
2020-08-03,176626
2020-08-04,181578
2020-08-05,174800
2020-08-06,185428
2020-08-07,178014
2020-08-10,177042
2020-08-11,179672
2020-08-12,185344
2020-08-13,173810
2020-08-14,185807
2020-08-17,189365
2020-08-18,179194
2020-08-19,186220
2020-08-20,180075
2020-08-21,169289
2020-08-24,170434
2020-08-25,175640
2020-08-26,181071
2020-08-27,175449
2020-08-28,195343
2020-08-31,187018
2020-09-01,183465
2020-09-02,187724
2020-09-03,183945
2020-09-04,182885
2020-09-07,193362
2020-09-08,186073
2020-09-09,204240
2020-09-10,190060
2020-09-11,185678
2020-09-14,183970
2020-09-15,185770
2020-09-16,175090
2020-09-17,188248
2020-09-18,190347
2020-09-21,178939
2020-09-22,186408
2020-09-23,173391
2020-09-24,189954
2020-09-25,178214
2020-09-28,180713
2020-09-29,173195
2020-09-30,176956
2020-10-09,168822
2020-10-12,187402
2020-10-13,176489
2020-10-14,175439
2020-10-15,177106
2020-10-16,180675
2020-10-19,186761
2020-10-20,176371
2020-10-21,179083
2020-10-22,183378
2020-10-23,184607
2020-10-26,182512
2020-10-27,177658
2020-10-28,184923
2020-10-29,191701
2020-10-30,191715
2020-11-02,184753
2020-11-03,193521
2020-11-04,187603
2020-11-05,197049
2020-11-06,190100
2020-11-09,206910
2020-11-10,195749
2020-11-11,196800
2020-11-12,191229
2020-11-13,198399
2020-11-16,181743
2020-11-17,183704
2020-11-18,182063
2020-11-19,187599
2020-11-20,174310
2020-11-23,193291
2020-11-24,181514
2020-11-25,190426
2020-11-26,181770
2020-11-27,189735
2020-11-30,199200
2020-12-01,194719
2020-12-02,193414
2020-12-03,190382
2020-12-04,191991
2020-12-07,190071
2020-12-08,187388
2020-12-09,196531
2020-12-10,189519
2020-12-11,197947
2020-12-14,182971
2020-12-15,185131
2020-12-16,177229
2020-12-17,190499
2020-12-18,174812
2020-12-21,183045
2020-12-22,181982
2020-12-23,184854
2020-12-24,177377
2020-12-25,182123
2020-12-28,185384
2020-12-29,184611
2020-12-30,190068
2020-12-31,203224
2021-01-04,197855
2021-01-05,202646
2021-01-06,204024
2021-01-07,210288
2021-01-08,207231
2021-01-11,210436
2021-01-12,206395
2021-01-13,210744
2021-01-14,206148
2021-01-15,204827
2021-01-18,194552
2021-01-19,200403
2021-01-20,198341
2021-01-21,202986
2021-01-22,193992
2021-01-25,203702
2021-01-26,198247
2021-01-27,199825
2021-01-28,211230
2021-01-29,212455
2021-02-01,202589
2021-02-02,201418
2021-02-03,201833
2021-02-04,208493
2021-02-05,203943
2021-02-08,200375
2021-02-09,202391
2021-02-10,196125
2021-02-18,203767
2021-02-19,191472
2021-02-22,206790
2021-02-23,200643
2021-02-24,220347
2021-02-25,206345
2021-02-26,222598
2021-03-01,206646
2021-03-02,219855
2021-03-03,203215
2021-03-04,225704
2021-03-05,220032
2021-03-08,233463
2021-03-09,230561
2021-03-10,221556
2021-03-11,221815
2021-03-12,217929
2021-03-15,224702
2021-03-16,218167
2021-03-17,228224
2021-03-18,221019
2021-03-19,217251
2021-03-22,207478
2021-03-23,214248
2021-03-24,218064
2021-03-25,214441
2021-03-26,218148
2021-03-29,208421
2021-03-30,210393
2021-03-31,206868
2021-04-01,206704
2021-04-02,205462
2021-04-06,204747
2021-04-07,210540
2021-04-08,208399
2021-04-09,214253
2021-04-12,217239
2021-04-13,215716
2021-04-14,210703
2021-04-15,218305
2021-04-16,208542
2021-04-19,222783
2021-04-20,210509
2021-04-21,212963
2021-04-22,213017
2021-04-23,216192
2021-04-26,220925
2021-04-27,210586
2021-04-28,214890
2021-04-29,214746
2021-04-30,215604
2021-05-06,226025
2021-05-07,225290
2021-05-10,224444
2021-05-11,223744
2021-05-12,219484
2021-05-13,223479
2021-05-14,227410
2021-05-17,222182
2021-05-18,215663
2021-05-19,214904
2021-05-20,219858
2021-05-21,218198
2021-05-24,210684
2021-05-25,231357
2021-05-26,217035
2021-05-27,228736
2021-05-28,225931
2021-05-31,221629
2021-06-01,229468
2021-06-02,222962
2021-06-03,225177
2021-06-04,234104
2021-06-07,213893
2021-06-08,235589
2021-06-09,216456
2021-06-10,230722
2021-06-11,219938
2021-06-15,224792
2021-06-16,221715
2021-06-17,220016
2021-06-18,217618
2021-06-21,213545
2021-06-22,215196
2021-06-23,217146
2021-06-24,206561
2021-06-25,221875
2021-06-28,207579
2021-06-29,214070
2021-06-30,206180
2021-07-01,229026
2021-07-02,219154
2021-07-05,214368
2021-07-06,230021
2021-07-07,218887
2021-07-08,217701
2021-07-09,225837
2021-07-12,218591
2021-07-13,208757
2021-07-14,216704
2021-07-15,211638
2021-07-16,196286
2021-07-19,208064
2021-07-20,197242
2021-07-21,209576
2021-07-22,198101
2021-07-23,204524
2021-07-26,227746
2021-07-27,223608
2021-07-28,226312
2021-07-29,211975
2021-07-30,214821
2021-08-02,216102
2021-08-03,201507
2021-08-04,202663
2021-08-05,203256
2021-08-06,199052
2021-08-09,207020
2021-08-10,203579
2021-08-11,195332
2021-08-12,194242
2021-08-13,203963
2021-08-16,195571
2021-08-17,211166
2021-08-18,200202
2021-08-19,204249
2021-08-20,208225
2021-08-23,194027
2021-08-24,197423
2021-08-25,190709
2021-08-26,206901
2021-08-27,203665
2021-08-30,205746
2021-08-31,211643
2021-09-01,218762
2021-09-02,204010
2021-09-03,209867
2021-09-06,205263
2021-09-07,202107
2021-09-08,197465
2021-09-09,194996
2021-09-10,210587
2021-09-13,199832
2021-09-14,206941
2021-09-15,200880
2021-09-16,213064
2021-09-17,192668
2021-09-22,192725
2021-09-23,192177
2021-09-24,195862
2021-09-27,203953
2021-09-28,190049
2021-09-29,198780
2021-09-30,182349
2021-10-08,193262
2021-10-11,181433
2021-10-12,191992
2021-10-13,181707
2021-10-14,178194
2021-10-15,174294
2021-10-18,185079
2021-10-19,174396
2021-10-20,180149
2021-10-21,185208
2021-10-22,187103
2021-10-25,182700
2021-10-26,184118
2021-10-27,183201
2021-10-28,182215
2021-10-29,184052
2021-11-01,180259
2021-11-02,201253
2021-11-03,189858
2021-11-04,186332
2021-11-05,184989
2021-11-08,185760
2021-11-09,190284
2021-11-10,199377
2021-11-11,186978
2021-11-12,180918
2021-11-15,180592
2021-11-16,186289
2021-11-17,177491
2021-11-18,185181
2021-11-19,178243
2021-11-22,170991
2021-11-23,172356
2021-11-24,177987
2021-11-25,169665
2021-11-26,176045
2021-11-29,178718
2021-11-30,183134
2021-12-01,178093
2021-12-02,181489
2021-12-03,180106
2021-12-06,181993
2021-12-07,180939
2021-12-08,194101
2021-12-09,206783
2021-12-10,200000
2021-12-13,209831
2021-12-14,199421
2021-12-15,199366
2021-12-16,197161
2021-12-17,192135
2021-12-20,203506
2021-12-21,196657
2021-12-22,194756
2021-12-23,200798
2021-12-24,194790
2021-12-27,198925
2021-12-28,201872
2021-12-29,201739
2021-12-30,198287
2021-12-31,193556
2022-01-04,205113
2022-01-05,206351
2022-01-06,206870
2022-01-07,199263
2022-01-10,198561
2022-01-11,200649
2022-01-12,199011
2022-01-13,207111
2022-01-14,202756
2022-01-17,199134
2022-01-18,201143
2022-01-19,201737
2022-01-20,210317
2022-01-21,196308
2022-01-24,199250
2022-01-25,205217
2022-01-26,203010
2022-01-27,207133
2022-01-28,208396
2022-02-07,200897
2022-02-08,213536
2022-02-09,203594
2022-02-10,202327
2022-02-11,212297
2022-02-14,206578
2022-02-15,203904
2022-02-16,197280
2022-02-17,202830
2022-02-18,190407
2022-02-21,196083
2022-02-22,205033
2022-02-23,194572
2022-02-24,217890
2022-02-25,202955
2022-02-28,203209
2022-03-01,199654
2022-03-02,200315
2022-03-03,204189
2022-03-04,213163
2022-03-07,218887
2022-03-08,218447
2022-03-09,225371
2022-03-10,212174
2022-03-11,227849
2022-03-14,222467
2022-03-15,238384
2022-03-16,226788
2022-03-17,219283
2022-03-18,204288
2022-03-21,202032
2022-03-22,205381
2022-03-23,209665
2022-03-24,210184
2022-03-25,216211
2022-03-28,223504
2022-03-29,214970
2022-03-30,221988
2022-03-31,206208
2022-04-01,217725
2022-04-06,204616
2022-04-07,219008
2022-04-08,210263
2022-04-11,223125
2022-04-12,215439
2022-04-13,209026
2022-04-14,214887
2022-04-15,199821
2022-04-18,204013
2022-04-19,209101
2022-04-20,217097
2022-04-21,229009
2022-04-22,217064
2022-04-25,241271
2022-04-26,233107
2022-04-27,230686
2022-04-28,219471
2022-04-29,227512
2022-05-05,212531
2022-05-06,223001
2022-05-09,217626
2022-05-10,227823
2022-05-11,217865
2022-05-12,217435
2022-05-13,215915
2022-05-16,220269
2022-05-17,216877
2022-05-18,219582
2022-05-19,223072
2022-05-20,212619
2022-05-23,210406
2022-05-24,215292
2022-05-25,210237
2022-05-26,224246
2022-05-27,216219
2022-05-30,213154
2022-05-31,221987
2022-06-01,208560
2022-06-02,211578
2022-06-06,221006
2022-06-07,209493
2022-06-08,221406
2022-06-09,210637
2022-06-10,216083
2022-06-13,213509
2022-06-14,216857
2022-06-15,231328
2022-06-16,215355
2022-06-17,206454
2022-06-20,198036
2022-06-21,204472
2022-06-22,196482
2022-06-23,202151
2022-06-24,202157
2022-06-27,206301
2022-06-28,204366
2022-06-29,210785
2022-06-30,212087
2022-07-01,204286
2022-07-04,206619
2022-07-05,214731
2022-07-06,207340
2022-07-07,198918
2022-07-08,201483
2022-07-11,206261
2022-07-12,207318
2022-07-13,197657
2022-07-14,200535
2022-07-15,197647
2022-07-18,190685
2022-07-19,191106
2022-07-20,184168
2022-07-21,190053
2022-07-22,191591
2022-07-25,183508
2022-07-26,187233
2022-07-27,185033
2022-07-28,196297
2022-07-29,198010
2022-08-01,192176
2022-08-02,197954
2022-08-03,193999
2022-08-04,188112
2022-08-05,194348
2022-08-08,184419
2022-08-09,187115
2022-08-10,188699
2022-08-11,194116
2022-08-12,181531
2022-08-15,186660
2022-08-16,179865
2022-08-17,192873
2022-08-18,182539
2022-08-19,177576
2022-08-22,176621
2022-08-23,177891
2022-08-24,183379
2022-08-25,179226
2022-08-26,172372
2022-08-29,175351
2022-08-30,179231
2022-08-31,185064
2022-09-01,175949
2022-09-02,180675
2022-09-05,177554
2022-09-06,179415
2022-09-07,172419
2022-09-08,171272
2022-09-09,176508
2022-09-13,173096
2022-09-14,178687
2022-09-15,185818
2022-09-16,175650
2022-09-19,170541
2022-09-20,167010
2022-09-21,176481
2022-09-22,169475
2022-09-23,185123
2022-09-26,180546
2022-09-27,179205
2022-09-28,173626
2022-09-29,181714
2022-09-30,178438
2022-10-10,184805
2022-10-11,179181
2022-10-12,193476
2022-10-13,182395
2022-10-14,181673
2022-10-17,173019
2022-10-18,179271
2022-10-19,178426
2022-10-20,190146
2022-10-21,174512
2022-10-24,197912
2022-10-25,191003
2022-10-26,188753
2022-10-27,189567
2022-10-28,198196
2022-10-31,199183
2022-11-01,201127
2022-11-02,196138
2022-11-03,189267
2022-11-04,203501
2022-11-07,196617
2022-11-08,197520
2022-11-09,194752
2022-11-10,202179
2022-11-11,218426
2022-11-14,206847
2022-11-15,216042
2022-11-16,202916
2022-11-17,209086
2022-11-18,195897
2022-11-21,197108
2022-11-22,200675
2022-11-23,197437
2022-11-24,195783
2022-11-25,198252
2022-11-28,205882
2022-11-29,206192
2022-11-30,195887
2022-12-01,207128
2022-12-02,204559
2022-12-05,214050
2022-12-06,212392
2022-12-07,217108
2022-12-08,207324
2022-12-09,217533
2022-12-12,201093
2022-12-13,202127
2022-12-14,204525
2022-12-15,202596
2022-12-16,197983
2022-12-19,201746
2022-12-20,203960
2022-12-21,197671
2022-12-22,207113
2022-12-23,200616
2022-12-26,198628
2022-12-27,204460
2022-12-28,198832
2022-12-29,199991
2022-12-30,197214
2023-01-03,214290
2023-01-04,199968
2023-01-05,211051
2023-01-06,204109
2023-01-09,209635
2023-01-10,201639
2023-01-11,209675
2023-01-12,203107
2023-01-13,215689
2023-01-16,233021
2023-01-17,224713
2023-01-18,221943
2023-01-19,226645
2023-01-20,213645
2023-01-30,223473
2023-01-31,225333
2023-02-01,231905
2023-02-02,222141
2023-02-03,225028
2023-02-06,214682
2023-02-07,209578
2023-02-08,209542
2023-02-09,212633
2023-02-10,205502
2023-02-13,210015
2023-02-14,202746
2023-02-15,206265
2023-02-16,221681
2023-02-17,206629
2023-02-20,207905
2023-02-21,203349
2023-02-22,205331
2023-02-23,203883
2023-02-24,207876
2023-02-27,202826
2023-02-28,211733
2023-03-01,216064
2023-03-02,202897
2023-03-03,210181
2023-03-06,209086
2023-03-07,214927
2023-03-08,205715
2023-03-09,212520
2023-03-10,207331
2023-03-13,209294
2023-03-14,210507
2023-03-15,205623
2023-03-16,213546
2023-03-17,211100
2023-03-20,199877
2023-03-21,200024
2023-03-22,195305
2023-03-23,199307
2023-03-24,192889
2023-03-27,202742
2023-03-28,196558
2023-03-29,198911
2023-03-30,206463
2023-03-31,196503
2023-04-03,201700
2023-04-04,197280
2023-04-06,194369
2023-04-07,196613
2023-04-10,200438
2023-04-11,201407
2023-04-12,195995
2023-04-13,207228
2023-04-14,200453
2023-04-17,208408
2023-04-18,202602
2023-04-19,206326
2023-04-20,205359
2023-04-21,205567
2023-04-24,209759
2023-04-25,216001
2023-04-26,212087
2023-04-27,210732
2023-04-28,205866
2023-05-04,205143
2023-05-05,205664
2023-05-08,206212
2023-05-09,211041
2023-05-10,210507
2023-05-11,204150
2023-05-12,214896
2023-05-15,211528
2023-05-16,206394
2023-05-17,210762
2023-05-18,211606
2023-05-19,203392
2023-05-22,208846
2023-05-23,207542
2023-05-24,218309
2023-05-25,216745
2023-05-26,220619
2023-05-29,217207
2023-05-30,225153
2023-05-31,216796
2023-06-01,220619
2023-06-02,211047
2023-06-05,209427
2023-06-06,220615
2023-06-07,214281
2023-06-08,217922
2023-06-09,210249
2023-06-12,218558
2023-06-13,212437
2023-06-14,215880
2023-06-15,216491
2023-06-16,202673
2023-06-19,199748
2023-06-20,201490
2023-06-21,202407
2023-06-26,210585
2023-06-27,203548
2023-06-28,207492
2023-06-29,204049
2023-06-30,205726
2023-07-03,208026
2023-07-04,200320
2023-07-05,205046
2023-07-06,208061
2023-07-07,212044
2023-07-10,209848
2023-07-11,209010
2023-07-12,211653
2023-07-13,215559
2023-07-14,209574
2023-07-17,208821
2023-07-18,211213
2023-07-19,214868
2023-07-20,223750
2023-07-21,214693
2023-07-24,214881
2023-07-25,227385
2023-07-26,215248
2023-07-27,219813
2023-07-28,239797
2023-07-31,243911
2023-08-01,239859
2023-08-02,247425
2023-08-03,243123
2023-08-04,262497
2023-08-07,247111
2023-08-08,254863
2023-08-09,247760
2023-08-10,264979
2023-08-11,264656
2023-08-14,259073
2023-08-15,256823
2023-08-16,252394
2023-08-17,260946
2023-08-18,247494
2023-08-21,257458
2023-08-22,263483
2023-08-23,257148
2023-08-24,259402
2023-08-25,264834
2023-08-28,290513
2023-08-29,274318
2023-08-30,266376
2023-08-31,267647
2023-09-01,261446
2023-09-04,268637
2023-09-05,260052
2023-09-06,264162
2023-09-07,266646
2023-09-08,259850
2023-09-11,269842
2023-09-12,260485
2023-09-13,267989
2023-09-14,263753
2023-09-15,254967
2023-09-18,252645
2023-09-19,248937
2023-09-20,245108
2023-09-21,259821
2023-09-22,263559
2023-09-25,252539
2023-09-26,255449
2023-09-27,263490
2023-09-28,260022
2023-10-09,276414
2023-10-10,267283
2023-10-11,268045
2023-10-12,269844
2023-10-13,266309
2023-10-16,275573
2023-10-17,267879
2023-10-18,276239
2023-10-19,286856
2023-10-20,269689
2023-10-23,273369
2023-10-24,278530
2023-10-25,270265
2023-10-26,276026
2023-10-27,277438
2023-10-30,270878
2023-10-31,266514
2023-11-01,268533
2023-11-02,265520
2023-11-03,273593
2023-11-06,274225
2023-11-07,270881
2023-11-08,274517
2023-11-09,269408
2023-11-10,267530
2023-11-13,270547
2023-11-14,272157
2023-11-15,272594
2023-11-16,270829
2023-11-17,263451
2023-11-20,265374
2023-11-21,272544
2023-11-22,267670
2023-11-23,274578
2023-11-24,268887
2023-11-27,273960
2023-11-28,264862
2023-11-29,274138
2023-11-30,268787
2023-12-01,286565
2023-12-04,275159
2023-12-05,284037
2023-12-06,271729
2023-12-07,273741
2023-12-08,265601
2023-12-11,281674
2023-12-12,267878
2023-12-13,279734
2023-12-14,278601
2023-12-15,272093
2023-12-18,263142
2023-12-19,267666
2023-12-20,268730
2023-12-21,279913
2023-12-22,278686
2023-12-25,266498
2023-12-26,269675
2023-12-27,270893
2023-12-28,291028
2023-12-29,273503
2024-01-02,271999
2024-01-03,269500
2024-01-04,281230
2024-01-05,274596
2024-01-08,281180
2024-01-09,273094
2024-01-10,278255
2024-01-11,276920
2024-01-12,274426
2024-01-15,275158
2024-01-16,288424
2024-01-17,284538
2024-01-18,299595
2024-01-19,278448
2024-01-22,282986
2024-01-23,278858
2024-01-24,283283
2024-01-25,275347
2024-01-26,273067
2024-01-29,267525
2024-01-30,273069
2024-01-31,269180
2024-02-01,272605
2024-02-02,282342
2024-02-05,287944
2024-02-06,280146
2024-02-07,277799
2024-02-08,275409
2024-02-19,260298
2024-02-20,260306
2024-02-21,279048
2024-02-22,266716
2024-02-23,266223
2024-02-26,265114
2024-02-27,260571
2024-02-28,270105
2024-02-29,263945
2024-03-01,262193
2024-03-04,256883
2024-03-05,260376
2024-03-06,254439
2024-03-07,252991
2024-03-08,249259
2024-03-11,253399
2024-03-12,253025
2024-03-13,249183
2024-03-14,255573
2024-03-15,234489
2024-03-18,236358
2024-03-19,233692
2024-03-20,231479
2024-03-21,234091
2024-03-22,245834
2024-03-25,231951
2024-03-26,234936
2024-03-27,233897
2024-03-28,242115
2024-03-29,228456
2024-04-01,238431
2024-04-02,230768
2024-04-03,229791
2024-04-08,232588
2024-04-09,229028
2024-04-10,237249
2024-04-11,229847
2024-04-12,232119
2024-04-15,247588
2024-04-16,235272
2024-04-17,242436
2024-04-18,241735
2024-04-19,226612
2024-04-22,231968
2024-04-23,233413
2024-04-24,233018
2024-04-25,233443
2024-04-26,242160
2024-04-29,251816
2024-04-30,242976
2024-05-06,249568
2024-05-07,241094
2024-05-08,240133
2024-05-09,242415
2024-05-10,245374
2024-05-13,242424
2024-05-14,240855
2024-05-15,239796
2024-05-16,244454
2024-05-17,236825
2024-05-20,235441
2024-05-21,232816
2024-05-22,235694
2024-05-23,239751
2024-05-24,239563
2024-05-27,232624
2024-05-28,233227
2024-05-29,235341
2024-05-30,238430
2024-05-31,236677
2024-06-03,242968
2024-06-04,237164
2024-06-05,232528
2024-06-06,246865
2024-06-07,246497
2024-06-11,247906
2024-06-12,241150
2024-06-13,245837
2024-06-14,250691
2024-06-17,242302
2024-06-18,243183
2024-06-19,239780
2024-06-20,246686
2024-06-21,238938
2024-06-24,237025
2024-06-25,239924
2024-06-26,233434
2024-06-27,233764
2024-06-28,238712
2024-07-01,233263
2024-07-02,230949
2024-07-03,231003
2024-07-04,237826
2024-07-05,245544
2024-07-08,235140
2024-07-09,246193
2024-07-10,232608
2024-07-11,240402
2024-07-12,229925
2024-07-15,231538
2024-07-16,235036
2024-07-17,232235
2024-07-18,237951
2024-07-19,231594
2024-07-22,229535
2024-07-23,229355
2024-07-24,237392
2024-07-25,233293
2024-07-26,228606
2024-07-29,222034
2024-07-30,237310
2024-07-31,241840
2024-08-01,232738
2024-08-02,239065
2024-08-05,250329
2024-08-06,242414
2024-08-07,234221
2024-08-08,235453
2024-08-09,229464
2024-08-12,227428
2024-08-13,231576
2024-08-14,226098
2024-08-15,241729
2024-08-16,217664
2024-08-19,217577
2024-08-20,221097
2024-08-21,218006
2024-08-22,220416
2024-08-23,217855
2024-08-26,216840
2024-08-27,215823
2024-08-28,227227
2024-08-29,224892
2024-08-30,241658
2024-09-02,228674
2024-09-03,230540
2024-09-04,229224
2024-09-05,231071
2024-09-06,236125
2024-09-09,240138
2024-09-10,240589
2024-09-11,236012
2024-09-12,237573
2024-09-13,240944
2024-09-18,251389
2024-09-19,258313
2024-09-20,232601
2024-09-23,232033
2024-09-24,263227
2024-09-25,270363
2024-09-26,285879
2024-09-27,289590
2024-09-30,294520
2024-10-08,290220
2024-10-09,299684
2024-10-10,295239
2024-10-11,298150
2024-10-14,292902
2024-10-15,284685
2024-10-16,293052
2024-10-17,279965
2024-10-18,293096
2024-10-21,278172
2024-10-22,273862
2024-10-23,277181
2024-10-24,263998
2024-10-25,274027
2024-10-28,261741
2024-10-29,273754
2024-10-30,267506
2024-10-31,286443
2024-11-01,270843
2024-11-04,265972
2024-11-05,291590
2024-11-06,291764
2024-11-07,308624
2024-11-08,307491
2024-11-11,299863
2024-11-12,300511
2024-11-13,287168
2024-11-14,282444
2024-11-15,275631
2024-11-18,284717
2024-11-19,279102
2024-11-20,267255
2024-11-21,261657
2024-11-22,274669
2024-11-25,270882
2024-11-26,260679
2024-11-27,274347
2024-11-28,260341
2024-11-29,281501
2024-12-02,265728
2024-12-03,267457
2024-12-04,259500
2024-12-05,263102
2024-12-06,282673
2024-12-09,264104
2024-12-10,295812
2024-12-11,275968
2024-12-12,297922
2024-12-13,292630
2024-12-16,282600
2024-12-17,294819
2024-12-18,277036
2024-12-19,286999
2024-12-20,266248
2024-12-23,274782
2024-12-24,275312
2024-12-25,270157
2024-12-26,264907
2024-12-27,285511
2024-12-30,274628
2024-12-31,285729
2025-01-02,300988
2025-01-03,295374
2025-01-06,292217
2025-01-07,282240
2025-01-08,297562
2025-01-09,272490
2025-01-10,285877
2025-01-13,277369
2025-01-14,296169
2025-01-15,274234
2025-01-16,291406
2025-01-17,269339
2025-01-20,275522
2025-01-21,271037
2025-01-22,279695
2025-01-23,293596
2025-01-24,280264
2025-01-27,270058
2025-02-05,278089
2025-02-06,275173
2025-02-07,295372
2025-02-10,276207
2025-02-11,273411
2025-02-12,282598
2025-02-13,282399
2025-02-14,282786
2025-02-17,282270
2025-02-18,286575
2025-02-19,279829
2025-02-20,275955
2025-02-21,284093
2025-02-24,272284
2025-02-25,275827
2025-02-26,274708
2025-02-27,277173
2025-02-28,287086
2025-03-03,284351
2025-03-04,277906
2025-03-05,276520
2025-03-06,288252
2025-03-07,274454
2025-03-10,279092
2025-03-11,274652
2025-03-12,283928
2025-03-13,281283
2025-03-14,315213
2025-03-17,296446
2025-03-18,297970
2025-03-19,296069
2025-03-20,296392
2025-03-21,291177
2025-03-24,279895
2025-03-25,279704
2025-03-26,282859
2025-03-27,288669
2025-03-28,282881
2025-03-31,295235
2025-04-01,278267
2025-04-02,281366
2025-04-03,301082
2025-04-07,326251
2025-04-08,308365
2025-04-09,301052
2025-04-10,281632
2025-04-11,275461
2025-04-14,263274
2025-04-15,266683
2025-04-16,274474
2025-04-17,267322
2025-04-18,246916
2025-04-21,247448
2025-04-22,244739
2025-04-23,247788
2025-04-24,246898
2025-04-25,245623
2025-04-28,244031
2025-04-29,241073
2025-04-30,247043
2025-05-06,249358
2025-05-07,254933
2025-05-08,260847
2025-05-09,246777
2025-05-12,267426
2025-05-13,248604
2025-05-14,273673
2025-05-15,250422
2025-05-16,236768
2025-05-19,234986
2025-05-20,237717
2025-05-21,234964
2025-05-22,233159
2025-05-23,251143
2025-05-26,235625
2025-05-27,240995
2025-05-28,231836
2025-05-29,247352
2025-05-30,230724
2025-06-03,236192
2025-06-04,229448
2025-06-05,231414
2025-06-06,227571
2025-06-09,242722
2025-06-10,238881
2025-06-11,251149
2025-06-12,235571
2025-06-13,250327
2025-06-16,236613
2025-06-17,237778
2025-06-18,238264
2025-06-19,242993
2025-06-20,213382
2025-06-23,231716
2025-06-24,241607
2025-06-25,254002
2025-06-26,243932
2025-06-27,254148
2025-06-30,244607
2025-07-01,238772
2025-07-02,239448
2025-07-03,238967
2025-07-04,266026
2025-07-07,243305
2025-07-08,256893
2025-07-09,246185
2025-07-10,258020
2025-07-11,282628
2025-07-14,263468
2025-07-15,267331
2025-07-16,255864
2025-07-17,263172
2025-07-18,253180
2025-07-21,251155
2025-07-22,267547
2025-07-23,269057
2025-07-24,271368
2025-07-25,260176
2025-07-28,263839
2025-07-29,259520
2025-07-30,274703
2025-07-31,270987
2025-08-01,261869
2025-08-04,254635
2025-08-05,255640
2025-08-06,253006
2025-08-07,260437
2025-08-08,250531
2025-08-11,264743
2025-08-12,256148
2025-08-13,266298
2025-08-14,271876
2025-08-15,258439
2025-08-18,273598
2025-08-19,258257
2025-08-20,267018
2025-08-21,258227
2025-08-22,277117
2025-08-25,289604
2025-08-26,273056
2025-08-27,286101
2025-08-28,290320
2025-08-29,293331
2025-09-01,276618
2025-09-02,298335
2025-09-03,286469
2025-09-04,298905
2025-09-05,278339
2025-09-08,279655
2025-09-09,268168
2025-09-10,275475
2025-09-11,282139
2025-09-12,278489
2025-09-15,267459
2025-09-16,276592
2025-09-17,273912
2025-09-18,288603
2025-09-19,256953
2025-09-22,256208
2025-09-23,276840
2025-09-24,263700
2025-09-25,266373
2025-09-26,259924
2025-09-29,284149
2025-09-30,262156
2025-10-09,277075
2025-10-10,278581
2025-10-13,283359
2025-10-14,284388
2025-10-15,277099
2025-10-16,274819
2025-10-17,265794
2025-10-20,257451
2025-10-21,258766
2025-10-22,249313
2025-10-23,264665
2025-10-24,255413
2025-10-27,262244
2025-10-28,258119
2025-10-29,258558
2025-10-30,270734
2025-10-31,271131
2025-11-03,270097
2025-11-04,268460
2025-11-05,270040
2025-11-06,264651
2025-11-07,257486
2025-11-10,268313
2025-11-11,263184
2025-11-12,273421
2025-11-13,259502
2025-11-14,264876
2025-11-17,272721
2025-11-18,278688
2025-11-19,272167
2025-11-20,277884
2025-11-21,275889
2025-11-24,268551
2025-11-25,264574
2025-11-26,259294
2025-11-27,264196
2025-11-28,258622
2025-12-01,261048
2025-12-02,255437
2025-12-03,265846
2025-12-04,261904
2025-12-05,277131
2025-12-08,272788
2025-12-09,269295
2025-12-10,276464
2025-12-11,269076
2025-12-12,282959
2025-12-15,274450
2025-12-16,290251
2025-12-17,289623
2025-12-18,282296
2025-12-19,268202
2025-12-22,263391
2025-12-23,270424
2025-12-24,272260
2025-12-25,271697
2025-12-26,287905
2025-12-29,275855
2025-12-30,281129
2025-12-31,276001
2026-01-05,284202
2026-01-06,290367
2026-01-07,282763
2026-01-08,288744
2026-01-09,299215
2026-01-12,301970
2026-01-13,307410
