时间,沪深300指数:换手率
2005-04-08,1.3953
2005-04-11,1.5062
2005-04-12,0.9665
2005-04-13,1.519
2005-04-14,1.2224
2005-04-15,0.9828
2005-04-18,0.8119
2005-04-19,0.8673
2005-04-20,0.8332
2005-04-21,0.9364
2005-04-22,1.0066
2005-04-25,1.0798
2005-04-26,1.1006
2005-04-27,1.0137
2005-04-28,1.3449
2005-04-29,1.0524
2005-05-09,0.7849
2005-05-10,0.9646
2005-05-11,0.8304
2005-05-12,0.9378
2005-05-13,1.0308
2005-05-16,0.7539
2005-05-17,0.8037
2005-05-18,0.7191
2005-05-19,0.7429
2005-05-20,0.6587
2005-05-23,0.6635
2005-05-24,0.8392
2005-05-25,0.6591
2005-05-26,0.603
2005-05-27,0.7056
2005-05-30,0.6334
2005-05-31,0.6403
2005-06-01,0.7176
2005-06-02,0.8635
2005-06-03,0.7207
2005-06-06,0.8181
2005-06-07,1.1866
2005-06-08,2.9878
2005-06-09,3.0089
2005-06-10,2.0329
2005-06-13,1.4188
2005-06-14,1.3001
2005-06-15,1.038
2005-06-16,1.0013
2005-06-17,1.3557
2005-06-20,1.7154
2005-06-21,1.1445
2005-06-22,0.9388
2005-06-23,0.8506
2005-06-24,0.7974
2005-06-27,1.4792
2005-06-28,0.929
2005-06-29,0.9651
2005-06-30,0.9693
2005-07-01,0.901
2005-07-04,0.7888
2005-07-05,0.7132
2005-07-06,0.6149
2005-07-07,0.531
2005-07-08,0.6429
2005-07-11,0.7482
2005-07-12,1.329
2005-07-13,0.8333
2005-07-14,0.8301
2005-07-15,0.7881
2005-07-18,0.7535
2005-07-19,0.6996
2005-07-20,0.7544
2005-07-21,0.7391
2005-07-22,1.9098
2005-07-25,1.0432
2005-07-26,1.9262
2005-07-27,1.8001
2005-07-28,1.8171
2005-07-29,1.2675
2005-08-01,1.0314
2005-08-02,1.248
2005-08-03,2.2516
2005-08-04,1.2965
2005-08-05,1.7045
2005-08-08,1.8851
2005-08-09,1.7215
2005-08-10,1.8753
2005-08-11,2.3623
2005-08-12,2.5846
2005-08-15,2.0367
2005-08-16,2.0642
2005-08-17,1.8979
2005-08-18,3.1287
2005-08-19,1.9019
2005-08-22,1.542
2005-08-23,1.3135
2005-08-24,1.3607
2005-08-25,1.3875
2005-08-26,1.3141
2005-08-29,1.3157
2005-08-30,1.0584
2005-08-31,1.2442
2005-09-01,1.8979
2005-09-02,1.5838
2005-09-05,1.5182
2005-09-06,1.8057
2005-09-07,1.6684
2005-09-08,1.908
2005-09-09,1.3789
2005-09-12,1.0072
2005-09-13,1.4096
2005-09-14,1.6968
2005-09-15,1.3924
2005-09-16,1.1884
2005-09-19,1.253
2005-09-20,1.5845
2005-09-21,1.5764
2005-09-22,1.5402
2005-09-23,0.9818
2005-09-26,0.7512
2005-09-27,0.9425
2005-09-28,0.7524
2005-09-29,1.015
2005-09-30,0.7653
2005-10-10,0.6083
2005-10-11,0.6579
2005-10-12,1.0353
2005-10-13,0.9183
2005-10-14,0.8585
2005-10-17,0.8944
2005-10-18,0.9633
2005-10-19,0.9351
2005-10-20,1.0686
2005-10-21,0.9675
2005-10-24,0.9696
2005-10-25,0.9523
2005-10-26,1.1056
2005-10-27,1.0094
2005-10-28,1.0263
2005-10-31,0.9341
2005-11-01,0.8415
2005-11-02,1.0953
2005-11-03,1.0284
2005-11-04,0.7938
2005-11-07,0.7092
2005-11-08,0.8439
2005-11-09,0.9734
2005-11-10,0.9028
2005-11-11,0.7606
2005-11-14,0.523
2005-11-15,0.6777
2005-11-16,0.7445
2005-11-17,0.7325
2005-11-18,1.4632
2005-11-21,0.9478
2005-11-22,0.8652
2005-11-23,0.8096
2005-11-24,1.1943
2005-11-25,1.0667
2005-11-28,0.8002
2005-11-29,0.686
2005-11-30,0.6614
2005-12-01,0.5764
2005-12-02,0.9108
2005-12-05,0.8381
2005-12-06,0.8367
2005-12-07,0.7993
2005-12-08,0.8307
2005-12-09,1.0459
2005-12-12,0.8734
2005-12-13,0.8575
2005-12-14,1.121
2005-12-15,1.3191
2005-12-16,0.9388
2005-12-19,0.8256
2005-12-20,0.8673
2005-12-21,0.8401
2005-12-22,0.7304
2005-12-23,0.9563
2005-12-26,1.2304
2005-12-27,1.0074
2005-12-28,0.972
2005-12-29,1.416
2005-12-30,1.3136
2006-01-04,1.6626
2006-01-05,2.1485
2006-01-06,2.379
2006-01-09,1.9089
2006-01-10,1.783
2006-01-11,2.0789
2006-01-12,1.7155
2006-01-13,1.7441
2006-01-16,1.5894
2006-01-17,1.2553
2006-01-18,1.6279
2006-01-19,2.0653
2006-01-20,2.0407
2006-01-23,1.7586
2006-01-24,1.886
2006-01-25,1.6984
2006-02-06,1.9493
2006-02-07,2.5644
2006-02-08,2.1
2006-02-09,1.852
2006-02-10,1.6973
2006-02-13,1.7051
2006-02-14,1.4258
2006-02-15,1.9032
2006-02-16,2.0077
2006-02-17,1.612
2006-02-20,1.4427
2006-02-21,1.8138
2006-02-22,1.942
2006-02-23,1.5116
2006-02-24,1.5033
2006-02-27,1.7346
2006-02-28,1.466
2006-03-01,1.4704
2006-03-02,1.881
2006-03-03,1.6013
2006-03-06,1.3489
2006-03-07,1.4556
2006-03-08,1.3117
2006-03-09,0.956
2006-03-10,0.8924
2006-03-13,0.8827
2006-03-14,0.8512
2006-03-15,1.113
2006-03-16,1.1082
2006-03-17,1.1214
2006-03-20,1.15
2006-03-21,1.4214
2006-03-22,1.3869
2006-03-23,1.5229
2006-03-24,1.4954
2006-03-27,1.2736
2006-03-28,1.6464
2006-03-29,2.2529
2006-03-30,1.6239
2006-03-31,1.638
2006-04-03,2.0372
2006-04-04,2.2863
2006-04-05,2.4081
2006-04-06,2.6339
2006-04-07,2.372
2006-04-10,2.3349
2006-04-11,2.5893
2006-04-12,2.2006
2006-04-13,2.4538
2006-04-14,2.4291
2006-04-17,2.5759
2006-04-18,2.3054
2006-04-19,2.4406
2006-04-20,2.6857
2006-04-21,2.881
2006-04-24,3.2307
2006-04-25,2.7124
2006-04-26,2.9368
2006-04-27,2.2456
2006-04-28,2.8628
2006-05-08,3.1497
2006-05-09,3.9231
2006-05-10,3.8995
2006-05-11,4.2791
2006-05-12,3.835
2006-05-15,5.1327
2006-05-16,5.544
2006-05-17,4.2895
2006-05-18,3.6093
2006-05-19,4.5953
2006-05-22,4.5309
2006-05-23,3.8871
2006-05-24,3.4938
2006-05-25,2.3178
2006-05-26,2.4771
2006-05-29,3.0259
2006-05-30,3.0414
2006-05-31,3.2135
2006-06-01,3.6315
2006-06-02,4.3483
2006-06-05,3.7306
2006-06-06,3.1542
2006-06-07,3.5037
2006-06-08,3.072
2006-06-09,2.5134
2006-06-12,1.6814
2006-06-13,1.8644
2006-06-14,1.9235
2006-06-15,1.5509
2006-06-16,1.8935
2006-06-19,2.0471
2006-06-20,1.8519
2006-06-21,2.1616
2006-06-22,1.7278
2006-06-23,1.7078
2006-06-26,1.9688
2006-06-27,1.758
2006-06-28,1.7125
2006-06-29,2.8154
2006-06-30,2.5448
2006-07-03,2.6273
2006-07-04,2.93
2006-07-05,2.2908
2006-07-06,2.2233
2006-07-07,2.296
2006-07-10,1.8819
2006-07-11,1.9431
2006-07-12,2.4712
2006-07-13,3.3304
2006-07-14,2.2156
2006-07-17,1.6408
2006-07-18,1.5404
2006-07-19,1.6747
2006-07-20,1.2248
2006-07-21,1.3538
2006-07-24,1.3254
2006-07-25,1.4606
2006-07-26,1.3
2006-07-27,1.5768
2006-07-28,1.4271
2006-07-31,1.4684
2006-08-01,1.1525
2006-08-02,1.1769
2006-08-03,0.8548
2006-08-04,1.0605
2006-08-07,0.997
2006-08-08,0.9398
2006-08-09,0.848
2006-08-10,1.164
2006-08-11,1.0061
2006-08-14,1.0796
2006-08-15,0.9247
2006-08-16,1.3411
2006-08-17,0.9941
2006-08-18,0.898
2006-08-21,0.9686
2006-08-22,1.1048
2006-08-23,1.2263
2006-08-24,0.9681
2006-08-25,1.1906
2006-08-28,1.6731
2006-08-29,2.0293
2006-08-30,1.3498
2006-08-31,1.4877
2006-09-01,1.6061
2006-09-04,1.3534
2006-09-05,1.7228
2006-09-06,1.4846
2006-09-07,1.4031
2006-09-08,1.1046
2006-09-11,1.341
2006-09-12,1.7478
2006-09-13,2.1012
2006-09-14,1.4223
2006-09-15,2.308
2006-09-18,2.0134
2006-09-19,1.7057
2006-09-20,1.4984
2006-09-21,1.6635
2006-09-22,1.7997
2006-09-25,1.5654
2006-09-26,1.2536
2006-09-27,1.1183
2006-09-28,1.3795
2006-09-29,1.7267
2006-10-09,2.4772
2006-10-10,2.415
2006-10-11,1.9884
2006-10-12,2.387
2006-10-13,1.7795
2006-10-16,1.7903
2006-10-17,1.5221
2006-10-18,1.5263
2006-10-19,1.4967
2006-10-20,1.6746
2006-10-23,1.824
2006-10-24,1.6501
2006-10-25,2.029
2006-10-26,2.3574
2006-10-27,2.2903
2006-10-30,2.164
2006-10-31,2.2635
2006-11-01,2.3768
2006-11-02,2.5857
2006-11-03,2.402
2006-11-06,2.5623
2006-11-07,2.6238
2006-11-08,1.7505
2006-11-09,2.0734
2006-11-10,3.1561
2006-11-13,2.4337
2006-11-14,2.1214
2006-11-15,2.3715
2006-11-16,3.3748
2006-11-17,2.5956
2006-11-20,3.118
2006-11-21,2.8372
2006-11-22,3.3313
2006-11-23,2.9901
2006-11-24,2.8929
2006-11-27,2.7481
2006-11-28,2.6024
2006-11-29,2.6498
2006-11-30,3.4948
2006-12-01,3.3902
2006-12-04,4.1459
2006-12-05,3.9002
2006-12-06,4.702
2006-12-07,4.6563
2006-12-08,3.8331
2006-12-11,2.9676
2006-12-12,3.3423
2006-12-13,2.7742
2006-12-14,2.728
2006-12-15,2.8556
2006-12-18,3.5765
2006-12-19,3.9165
2006-12-20,3.2523
2006-12-21,3.4717
2006-12-22,2.6627
2006-12-25,3.2399
2006-12-26,3.2799
2006-12-27,3.2215
2006-12-28,3.6316
2006-12-29,4.2413
2007-01-04,6.1711
2007-01-05,5.3358
2007-01-08,4.8749
2007-01-09,4.6914
2007-01-10,4.8807
2007-01-11,4.9587
2007-01-12,4.3963
2007-01-15,3.8144
2007-01-16,4.3866
2007-01-17,5.1133
2007-01-18,4.516
2007-01-19,4.7712
2007-01-22,5.3757
2007-01-23,5.8444
2007-01-24,4.817
2007-01-25,4.6229
2007-01-26,4.4859
2007-01-29,4.8092
2007-01-30,4.4017
2007-01-31,4.5535
2007-02-01,3.6532
2007-02-02,3.3332
2007-02-05,2.671
2007-02-06,3.7612
2007-02-07,3.935
2007-02-08,3.5163
2007-02-09,3.1141
2007-02-12,3.0846
2007-02-13,2.8898
2007-02-14,3.5159
2007-02-15,4.0118
2007-02-16,4.248
2007-02-26,4.163
2007-02-27,6.0177
2007-02-28,4.6243
2007-03-01,4.5872
2007-03-02,3.2313
2007-03-05,3.8204
2007-03-06,2.9329
2007-03-07,3.3202
2007-03-08,3.0792
2007-03-09,3.9096
2007-03-12,3.4678
2007-03-13,3.6516
2007-03-14,3.8272
2007-03-15,3.5333
2007-03-16,4.1731
2007-03-19,4.0984
2007-03-20,3.393
2007-03-21,3.5765
2007-03-22,4.6103
2007-03-23,4.0897
2007-03-26,4.2094
2007-03-27,4.4659
2007-03-28,6.2012
2007-03-29,5.8791
2007-03-30,3.4717
2007-04-02,3.7773
2007-04-03,4.1889
2007-04-04,4.1045
2007-04-05,4.0101
2007-04-06,4.2657
2007-04-09,4.902
2007-04-10,5.4241
2007-04-11,5.4651
2007-04-12,4.969
2007-04-13,5.4013
2007-04-16,4.7027
2007-04-17,5.6318
2007-04-18,5.4097
2007-04-19,6.0792
2007-04-20,4.9488
2007-04-23,5.7602
2007-04-24,5.9918
2007-04-25,5.2569
2007-04-26,4.125
2007-04-27,4.21
2007-04-30,4.8945
2007-05-08,5.5223
2007-05-09,7.2714
2007-05-10,5.967
2007-05-11,4.593
2007-05-14,4.6538
2007-05-15,4.7797
2007-05-16,4.3999
2007-05-17,4.5968
2007-05-18,4.177
2007-05-21,4.9362
2007-05-22,5.4827
2007-05-23,4.92
2007-05-24,5.6829
2007-05-25,4.7525
2007-05-28,5.6764
2007-05-29,5.5983
2007-05-30,6.5194
2007-05-31,6.1858
2007-06-01,5.8711
2007-06-04,4.431
2007-06-05,5.5531
2007-06-06,4.6773
2007-06-07,4.5909
2007-06-08,4.33
2007-06-11,4.4179
2007-06-12,4.7973
2007-06-13,5.2788
2007-06-14,4.172
2007-06-15,3.3132
2007-06-18,4.2324
2007-06-19,3.9236
2007-06-20,4.1769
2007-06-21,3.5412
2007-06-22,3.8188
2007-06-25,3.3556
2007-06-26,2.8158
2007-06-27,3.1133
2007-06-28,3.1878
2007-06-29,2.8064
2007-07-02,2.3669
2007-07-03,2.2077
2007-07-04,1.8187
2007-07-05,2.0547
2007-07-06,2.4318
2007-07-09,2.56
2007-07-10,2.4575
2007-07-11,1.5904
2007-07-12,1.4819
2007-07-13,1.2704
2007-07-16,1.4134
2007-07-17,1.5372
2007-07-18,2.1709
2007-07-19,1.4282
2007-07-20,2.6088
2007-07-23,4.0251
2007-07-24,3.5915
2007-07-25,3.048
2007-07-26,3.0874
2007-07-27,3.0645
2007-07-30,3.5451
2007-07-31,3.3473
2007-08-01,3.7191
2007-08-02,2.9468
2007-08-03,3.6639
2007-08-06,3.5656
2007-08-07,3.9253
2007-08-08,4.1659
2007-08-09,3.3713
2007-08-10,3.5075
2007-08-13,4.0077
2007-08-14,2.8577
2007-08-15,2.9622
2007-08-16,2.9582
2007-08-17,2.9597
2007-08-20,3.1404
2007-08-21,3.4474
2007-08-22,3.4278
2007-08-23,3.149
2007-08-24,3.4136
2007-08-27,3.8212
2007-08-28,3.4645
2007-08-29,3.3659
2007-08-30,3.104
2007-08-31,3.0749
2007-09-03,3.8143
2007-09-04,3.6733
2007-09-05,2.9962
2007-09-06,3.2345
2007-09-07,3.6326
2007-09-10,2.9807
2007-09-11,3.1507
2007-09-12,2.8189
2007-09-13,2.7352
2007-09-14,2.7582
2007-09-17,3.1748
2007-09-18,3.2763
2007-09-19,2.5513
2007-09-20,2.5891
2007-09-21,2.7897
2007-09-24,2.4716
2007-09-25,2.0675
2007-09-26,1.7867
2007-09-27,1.5394
2007-09-28,2.211
2007-10-08,3.0181
2007-10-09,2.4359
2007-10-10,2.9059
2007-10-11,2.952
2007-10-12,3.5348
2007-10-15,3.2031
2007-10-16,2.8581
2007-10-17,2.1591
2007-10-18,2.147
2007-10-19,1.6995
2007-10-22,1.5847
2007-10-23,1.8435
2007-10-24,1.963
2007-10-25,2.231
2007-10-26,1.5434
2007-10-29,1.4588
2007-10-30,1.6228
2007-10-31,2.0831
2007-11-01,1.9293
2007-11-02,1.7907
2007-11-05,1.3932
2007-11-06,1.1185
2007-11-07,1.2427
2007-11-08,1.4905
2007-11-09,1.4297
2007-11-12,1.588
2007-11-13,1.5228
2007-11-14,1.4546
2007-11-15,1.3112
2007-11-16,0.9582
2007-11-19,1.0375
2007-11-20,1.3627
2007-11-21,1.0868
2007-11-22,1.0741
2007-11-23,0.8161
2007-11-26,0.9567
2007-11-27,0.8459
2007-11-28,0.9104
2007-11-29,1.4903
2007-11-30,1.1862
2007-12-03,0.8958
2007-12-04,0.9112
2007-12-05,1.278
2007-12-06,0.9529
2007-12-07,1.0929
2007-12-10,1.7186
2007-12-11,1.6304
2007-12-12,1.5999
2007-12-13,1.4791
2007-12-14,1.2337
2007-12-17,1.4861
2007-12-18,0.9199
2007-12-19,1.2878
2007-12-20,1.2375
2007-12-21,1.4712
2007-12-24,1.9793
2007-12-25,1.533
2007-12-26,1.6307
2007-12-27,2.0533
2007-12-28,1.7791
2008-01-02,1.7647
2008-01-03,2.4975
2008-01-04,1.9958
2008-01-07,2.0514
2008-01-08,2.4888
2008-01-09,1.7868
2008-01-10,2.4523
2008-01-11,2.1445
2008-01-14,1.9031
2008-01-15,1.9428
2008-01-16,2.1295
2008-01-17,2.364
2008-01-18,1.6747
2008-01-21,1.8241
2008-01-22,2.3174
2008-01-23,2.1266
2008-01-24,2.1562
2008-01-25,1.7943
2008-01-28,1.5748
2008-01-29,1.1041
2008-01-30,1.2952
2008-01-31,1.1717
2008-02-01,1.3287
2008-02-04,1.5491
2008-02-05,1.2203
2008-02-13,0.7984
2008-02-14,0.737
2008-02-15,0.9014
2008-02-18,1.135
2008-02-19,1.3422
2008-02-20,1.4677
2008-02-21,1.2383
2008-02-22,1.4055
2008-02-25,1.2473
2008-02-26,1.2328
2008-02-27,1.0859
2008-02-28,0.9318
2008-02-29,0.8566
2008-03-03,1.423
2008-03-04,1.6359
2008-03-05,1.4279
2008-03-06,1.6082
2008-03-07,1.0387
2008-03-10,1.1494
2008-03-11,0.9504
2008-03-12,0.9799
2008-03-13,1.2425
2008-03-14,0.8444
2008-03-17,1.015
2008-03-18,1.2322
2008-03-19,1.3526
2008-03-20,1.6493
2008-03-21,1.5209
2008-03-24,1.2792
2008-03-25,1.1509
2008-03-26,1.0006
2008-03-27,1.1421
2008-03-28,1.5024
2008-03-31,1.0498
2008-04-01,1.2587
2008-04-02,1.5235
2008-04-03,1.1718
2008-04-07,1.4369
2008-04-08,1.5428
2008-04-09,1.3653
2008-04-10,1.0057
2008-04-11,0.9173
2008-04-14,1.1629
2008-04-15,1.0644
2008-04-16,0.9211
2008-04-17,1.0251
2008-04-18,0.9679
2008-04-21,1.4326
2008-04-22,1.1262
2008-04-23,1.5318
2008-04-24,3.3415
2008-04-25,2.8923
2008-04-28,1.6461
2008-04-29,1.5004
2008-04-30,2.3526
2008-05-05,2.1044
2008-05-06,1.9488
2008-05-07,1.8147
2008-05-08,1.4645
2008-05-09,1.7835
2008-05-12,1.5047
2008-05-13,1.669
2008-05-14,1.675
2008-05-15,1.6775
2008-05-16,1.2518
2008-05-19,0.9321
2008-05-20,1.2424
2008-05-21,1.3618
2008-05-22,1.2715
2008-05-23,1.0413
2008-05-26,0.8768
2008-05-27,0.7695
2008-05-28,0.9639
2008-05-29,0.9138
2008-05-30,0.8877
2008-06-02,0.8772
2008-06-03,1.0763
2008-06-04,0.9104
2008-06-05,0.742
2008-06-06,0.6464
2008-06-10,1.0168
2008-06-11,0.9072
2008-06-12,0.9698
2008-06-13,0.7802
2008-06-16,0.8261
2008-06-17,0.8139
2008-06-18,1.3085
2008-06-19,1.1045
2008-06-20,1.5715
2008-06-23,0.8044
2008-06-24,0.9603
2008-06-25,1.2815
2008-06-26,1.2836
2008-06-27,1.2318
2008-06-30,0.762
2008-07-01,0.8314
2008-07-02,0.8042
2008-07-03,1.3152
2008-07-04,1.0893
2008-07-07,1.515
2008-07-08,1.558
2008-07-09,1.9919
2008-07-10,1.7695
2008-07-11,1.2694
2008-07-14,0.9885
2008-07-15,1.3471
2008-07-16,1.1217
2008-07-17,0.9302
2008-07-18,1.1441
2008-07-21,1.2796
2008-07-22,1.1008
2008-07-23,1.0993
2008-07-24,1.3744
2008-07-25,1.1486
2008-07-28,1.1106
2008-07-29,1.0181
2008-07-30,0.8419
2008-07-31,0.7891
2008-08-01,0.9601
2008-08-04,0.6427
2008-08-05,0.8547
2008-08-06,0.7688
2008-08-07,0.6556
2008-08-08,0.8659
2008-08-11,0.898
2008-08-12,0.6749
2008-08-13,0.7686
2008-08-14,0.5622
2008-08-15,0.568
2008-08-18,0.6535
2008-08-19,0.5216
2008-08-20,1.2063
2008-08-21,1.0039
2008-08-22,0.7011
2008-08-25,0.4969
2008-08-26,0.6328
2008-08-27,0.636
2008-08-28,0.5437
2008-08-29,0.7696
2008-09-01,0.5619
2008-09-02,0.4898
2008-09-03,0.6309
2008-09-04,0.5043
2008-09-05,0.575
2008-09-08,0.5888
2008-09-09,0.4676
2008-09-10,0.5853
2008-09-11,0.5884
2008-09-12,0.5086
2008-09-16,0.8889
2008-09-17,0.8699
2008-09-18,1.2658
2008-09-19,0.9598
2008-09-22,2.6801
2008-09-23,2.0592
2008-09-24,1.1887
2008-09-25,1.9456
2008-09-26,1.5531
2008-10-06,1.1907
2008-10-07,1.1251
2008-10-08,0.9614
2008-10-09,0.8756
2008-10-10,1.0207
2008-10-13,1.1351
2008-10-14,1.4165
2008-10-15,0.8315
2008-10-16,1.0448
2008-10-17,0.7403
2008-10-20,0.8579
2008-10-21,1.003
2008-10-22,0.8497
2008-10-23,0.9216
2008-10-24,0.8448
2008-10-27,0.9331
2008-10-28,1.1981
2008-10-29,0.9952
2008-10-30,1.0566
2008-10-31,0.7233
2008-11-03,0.6483
2008-11-04,0.6665
2008-11-05,1.083
2008-11-06,0.786
2008-11-07,0.8048
2008-11-10,1.6327
2008-11-11,1.6869
2008-11-12,1.125
2008-11-13,2.1239
2008-11-14,2.3243
2008-11-17,2.2359
2008-11-18,2.476
2008-11-19,2.0901
2008-11-20,2.1173
2008-11-21,2.1069
2008-11-24,1.2816
2008-11-25,1.0853
2008-11-26,1.155
2008-11-27,2.2308
2008-11-28,1.3077
2008-12-01,1.2216
2008-12-02,1.5487
2008-12-03,2.1433
2008-12-04,3.0046
2008-12-05,1.872
2008-12-08,2.7076
2008-12-09,2.3242
2008-12-10,2.0921
2008-12-11,1.848
2008-12-12,1.6913
2008-12-15,1.2662
2008-12-16,1.2025
2008-12-17,1.4697
2008-12-18,1.4633
2008-12-19,1.5848
2008-12-22,1.3227
2008-12-23,1.5885
2008-12-24,1.1042
2008-12-25,0.9932
2008-12-26,0.8582
2008-12-29,0.8839
2008-12-30,0.918
2008-12-31,0.8703
2009-01-05,1.1583
2009-01-06,1.7017
2009-01-07,1.4314
2009-01-08,1.2814
2009-01-09,1.1363
2009-01-12,1.2988
2009-01-13,1.193
2009-01-14,1.4197
2009-01-15,1.8894
2009-01-16,2.3105
2009-01-19,1.9613
2009-01-20,1.2747
2009-01-21,1.5334
2009-01-22,1.4077
2009-01-23,1.3751
2009-02-02,1.2263
2009-02-03,2.0887
2009-02-04,2.4044
2009-02-05,2.7431
2009-02-06,2.5421
2009-02-09,3.082
2009-02-10,2.7656
2009-02-11,3.5095
2009-02-12,2.8452
2009-02-13,3.3339
2009-02-16,3.6138
2009-02-17,3.345
2009-02-18,2.7379
2009-02-19,2.1542
2009-02-20,2.0541
2009-02-23,2.5942
2009-02-24,3.0102
2009-02-25,2.557
2009-02-26,2.4217
2009-02-27,2.0633
2009-03-02,1.4641
2009-03-03,1.5421
2009-03-04,2.5812
2009-03-05,3.0762
2009-03-06,2.0035
2009-03-09,2.0128
2009-03-10,1.3177
2009-03-11,1.6474
2009-03-12,1.2953
2009-03-13,1.2554
2009-03-16,1.1315
2009-03-17,2.1571
2009-03-18,2.3621
2009-03-19,2.2556
2009-03-20,2.5356
2009-03-23,2.6937
2009-03-24,2.5937
2009-03-25,2.2172
2009-03-26,2.6211
2009-03-27,3.133
2009-03-30,2.1672
2009-03-31,2.1956
2009-04-01,2.9051
2009-04-02,3.1084
2009-04-03,2.8319
2009-04-07,1.967
2009-04-08,2.2697
2009-04-09,1.7045
2009-04-10,2.3716
2009-04-13,3.1657
2009-04-14,2.5177
2009-04-15,2.7496
2009-04-16,2.8194
2009-04-17,2.3013
2009-04-20,2.163
2009-04-21,2.4396
2009-04-22,2.7971
2009-04-23,1.8239
2009-04-24,1.6479
2009-04-27,1.6003
2009-04-28,1.316
2009-04-29,1.8177
2009-04-30,1.9034
2009-05-04,2.281
2009-05-05,2.2672
2009-05-06,2.3421
2009-05-07,2.7028
2009-05-08,2.3592
2009-05-11,2.767
2009-05-12,1.9539
2009-05-13,2.3592
2009-05-14,1.8202
2009-05-15,1.4301
2009-05-18,1.6433
2009-05-19,2.0949
2009-05-20,1.8826
2009-05-21,1.8312
2009-05-22,1.3152
2009-05-25,1.5771
2009-05-26,1.5368
2009-05-27,1.4385
2009-06-01,2.2946
2009-06-02,2.2887
2009-06-03,2.3603
2009-06-04,2.7363
2009-06-05,2.2784
2009-06-08,2.0107
2009-06-09,1.9244
2009-06-10,2.1129
2009-06-11,1.8062
2009-06-12,1.6598
2009-06-15,1.5405
2009-06-16,1.454
2009-06-17,1.5992
2009-06-18,1.9921
2009-06-19,2.1176
2009-06-22,2.1464
2009-06-23,2.3
2009-06-24,2.257
2009-06-25,1.7064
2009-06-26,1.4528
2009-06-29,1.7472
2009-06-30,1.7817
2009-07-01,2.0169
2009-07-02,2.3495
2009-07-03,2.1985
2009-07-06,2.0618
2009-07-07,1.9755
2009-07-08,1.7352
2009-07-09,1.7225
2009-07-10,1.6171
2009-07-13,1.5173
2009-07-14,1.6359
2009-07-15,2.0291
2009-07-16,1.9657
2009-07-17,1.6197
2009-07-20,2.0741
2009-07-21,1.9849
2009-07-22,1.7515
2009-07-23,1.7669
2009-07-24,1.9426
2009-07-27,2.1061
2009-07-28,2.2192
2009-07-29,2.534
2009-07-30,2.043
2009-07-31,1.997
2009-08-03,2.031
2009-08-04,2.0998
2009-08-05,1.9868
2009-08-06,1.75
2009-08-07,1.4903
2009-08-10,1.2556
2009-08-11,0.9542
2009-08-12,1.3686
2009-08-13,1.288
2009-08-14,1.3052
2009-08-17,1.355
2009-08-18,1.1321
2009-08-19,1.1942
2009-08-20,1.1637
2009-08-21,1.2676
2009-08-24,1.1747
2009-08-25,1.4247
2009-08-26,1.1984
2009-08-27,1.1704
2009-08-28,1.227
2009-08-31,1.232
2009-09-01,1.0282
2009-09-02,0.8869
2009-09-03,1.3579
2009-09-04,1.2673
2009-09-07,1.2058
2009-09-08,1.2229
2009-09-09,1.3281
2009-09-10,0.9695
2009-09-11,1.1752
2009-09-14,1.2656
2009-09-15,1.2577
2009-09-16,1.2743
2009-09-17,1.3189
2009-09-18,1.4511
2009-09-21,1.0508
2009-09-22,1.0597
2009-09-23,0.9516
2009-09-24,0.9392
2009-09-25,0.6605
2009-09-28,0.6041
2009-09-29,0.6603
2009-09-30,0.6064
2009-10-09,0.8175
2009-10-12,0.8474
2009-10-13,0.7288
2009-10-14,1.1637
2009-10-15,0.8703
2009-10-16,0.7378
2009-10-19,1.0274
2009-10-20,1.1827
2009-10-21,1.1041
2009-10-22,0.8059
2009-10-23,1.1469
2009-10-26,0.9051
2009-10-27,0.7377
2009-10-28,0.6222
2009-10-29,0.6092
2009-10-30,0.6026
2009-11-02,0.8146
2009-11-03,0.8326
2009-11-04,0.8552
2009-11-05,0.8014
2009-11-06,0.9161
2009-11-09,0.7756
2009-11-10,0.8377
2009-11-11,0.7216
2009-11-12,0.7943
2009-11-13,0.9044
2009-11-16,1.2212
2009-11-17,0.9652
2009-11-18,0.8843
2009-11-19,0.9409
2009-11-20,0.939
2009-11-23,0.9315
2009-11-24,1.4624
2009-11-25,1.1355
2009-11-26,1.267
2009-11-27,0.8843
2009-11-30,0.8342
2009-12-01,1.0003
2009-12-02,0.9662
2009-12-03,0.8865
2009-12-04,1.3215
2009-12-07,0.8946
2009-12-08,0.8133
2009-12-09,0.6719
2009-12-10,0.5644
2009-12-11,0.5349
2009-12-14,0.8216
2009-12-15,0.6784
2009-12-16,0.5584
2009-12-17,0.6204
2009-12-18,0.6481
2009-12-21,0.4717
2009-12-22,0.5251
2009-12-23,0.4678
2009-12-24,0.6266
2009-12-25,0.4566
2009-12-28,0.539
2009-12-29,0.5421
2009-12-30,0.8631
2009-12-31,0.6757
2010-01-04,0.6395
2010-01-05,0.8302
2010-01-06,0.7592
2010-01-07,0.7774
2010-01-08,0.5882
2010-01-11,0.8546
2010-01-12,0.8902
2010-01-13,1.0678
2010-01-14,0.7915
2010-01-15,0.6886
2010-01-18,0.7865
2010-01-19,0.7108
2010-01-20,0.878
2010-01-21,0.6701
2010-01-22,0.8442
2010-01-25,0.4951
2010-01-26,0.5849
2010-01-27,0.499
2010-01-28,0.445
2010-01-29,0.4759
2010-02-01,0.5397
2010-02-02,0.4747
2010-02-03,0.6136
2010-02-04,0.5584
2010-02-05,0.5591
2010-02-08,0.3533
2010-02-09,0.3401
2010-02-10,0.3237
2010-02-11,0.3385
2010-02-12,0.3221
2010-02-22,0.3621
2010-02-23,0.4043
2010-02-24,0.4728
2010-02-25,0.6392
2010-02-26,0.4928
2010-03-01,0.5717
2010-03-02,0.5389
2010-03-03,0.5728
2010-03-04,0.6553
2010-03-05,0.4311
2010-03-08,0.3925
2010-03-09,0.5121
2010-03-10,0.4386
2010-03-11,0.4486
2010-03-12,0.3774
2010-03-15,0.3575
2010-03-16,0.2914
2010-03-17,0.4326
2010-03-18,0.4434
2010-03-19,0.4339
2010-03-22,0.4657
2010-03-23,0.4384
2010-03-24,0.4196
2010-03-25,0.4236
2010-03-26,0.4468
2010-03-29,0.7977
2010-03-30,0.5312
2010-03-31,0.5
2010-04-01,0.6379
2010-04-02,0.6491
2010-04-06,0.6124
2010-04-07,0.5073
2010-04-08,0.584
2010-04-09,0.4816
2010-04-12,0.6999
2010-04-13,0.7501
2010-04-14,0.5661
2010-04-15,0.5725
2010-04-16,0.4413
2010-04-19,0.827
2010-04-20,0.5998
2010-04-21,0.6259
2010-04-22,0.6647
2010-04-23,0.5728
2010-04-26,0.4757
2010-04-27,0.6102
2010-04-28,0.4199
2010-04-29,0.4404
2010-04-30,0.497
2010-05-04,0.3761
2010-05-05,0.5403
2010-05-06,0.5321
2010-05-07,0.5532
2010-05-10,0.454
2010-05-11,0.5277
2010-05-12,0.4793
2010-05-13,0.4982
2010-05-14,0.3836
2010-05-17,0.4665
2010-05-18,0.4871
2010-05-19,0.4073
2010-05-20,0.3768
2010-05-21,0.4867
2010-05-24,0.6652
2010-05-25,0.4924
2010-05-26,0.3556
2010-05-27,0.4767
2010-05-28,0.4596
2010-05-31,0.4122
2010-06-01,0.3996
2010-06-02,0.3526
2010-06-03,0.3526
2010-06-04,0.2916
2010-06-07,0.3521
2010-06-08,0.3126
2010-06-09,0.5341
2010-06-10,0.3803
2010-06-11,0.3587
2010-06-17,0.2884
2010-06-18,0.3696
2010-06-21,0.4881
2010-06-22,0.3449
2010-06-23,0.314
2010-06-24,0.2576
2010-06-25,0.2694
2010-06-28,0.2433
2010-06-29,0.4275
2010-06-30,0.312
2010-07-01,0.2846
2010-07-02,0.389
2010-07-05,0.2785
2010-07-06,0.3436
2010-07-07,0.309
2010-07-08,0.2946
2010-07-09,0.506
2010-07-12,0.5054
2010-07-13,0.3733
2010-07-14,0.4031
2010-07-15,0.3491
2010-07-16,0.3015
2010-07-19,0.4613
2010-07-20,0.6262
2010-07-21,0.6046
2010-07-22,0.5218
2010-07-23,0.5513
2010-07-26,0.4579
2010-07-27,0.4251
2010-07-28,0.682
2010-07-29,0.8114
2010-07-30,0.5291
2010-08-02,0.6066
2010-08-03,0.6912
2010-08-04,0.603
2010-08-05,0.5678
2010-08-06,0.6334
2010-08-09,0.6314
2010-08-10,0.6626
2010-08-11,0.4643
2010-08-12,0.5058
2010-08-13,0.4941
2010-08-16,0.6845
2010-08-17,0.6452
2010-08-18,0.5968
2010-08-19,0.6489
2010-08-20,0.6028
2010-08-23,0.4115
2010-08-24,0.5138
2010-08-25,0.535
2010-08-26,0.409
2010-08-27,0.342
2010-08-30,0.5512
2010-08-31,0.5514
2010-09-01,0.6453
2010-09-02,0.5927
2010-09-03,0.609
2010-09-06,0.7867
2010-09-07,0.6162
2010-09-08,0.6108
2010-09-09,0.6822
2010-09-10,0.5455
2010-09-13,0.5639
2010-09-14,0.5875
2010-09-15,0.6002
2010-09-16,0.6207
2010-09-17,0.435
2010-09-20,0.4203
2010-09-21,0.2988
2010-09-27,0.4091
2010-09-28,0.489
2010-09-29,0.4729
2010-09-30,0.5247
2010-10-08,0.8328
2010-10-11,1.3062
2010-10-12,1.0475
2010-10-13,1.1893
2010-10-14,1.4771
2010-10-15,1.5841
2010-10-18,1.7842
2010-10-19,1.0676
2010-10-20,1.3626
2010-10-21,1.0137
2010-10-22,0.9521
2010-10-25,1.1876
2010-10-26,1.1648
2010-10-27,1.0107
2010-10-28,0.8031
2010-10-29,0.82
2010-11-01,1.0306
2010-11-02,1.2632
2010-11-03,1.0304
2010-11-04,0.9524
2010-11-05,1.121
2010-11-08,0.91
2010-11-09,0.8811
2010-11-10,0.864
2010-11-11,0.9999
2010-11-12,1.1565
2010-11-15,0.7362
2010-11-16,0.7793
2010-11-17,0.5984
2010-11-18,0.4662
2010-11-19,0.5912
2010-11-22,0.5903
2010-11-23,0.549
2010-11-24,0.5344
2010-11-25,0.5919
2010-11-26,0.4573
2010-11-29,0.4176
2010-11-30,0.6023
2010-12-01,0.3431
2010-12-02,0.4283
2010-12-03,0.3543
2010-12-06,0.3922
2010-12-07,0.407
2010-12-08,0.4142
2010-12-09,0.4603
2010-12-10,0.3973
2010-12-13,0.6634
2010-12-14,0.5829
2010-12-15,0.5005
2010-12-16,0.3933
2010-12-17,0.311
2010-12-20,0.5171
2010-12-21,0.5523
2010-12-22,0.4837
2010-12-23,0.424
2010-12-24,0.3813
2010-12-27,0.4819
2010-12-28,0.3874
2010-12-29,0.309
2010-12-30,0.3711
2010-12-31,0.4277
2011-01-04,0.5909
2011-01-05,0.5484
2011-01-06,0.4129
2011-01-07,0.58
2011-01-10,0.4517
2011-01-11,0.3926
2011-01-12,0.4026
2011-01-13,0.3573
2011-01-14,0.367
2011-01-17,0.4596
2011-01-18,0.2955
2011-01-19,0.389
2011-01-20,0.4198
2011-01-21,0.5027
2011-01-24,0.4502
2011-01-25,0.3368
2011-01-26,0.2982
2011-01-27,0.5677
2011-01-28,0.433
2011-01-31,0.4612
2011-02-01,0.3409
2011-02-09,0.4129
2011-02-10,0.4552
2011-02-11,0.5191
2011-02-14,0.8283
2011-02-15,0.748
2011-02-16,0.6236
2011-02-17,0.6074
2011-02-18,0.5146
2011-02-21,0.5416
2011-02-22,0.7358
2011-02-23,0.4865
2011-02-24,0.4535
2011-02-25,0.4203
2011-02-28,0.5222
2011-03-01,0.6035
2011-03-02,0.5513
2011-03-03,0.6897
2011-03-04,0.5451
2011-03-07,0.8049
2011-03-08,0.5781
2011-03-09,0.5314
2011-03-10,0.5299
2011-03-11,0.4554
2011-03-14,0.4312
2011-03-15,0.6502
2011-03-16,0.5338
2011-03-17,0.58
2011-03-18,0.4152
2011-03-21,0.3998
2011-03-22,0.3872
2011-03-23,0.4875
2011-03-24,0.4147
2011-03-25,0.5878
2011-03-28,0.6603
2011-03-29,0.7115
2011-03-30,0.5288
2011-03-31,0.4353
2011-04-01,0.4257
2011-04-06,0.714
2011-04-07,0.5713
2011-04-08,0.4988
2011-04-11,0.7042
2011-04-12,0.6875
2011-04-13,0.5861
2011-04-14,0.5987
2011-04-15,0.5283
2011-04-18,0.5826
2011-04-19,0.5717
2011-04-20,0.4859
2011-04-21,0.492
2011-04-22,0.4511
2011-04-25,0.4975
2011-04-26,0.3948
2011-04-27,0.4171
2011-04-28,0.4344
2011-04-29,0.3584
2011-05-03,0.3672
2011-05-04,0.4454
2011-05-05,0.3507
2011-05-06,0.3692
2011-05-09,0.3058
2011-05-10,0.2719
2011-05-11,0.3168
2011-05-12,0.324
2011-05-13,0.3112
2011-05-16,0.2996
2011-05-17,0.339
2011-05-18,0.2621
2011-05-19,0.2843
2011-05-20,0.2537
2011-05-23,0.3686
2011-05-24,0.2743
2011-05-25,0.259
2011-05-26,0.244
2011-05-27,0.2818
2011-05-30,0.2282
2011-05-31,0.2612
2011-06-01,0.2528
2011-06-02,0.3463
2011-06-03,0.2571
2011-06-07,0.2419
2011-06-08,0.2815
2011-06-09,0.3115
2011-06-10,0.2767
2011-06-13,0.2515
2011-06-14,0.3668
2011-06-15,0.2908
2011-06-16,0.2694
2011-06-17,0.2694
2011-06-20,0.2483
2011-06-21,0.2746
2011-06-22,0.2438
2011-06-23,0.2999
2011-06-24,0.5579
2011-06-27,0.4275
2011-06-28,0.3633
2011-06-29,0.3481
2011-06-30,0.4059
2011-07-01,0.3735
2011-07-04,0.5288
2011-07-05,0.4437
2011-07-06,0.4031
2011-07-07,0.4701
2011-07-08,0.3357
2011-07-11,0.3137
2011-07-12,0.3733
2011-07-13,0.3523
2011-07-14,0.3927
2011-07-15,0.3988
2011-07-18,0.3931
2011-07-19,0.3455
2011-07-20,0.285
2011-07-21,0.2847
2011-07-22,0.2406
2011-07-25,0.4339
2011-07-26,0.281
2011-07-27,0.3125
2011-07-28,0.3103
2011-07-29,0.2984
2011-08-01,0.2184
2011-08-02,0.2512
2011-08-03,0.2488
2011-08-04,0.2122
2011-08-05,0.3171
2011-08-08,0.4598
2011-08-09,0.4491
2011-08-10,0.3771
2011-08-11,0.3793
2011-08-12,0.3677
2011-08-15,0.385
2011-08-16,0.3277
2011-08-17,0.2519
2011-08-18,0.2592
2011-08-19,0.275
2011-08-22,0.2173
2011-08-23,0.2074
2011-08-24,0.2244
2011-08-25,0.4591
2011-08-26,0.2899
2011-08-29,0.2814
2011-08-30,0.2741
2011-08-31,0.2039
2011-09-01,0.1913
2011-09-02,0.1862
2011-09-05,0.2033
2011-09-06,0.1887
2011-09-07,0.2113
2011-09-08,0.1704
2011-09-09,0.1719
2011-09-13,0.1696
2011-09-14,0.1932
2011-09-15,0.1979
2011-09-16,0.175
2011-09-19,0.1847
2011-09-20,0.1625
2011-09-21,0.3568
2011-09-22,0.2991
2011-09-23,0.2704
2011-09-26,0.2487
2011-09-27,0.2223
2011-09-28,0.2169
2011-09-29,0.2355
2011-09-30,0.2035
2011-10-10,0.1798
2011-10-11,0.2859
2011-10-12,0.4186
2011-10-13,0.383
2011-10-14,0.243
2011-10-17,0.2292
2011-10-18,0.2495
2011-10-19,0.1972
2011-10-20,0.2523
2011-10-21,0.189
2011-10-24,0.2935
2011-10-25,0.3671
2011-10-26,0.4629
2011-10-27,0.3092
2011-10-28,0.4537
2011-10-31,0.3191
2011-11-01,0.3492
2011-11-02,0.4067
2011-11-03,0.5358
2011-11-04,0.3914
2011-11-07,0.2866
2011-11-08,0.3025
2011-11-09,0.2961
2011-11-10,0.3233
2011-11-11,0.2314
2011-11-14,0.293
2011-11-15,0.2636
2011-11-16,0.3531
2011-11-17,0.2225
2011-11-18,0.2677
2011-11-21,0.1765
2011-11-22,0.1834
2011-11-23,0.18
2011-11-24,0.1913
2011-11-25,0.1509
2011-11-28,0.1619
2011-11-29,0.1894
2011-11-30,0.2672
2011-12-01,0.4008
2011-12-02,0.2029
2011-12-05,0.2012
2011-12-06,0.165
2011-12-07,0.146
2011-12-08,0.1743
2011-12-09,0.1508
2011-12-12,0.1374
2011-12-13,0.224
2011-12-14,0.1588
2011-12-15,0.2304
2011-12-16,0.2276
2011-12-19,0.2377
2011-12-20,0.2031
2011-12-21,0.1956
2011-12-22,0.2299
2011-12-23,0.2078
2011-12-26,0.1766
2011-12-27,0.1831
2011-12-28,0.2057
2011-12-29,0.1932
2011-12-30,0.2243
2012-01-04,0.219
2012-01-05,0.2743
2012-01-06,0.2243
2012-01-09,0.3487
2012-01-10,0.517
2012-01-11,0.374
2012-01-12,0.3002
2012-01-13,0.29
2012-01-16,0.1939
2012-01-17,0.4077
2012-01-18,0.4057
2012-01-19,0.3532
2012-01-20,0.3463
2012-01-30,0.2763
2012-01-31,0.1949
2012-02-01,0.2223
2012-02-02,0.2671
2012-02-03,0.3171
2012-02-06,0.2862
2012-02-07,0.2519
2012-02-08,0.3567
2012-02-09,0.3764
2012-02-10,0.3909
2012-02-13,0.3296
2012-02-14,0.2567
2012-02-15,0.3686
2012-02-16,0.3452
2012-02-17,0.2473
2012-02-20,0.356
2012-02-21,0.3036
2012-02-22,0.4843
2012-02-23,0.4463
2012-02-24,0.5451
2012-02-27,0.6434
2012-02-28,0.4917
2012-02-29,0.3746
2012-03-01,0.2669
2012-03-02,0.4061
2012-03-05,0.4521
2012-03-06,0.3955
2012-03-07,0.3606
2012-03-08,0.3644
2012-03-09,0.3499
2012-03-12,0.3946
2012-03-13,0.3697
2012-03-14,0.6861
2012-03-15,0.4591
2012-03-16,0.3676
2012-03-19,0.3647
2012-03-20,0.3676
2012-03-21,0.3669
2012-03-22,0.2842
2012-03-23,0.2741
2012-03-26,0.2012
2012-03-27,0.2272
2012-03-28,0.3161
2012-03-29,0.2916
2012-03-30,0.234
2012-04-05,0.3434
2012-04-06,0.2676
2012-04-09,0.2234
2012-04-10,0.2611
2012-04-11,0.2685
2012-04-12,0.3568
2012-04-13,0.3353
2012-04-16,0.2578
2012-04-17,0.2387
2012-04-18,0.3705
2012-04-19,0.2932
2012-04-20,0.3876
2012-04-23,0.3701
2012-04-24,0.4488
2012-04-25,0.3941
2012-04-26,0.372
2012-04-27,0.3043
2012-05-02,0.5055
2012-05-03,0.3744
2012-05-04,0.3987
2012-05-07,0.4321
2012-05-08,0.3978
2012-05-09,0.3681
2012-05-10,0.2959
2012-05-11,0.2583
2012-05-14,0.3281
2012-05-15,0.2883
2012-05-16,0.2726
2012-05-17,0.2754
2012-05-18,0.2734
2012-05-21,0.243
2012-05-22,0.2692
2012-05-23,0.275
2012-05-24,0.2695
2012-05-25,0.247
2012-05-28,0.3539
2012-05-29,0.4531
2012-05-30,0.3255
2012-05-31,0.2768
2012-06-01,0.2773
2012-06-04,0.3292
2012-06-05,0.2368
2012-06-06,0.2122
2012-06-07,0.2184
2012-06-08,0.2745
2012-06-11,0.251
2012-06-12,0.2374
2012-06-13,0.2815
2012-06-14,0.2517
2012-06-15,0.2676
2012-06-18,0.2232
2012-06-19,0.2044
2012-06-20,0.1865
2012-06-21,0.2212
2012-06-25,0.2506
2012-06-26,0.1983
2012-06-27,0.1875
2012-06-28,0.1908
2012-06-29,0.2373
2012-07-02,0.253
2012-07-03,0.2416
2012-07-04,0.2151
2012-07-05,0.2167
2012-07-06,0.3093
2012-07-09,0.3069
2012-07-10,0.2217
2012-07-11,0.2346
2012-07-12,0.3533
2012-07-13,0.2288
2012-07-16,0.2664
2012-07-17,0.2081
2012-07-18,0.2599
2012-07-19,0.2923
2012-07-20,0.2342
2012-07-23,0.2016
2012-07-24,0.1886
2012-07-25,0.1546
2012-07-26,0.1945
2012-07-27,0.1929
2012-07-30,0.1871
2012-07-31,0.1971
2012-08-01,0.1929
2012-08-02,0.1935
2012-08-03,0.1827
2012-08-06,0.2567
2012-08-07,0.235
2012-08-08,0.2321
2012-08-09,0.2189
2012-08-10,0.2128
2012-08-13,0.2746
2012-08-14,0.2441
2012-08-15,0.1873
2012-08-16,0.1587
2012-08-17,0.1597
2012-08-20,0.1675
2012-08-21,0.2133
2012-08-22,0.1937
2012-08-23,0.1915
2012-08-24,0.1947
2012-08-27,0.2283
2012-08-28,0.2063
2012-08-29,0.1772
2012-08-30,0.2167
2012-08-31,0.1586
2012-09-03,0.2354
2012-09-04,0.2129
2012-09-05,0.2122
2012-09-06,0.1936
2012-09-07,0.5773
2012-09-10,0.3989
2012-09-11,0.2825
2012-09-12,0.303
2012-09-13,0.2568
2012-09-14,0.376
2012-09-17,0.2991
2012-09-18,0.2029
2012-09-19,0.2097
2012-09-20,0.2598
2012-09-21,0.231
2012-09-24,0.2272
2012-09-25,0.1689
2012-09-26,0.1663
2012-09-27,0.3212
2012-09-28,0.3507
2012-10-08,0.2153
2012-10-09,0.3184
2012-10-10,0.2586
2012-10-11,0.2502
2012-10-12,0.2234
2012-10-15,0.1735
2012-10-16,0.1942
2012-10-17,0.202
2012-10-18,0.3065
2012-10-19,0.2176
2012-10-22,0.208
2012-10-23,0.2251
2012-10-24,0.2262
2012-10-25,0.2672
2012-10-26,0.2464
2012-10-29,0.1662
2012-10-30,0.2051
2012-10-31,0.2236
2012-11-01,0.3054
2012-11-02,0.2396
2012-11-05,0.2372
2012-11-06,0.2355
2012-11-07,0.1982
2012-11-08,0.2123
2012-11-09,0.1828
2012-11-12,0.2081
2012-11-13,0.2043
2012-11-14,0.1604
2012-11-15,0.1697
2012-11-16,0.1813
2012-11-19,0.1615
2012-11-20,0.1433
2012-11-21,0.1826
2012-11-22,0.1371
2012-11-23,0.1716
2012-11-26,0.1481
2012-11-27,0.1912
2012-11-28,0.1796
2012-11-29,0.1776
2012-11-30,0.2179
2012-12-03,0.2405
2012-12-04,0.2168
2012-12-05,0.4936
2012-12-06,0.2907
2012-12-07,0.4558
2012-12-10,0.4391
2012-12-11,0.3079
2012-12-12,0.2692
2012-12-13,0.2508
2012-12-14,0.6632
2012-12-17,0.5597
2012-12-18,0.5103
2012-12-19,0.3765
2012-12-20,0.3907
2012-12-21,0.4089
2012-12-24,0.3155
2012-12-25,0.5676
2012-12-26,0.4255
2012-12-27,0.4354
2012-12-28,0.3992
2012-12-31,0.4852
2013-01-04,0.5862
2013-01-07,0.4487
2013-01-08,0.4288
2013-01-09,0.4192
2013-01-10,0.4243
2013-01-11,0.4431
2013-01-14,0.5583
2013-01-15,0.5885
2013-01-16,0.5582
2013-01-17,0.4172
2013-01-18,0.4651
2013-01-21,0.5021
2013-01-22,0.6311
2013-01-23,0.452
2013-01-24,0.664
2013-01-25,0.349
2013-01-28,0.5443
2013-01-29,0.6026
2013-01-30,0.5956
2013-01-31,0.5759
2013-02-01,0.6184
2013-02-04,0.7617
2013-02-05,0.6913
2013-02-06,0.4927
2013-02-07,0.5356
2013-02-08,0.4609
2013-02-18,0.4536
2013-02-19,0.4785
2013-02-20,0.4155
2013-02-21,0.5961
2013-02-22,0.3565
2013-02-25,0.3147
2013-02-26,0.4727
2013-02-27,0.3736
2013-02-28,0.5136
2013-03-01,0.4333
2013-03-04,0.6534
2013-03-05,0.5296
2013-03-06,0.5659
2013-03-07,0.5556
2013-03-08,0.3509
2013-03-11,0.3008
2013-03-12,0.4247
2013-03-13,0.3332
2013-03-14,0.2811
2013-03-15,0.4802
2013-03-18,0.3529
2013-03-19,0.3217
2013-03-20,0.535
2013-03-21,0.4101
2013-03-22,0.3281
2013-03-25,0.3318
2013-03-26,0.3771
2013-03-27,0.3355
2013-03-28,0.5163
2013-03-29,0.3089
2013-04-01,0.2783
2013-04-02,0.3273
2013-04-03,0.2678
2013-04-08,0.3132
2013-04-09,0.3078
2013-04-10,0.2791
2013-04-11,0.2526
2013-04-12,0.2345
2013-04-15,0.2734
2013-04-16,0.3247
2013-04-17,0.2625
2013-04-18,0.2518
2013-04-19,0.4435
2013-04-22,0.3671
2013-04-23,0.3562
2013-04-24,0.3703
2013-04-25,0.3556
2013-04-26,0.2767
2013-05-02,0.2759
2013-05-03,0.3656
2013-05-06,0.3542
2013-05-07,0.3195
2013-05-08,0.3492
2013-05-09,0.3532
2013-05-10,0.2862
2013-05-13,0.317
2013-05-14,0.3216
2013-05-15,0.259
2013-05-16,0.4147
2013-05-17,0.4795
2013-05-20,0.5056
2013-05-21,0.4185
2013-05-22,0.4342
2013-05-23,0.4957
2013-05-24,0.355
2013-05-27,0.3752
2013-05-28,0.4915
2013-05-29,0.4627
2013-05-30,0.4094
2013-05-31,0.3648
2013-06-03,0.3486
2013-06-04,0.3868
2013-06-05,0.2662
2013-06-06,0.3061
2013-06-07,0.3557
2013-06-13,0.4064
2013-06-14,0.3262
2013-06-17,0.2937
2013-06-18,0.2827
2013-06-19,0.3156
2013-06-20,0.3163
2013-06-21,0.3364
2013-06-24,0.4962
2013-06-25,0.6159
2013-06-26,0.4539
2013-06-27,0.4318
2013-06-28,0.455
2013-07-01,0.3322
2013-07-02,0.3558
2013-07-03,0.3787
2013-07-04,0.416
2013-07-05,0.3544
2013-07-08,0.314
2013-07-09,0.2377
2013-07-10,0.35
2013-07-11,0.72
2013-07-12,0.5136
2013-07-15,0.4279
2013-07-16,0.3272
2013-07-17,0.3372
2013-07-18,0.2848
2013-07-19,0.3515
2013-07-22,0.2655
2013-07-23,0.3728
2013-07-24,0.3468
2013-07-25,0.3275
2013-07-26,0.2437
2013-07-29,0.2718
2013-07-30,0.2748
2013-07-31,0.2406
2013-08-01,0.3117
2013-08-02,0.3032
2013-08-05,0.2755
2013-08-06,0.3669
2013-08-07,0.3634
2013-08-08,0.2641
2013-08-09,0.3213
2013-08-12,0.4868
2013-08-13,0.3891
2013-08-14,0.3769
2013-08-15,0.3075
2013-08-16,0.5972
2013-08-19,0.3558
2013-08-20,0.3588
2013-08-21,0.27
2013-08-22,0.2716
2013-08-23,0.3385
2013-08-26,0.3454
2013-08-27,0.3239
2013-08-28,0.4381
2013-08-29,0.3243
2013-08-30,0.4302
2013-09-02,0.3902
2013-09-03,0.3953
2013-09-04,0.3863
2013-09-05,0.3089
2013-09-06,0.3595
2013-09-09,0.7346
2013-09-10,0.759
2013-09-11,0.8169
2013-09-12,0.7105
2013-09-13,0.5421
2013-09-16,0.5157
2013-09-17,0.4867
2013-09-18,0.348
2013-09-23,0.3925
2013-09-24,0.4793
2013-09-25,0.4434
2013-09-26,0.4224
2013-09-27,0.3232
2013-09-30,0.2901
2013-10-08,0.4132
2013-10-09,0.3713
2013-10-10,0.4396
2013-10-11,0.4544
2013-10-14,0.4869
2013-10-15,0.4338
2013-10-16,0.4329
2013-10-17,0.3465
2013-10-18,0.2933
2013-10-21,0.4131
2013-10-22,0.4413
2013-10-23,0.4452
2013-10-24,0.314
2013-10-25,0.3748
2013-10-28,0.3055
2013-10-29,0.5187
2013-10-30,0.4479
2013-10-31,0.402
2013-11-01,0.3064
2013-11-04,0.2517
2013-11-05,0.3017
2013-11-06,0.3099
2013-11-07,0.2663
2013-11-08,0.2612
2013-11-11,0.2221
2013-11-12,0.2558
2013-11-13,0.2905
2013-11-14,0.2782
2013-11-15,0.4192
2013-11-18,0.5339
2013-11-19,0.3816
2013-11-20,0.3508
2013-11-21,0.4256
2013-11-22,0.3639
2013-11-25,0.3209
2013-11-26,0.2871
2013-11-27,0.3653
2013-11-28,0.4399
2013-11-29,0.2999
2013-12-02,0.5805
2013-12-03,0.3612
2013-12-04,0.4978
2013-12-05,0.3769
2013-12-06,0.3207
2013-12-09,0.2773
2013-12-10,0.3247
2013-12-11,0.3302
2013-12-12,0.2432
2013-12-13,0.2498
2013-12-16,0.3129
2013-12-17,0.2349
2013-12-18,0.1937
2013-12-19,0.2328
2013-12-20,0.3158
2013-12-23,0.2206
2013-12-24,0.2207
2013-12-25,0.213
2013-12-26,0.2493
2013-12-27,0.2584
2013-12-30,0.2343
2013-12-31,0.2741
2014-01-02,0.2186
2014-01-03,0.2891
2014-01-06,0.3205
2014-01-07,0.2112
2014-01-08,0.2479
2014-01-09,0.2703
2014-01-10,0.2615
2014-01-13,0.2419
2014-01-14,0.2609
2014-01-15,0.2363
2014-01-16,0.2524
2014-01-17,0.2426
2014-01-20,0.1958
2014-01-21,0.1945
2014-01-22,0.341
2014-01-23,0.272
2014-01-24,0.2952
2014-01-27,0.3395
2014-01-28,0.2571
2014-01-29,0.2424
2014-01-30,0.2104
2014-02-07,0.2433
2014-02-10,0.4005
2014-02-11,0.4785
2014-02-12,0.3692
2014-02-13,0.4638
2014-02-14,0.3234
2014-02-17,0.4234
2014-02-18,0.419
2014-02-19,0.4782
2014-02-20,0.5123
2014-02-21,0.3675
2014-02-24,0.4294
2014-02-25,0.4487
2014-02-26,0.3754
2014-02-27,0.4336
2014-02-28,0.369
2014-03-03,0.3946
2014-03-04,0.3513
2014-03-05,0.2949
2014-03-06,0.3322
2014-03-07,0.309
2014-03-10,0.3434
2014-03-11,0.277
2014-03-12,0.3369
2014-03-13,0.3328
2014-03-14,0.2818
2014-03-17,0.252
2014-03-18,0.2661
2014-03-19,0.2851
2014-03-20,0.3251
2014-03-21,0.5001
2014-03-24,0.5023
2014-03-25,0.4176
2014-03-26,0.2801
2014-03-27,0.3426
2014-03-28,0.3369
2014-03-31,0.2665
2014-04-01,0.2349
2014-04-02,0.3126
2014-04-03,0.3438
2014-04-04,0.2304
2014-04-08,0.4668
2014-04-09,0.3186
2014-04-10,0.55
2014-04-11,0.4351
2014-04-14,0.299
2014-04-15,0.3273
2014-04-16,0.2478
2014-04-17,0.2317
2014-04-18,0.2434
2014-04-21,0.2698
2014-04-22,0.2737
2014-04-23,0.229
2014-04-24,0.216
2014-04-25,0.2888
2014-04-28,0.2897
2014-04-29,0.2308
2014-04-30,0.217
2014-05-05,0.2362
2014-05-06,0.2302
2014-05-07,0.2135
2014-05-08,0.2313
2014-05-09,0.2354
2014-05-12,0.3993
2014-05-13,0.3105
2014-05-14,0.232
2014-05-15,0.2235
2014-05-16,0.202
2014-05-19,0.2051
2014-05-20,0.1783
2014-05-21,0.1862
2014-05-22,0.2211
2014-05-23,0.1794
2014-05-26,0.1886
2014-05-27,0.1712
2014-05-28,0.2387
2014-05-29,0.2141
2014-05-30,0.2094
2014-06-03,0.2002
2014-06-04,0.1994
2014-06-05,0.1738
2014-06-06,0.1703
2014-06-09,0.1873
2014-06-10,0.2406
2014-06-11,0.2027
2014-06-12,0.2048
2014-06-13,0.2821
2014-06-16,0.3028
2014-06-17,0.2388
2014-06-18,0.2366
2014-06-19,0.2543
2014-06-20,0.2027
2014-06-23,0.1968
2014-06-24,0.1919
2014-06-25,0.18
2014-06-26,0.2115
2014-06-27,0.2514
2014-06-30,0.2589
2014-07-01,0.2541
2014-07-02,0.2844
2014-07-03,0.3035
2014-07-04,0.2518
2014-07-07,0.2393
2014-07-08,0.2416
2014-07-09,0.2949
2014-07-10,0.265
2014-07-11,0.2919
2014-07-14,0.3146
2014-07-15,0.3415
2014-07-16,0.3878
2014-07-17,0.2826
2014-07-18,0.311
2014-07-21,0.2573
2014-07-22,0.373
2014-07-23,0.3999
2014-07-24,0.5672
2014-07-25,0.47
2014-07-28,0.8537
2014-07-29,0.6372
2014-07-30,0.5839
2014-07-31,0.5267
2014-08-01,0.5995
2014-08-04,0.5539
2014-08-05,0.5309
2014-08-06,0.5521
2014-08-07,0.554
2014-08-08,0.4116
2014-08-11,0.4339
2014-08-12,0.4349
2014-08-13,0.5232
2014-08-14,0.4641
2014-08-15,0.4433
2014-08-18,0.495
2014-08-19,0.5487
2014-08-20,0.4795
2014-08-21,0.4767
2014-08-22,0.4252
2014-08-25,0.4611
2014-08-26,0.4443
2014-08-27,0.3204
2014-08-28,0.3337
2014-08-29,0.2992
2014-09-01,0.3655
2014-09-02,0.5409
2014-09-03,0.6132
2014-09-04,0.5258
2014-09-05,0.631
2014-09-09,0.5584
2014-09-10,0.5158
2014-09-11,0.6283
2014-09-12,0.5157
2014-09-15,0.5773
2014-09-16,0.8819
2014-09-17,0.5916
2014-09-18,0.5473
2014-09-19,0.4807
2014-09-22,0.4815
2014-09-23,0.3958
2014-09-24,0.6722
2014-09-25,0.6529
2014-09-26,0.4723
2014-09-29,0.5802
2014-09-30,0.5424
2014-10-08,0.5712
2014-10-09,0.646
2014-10-10,0.6914
2014-10-13,0.6162
2014-10-14,0.5966
2014-10-15,0.6359
2014-10-16,0.7407
2014-10-17,0.6217
2014-10-20,0.4281
2014-10-21,0.4506
2014-10-22,0.4151
2014-10-23,0.4846
2014-10-24,0.351
2014-10-27,0.3456
2014-10-28,0.4751
2014-10-29,0.742
2014-10-30,0.8872
2014-10-31,1.1191
2014-11-03,0.9629
2014-11-04,1.0212
2014-11-05,0.8913
2014-11-06,0.7002
2014-11-07,0.9768
2014-11-10,1.0602
2014-11-11,1.5142
2014-11-12,0.8639
2014-11-13,1.0282
2014-11-14,0.772
2014-11-17,0.7413
2014-11-18,0.6683
2014-11-19,0.5711
2014-11-20,0.4963
2014-11-21,0.7061
2014-11-24,1.3083
2014-11-25,1.0408
2014-11-26,1.1406
2014-11-27,1.2411
2014-11-28,1.7548
2014-12-01,1.7088
2014-12-02,1.6898
2014-12-03,2.1782
2014-12-04,1.9944
2014-12-05,2.4526
2014-12-08,2.2637
2014-12-09,2.9572
2014-12-10,1.986
2014-12-11,1.7138
2014-12-12,1.405
2014-12-15,1.3561
2014-12-16,1.6728
2014-12-17,2.0932
2014-12-18,1.6626
2014-12-19,1.9207
2014-12-22,2.568
2014-12-23,1.7269
2014-12-24,1.4819
2014-12-25,1.4462
2014-12-26,1.7954
2014-12-29,1.981
2014-12-30,1.5299
2014-12-31,1.6122
2015-01-05,2.1024
2015-01-06,1.9521
2015-01-07,1.4835
2015-01-08,1.3668
2015-01-09,1.6215
2015-01-12,1.235
2015-01-13,0.867
2015-01-14,0.908
2015-01-15,1.1
2015-01-16,1.3076
2015-01-19,1.5235
2015-01-20,1.3759
2015-01-21,1.5611
2015-01-22,1.2415
2015-01-23,1.2928
2015-01-26,1.1065
2015-01-27,1.3275
2015-01-28,0.9967
2015-01-29,0.9755
2015-01-30,0.9057
2015-02-02,0.8997
2015-02-03,0.8889
2015-02-04,0.8807
2015-02-05,1.1529
2015-02-06,0.8864
2015-02-09,0.7925
2015-02-10,0.7325
2015-02-11,0.6649
2015-02-12,0.7176
2015-02-13,0.9237
2015-02-16,0.7603
2015-02-17,0.758
2015-02-25,0.7584
2015-02-26,1.0506
2015-02-27,1.0207
2015-03-02,1.1366
2015-03-03,1.1993
2015-03-04,0.9136
2015-03-05,0.9951
2015-03-06,0.8303
2015-03-09,1.07
2015-03-10,0.8877
2015-03-11,0.8593
2015-03-12,1.2082
2015-03-13,1.1222
2015-03-16,1.2513
2015-03-17,1.6883
2015-03-18,1.8862
2015-03-19,1.7782
2015-03-20,1.8248
2015-03-23,1.7762
2015-03-24,2.128
2015-03-25,1.7256
2015-03-26,1.5729
2015-03-27,1.3551
2015-03-30,1.9427
2015-03-31,1.9779
2015-04-01,1.4946
2015-04-02,1.538
2015-04-03,1.4574
2015-04-07,1.884
2015-04-08,2.0805
2015-04-09,1.9944
2015-04-10,1.5793
2015-04-13,1.9675
2015-04-14,1.9687
2015-04-15,2.1282
2015-04-16,1.9045
2015-04-17,2.4913
2015-04-20,3.0936
2015-04-21,2.2097
2015-04-22,2.3261
2015-04-23,2.2415
2015-04-24,2.161
2015-04-27,2.3087
2015-04-28,2.7386
2015-04-29,1.7766
2015-04-30,1.7976
2015-05-04,1.6985
2015-05-05,2.0685
2015-05-06,1.6895
2015-05-07,1.3372
2015-05-08,1.3579
2015-05-11,1.6787
2015-05-12,1.6924
2015-05-13,1.6608
2015-05-14,1.513
2015-05-15,1.4647
2015-05-18,1.2004
2015-05-19,1.4037
2015-05-20,1.6285
2015-05-21,1.3663
2015-05-22,2.0401
2015-05-25,2.0844
2015-05-26,2.1833
2015-05-27,2.1064
2015-05-28,2.5577
2015-05-29,1.9113
2015-06-01,1.865
2015-06-02,1.8433
2015-06-03,1.8464
2015-06-04,2.1405
2015-06-05,2.4193
2015-06-08,2.8241
2015-06-09,2.527
2015-06-10,1.9568
2015-06-11,1.7351
2015-06-12,1.9007
2015-06-15,2.0651
2015-06-16,1.7864
2015-06-17,1.7216
2015-06-18,1.5794
2015-06-19,1.5501
2015-06-23,1.5801
2015-06-24,1.8804
2015-06-25,1.9292
2015-06-26,1.9295
2015-06-29,2.2688
2015-06-30,2.2743
2015-07-01,1.8627
2015-07-02,1.972
2015-07-03,1.8497
2015-07-06,2.7924
2015-07-07,2.9269
2015-07-08,2.5037
2015-07-09,2.1683
2015-07-10,2.1546
2015-07-13,2.1603
2015-07-14,1.9552
2015-07-15,1.8145
2015-07-16,1.4203
2015-07-17,1.4208
2015-07-20,1.5119
2015-07-21,1.3649
2015-07-22,1.3671
2015-07-23,1.5194
2015-07-24,1.6804
2015-07-27,1.5647
2015-07-28,1.6401
2015-07-29,1.1844
2015-07-30,1.1612
2015-07-31,0.9509
2015-08-03,1.0511
2015-08-04,0.9418
2015-08-05,0.8571
2015-08-06,0.6296
2015-08-07,0.7838
2015-08-10,1.3113
2015-08-11,1.3764
2015-08-12,1.0906
2015-08-13,1.0379
2015-08-14,1.0831
2015-08-17,1.0982
2015-08-18,1.3672
2015-08-19,1.1499
2015-08-20,0.9065
2015-08-21,0.9313
2015-08-24,1.0883
2015-08-25,1.1762
2015-08-26,1.3134
2015-08-27,1.1388
2015-08-28,1.276
2015-08-31,1.1932
2015-09-01,1.5005
2015-09-02,1.4806
2015-09-07,0.8694
2015-09-08,0.6581
2015-09-09,0.9385
2015-09-10,0.6164
2015-09-11,0.4618
2015-09-14,0.8741
2015-09-15,0.6107
2015-09-16,0.6793
2015-09-17,0.7196
2015-09-18,0.4541
2015-09-21,0.5216
2015-09-22,0.6211
2015-09-23,0.5222
2015-09-24,0.4317
2015-09-25,0.5136
2015-09-28,0.314
2015-09-29,0.3687
2015-09-30,0.332
2015-10-08,0.5582
2015-10-09,0.5251
2015-10-12,0.9331
2015-10-13,0.6129
2015-10-14,0.6392
2015-10-15,0.719
2015-10-16,0.8768
2015-10-19,0.871
2015-10-20,0.7511
2015-10-21,1.1834
2015-10-22,0.7732
2015-10-23,0.8319
2015-10-26,0.8569
2015-10-27,0.8057
2015-10-28,0.7173
2015-10-29,0.5328
2015-10-30,0.5837
2015-11-02,0.5454
2015-11-03,0.4254
2015-11-04,0.8618
2015-11-05,1.6699
2015-11-06,1.2534
2015-11-09,1.4962
2015-11-10,1.2015
2015-11-11,0.9739
2015-11-12,0.9122
2015-11-13,0.8533
2015-11-16,0.6755
2015-11-17,1.0378
2015-11-18,0.7754
2015-11-19,0.6456
2015-11-20,0.7806
2015-11-23,0.7333
2015-11-24,0.5986
2015-11-25,0.6344
2015-11-26,0.7245
2015-11-27,0.8723
2015-11-30,0.7231
2015-12-01,0.57
2015-12-02,0.8915
2015-12-03,0.825
2015-12-04,0.6308
2015-12-07,0.4751
2015-12-08,0.5247
2015-12-09,0.4728
2015-12-10,0.5015
2015-12-11,0.4602
2015-12-14,0.6284
2015-12-15,0.5237
2015-12-16,0.461
2015-12-17,0.7367
2015-12-18,0.7182
2015-12-21,0.9003
2015-12-22,0.7465
2015-12-23,0.8571
2015-12-24,0.6094
2015-12-25,0.4951
2015-12-28,0.6374
2015-12-29,0.4215
2015-12-30,0.4364
2015-12-31,0.4208
2016-01-04,0.4765
2016-01-05,0.6696
2016-01-06,0.6029
2016-01-07,0.1819
2016-01-08,0.7666
2016-01-11,0.7196
2016-01-12,0.5284
2016-01-13,0.4972
2016-01-14,0.5544
2016-01-15,0.5134
2016-01-18,0.4165
2016-01-19,0.5257
2016-01-20,0.538
2016-01-21,0.4579
2016-01-22,0.3704
2016-01-25,0.3357
2016-01-26,0.5222
2016-01-27,0.5439
2016-01-28,0.4082
2016-01-29,0.4661
2016-02-01,0.357
2016-02-02,0.3643
2016-02-03,0.3182
2016-02-04,0.3769
2016-02-05,0.3156
2016-02-15,0.2994
2016-02-16,0.4623
2016-02-17,0.5268
2016-02-18,0.5108
2016-02-19,0.3586
2016-02-22,0.5788
2016-02-23,0.4622
2016-02-24,0.459
2016-02-25,0.6474
2016-02-26,0.4386
2016-02-29,0.5305
2016-03-01,0.4759
2016-03-02,0.7217
2016-03-03,0.71
2016-03-04,0.8989
2016-03-07,0.5432
2016-03-08,0.5587
2016-03-09,0.4571
2016-03-10,0.312
2016-03-11,0.3008
2016-03-14,0.4803
2016-03-15,0.4032
2016-03-16,0.5115
2016-03-17,0.4989
2016-03-18,0.8089
2016-03-21,0.9563
2016-03-22,0.6601
2016-03-23,0.5148
2016-03-24,0.5453
2016-03-25,0.3989
2016-03-28,0.4236
2016-03-29,0.3984
2016-03-30,0.4824
2016-03-31,0.4977
2016-04-01,0.4836
2016-04-05,0.5979
2016-04-06,0.4921
2016-04-07,0.4602
2016-04-08,0.4135
2016-04-11,0.5126
2016-04-12,0.3801
2016-04-13,0.8006
2016-04-14,0.4631
2016-04-15,0.4085
2016-04-18,0.397
2016-04-19,0.3307
2016-04-20,0.6633
2016-04-21,0.4283
2016-04-22,0.3151
2016-04-25,0.276
2016-04-26,0.241
2016-04-27,0.2449
2016-04-28,0.2851
2016-04-29,0.2368
2016-05-03,0.4004
2016-05-04,0.3706
2016-05-05,0.3048
2016-05-06,0.4431
2016-05-09,0.4046
2016-05-10,0.2807
2016-05-11,0.3333
2016-05-12,0.3208
2016-05-13,0.2551
2016-05-16,0.2415
2016-05-17,0.265
2016-05-18,0.3354
2016-05-19,0.2451
2016-05-20,0.2274
2016-05-23,0.2419
2016-05-24,0.2377
2016-05-25,0.2292
2016-05-26,0.2443
2016-05-27,0.2446
2016-05-30,0.2552
2016-05-31,0.5614
2016-06-01,0.4571
2016-06-02,0.3472
2016-06-03,0.4095
2016-06-06,0.3091
2016-06-07,0.2777
2016-06-08,0.3071
2016-06-13,0.3765
2016-06-14,0.2684
2016-06-15,0.3539
2016-06-16,0.3357
2016-06-17,0.3454
2016-06-20,0.257
2016-06-21,0.3553
2016-06-22,0.2686
2016-06-23,0.2736
2016-06-24,0.4222
2016-06-27,0.3351
2016-06-28,0.3701
2016-06-29,0.4172
2016-06-30,0.3201
2016-07-01,0.2882
2016-07-04,0.5354
2016-07-05,0.523
2016-07-06,0.5013
2016-07-07,0.4754
2016-07-08,0.3596
2016-07-11,0.5552
2016-07-12,0.6908
2016-07-13,0.7014
2016-07-14,0.4303
2016-07-15,0.4108
2016-07-18,0.441
2016-07-19,0.3553
2016-07-20,0.2906
2016-07-21,0.3437
2016-07-22,0.3438
2016-07-25,0.2806
2016-07-26,0.3239
2016-07-27,0.64
2016-07-28,0.4506
2016-07-29,0.3514
2016-08-01,0.3473
2016-08-02,0.2481
2016-08-03,0.2908
2016-08-04,0.2934
2016-08-05,0.3081
2016-08-08,0.3459
2016-08-09,0.3635
2016-08-10,0.3609
2016-08-11,0.4027
2016-08-12,0.463
2016-08-15,0.8782
2016-08-16,0.782
2016-08-17,0.5529
2016-08-18,0.567
2016-08-19,0.4777
2016-08-22,0.4289
2016-08-23,0.3692
2016-08-24,0.3226
2016-08-25,0.3996
2016-08-26,0.3239
2016-08-29,0.306
2016-08-30,0.3008
2016-08-31,0.3161
2016-09-01,0.3374
2016-09-02,0.3288
2016-09-05,0.3109
2016-09-06,0.3903
2016-09-07,0.4088
2016-09-08,0.2855
2016-09-09,0.3281
2016-09-12,0.4879
2016-09-13,0.2667
2016-09-14,0.2796
2016-09-19,0.2333
2016-09-20,0.2093
2016-09-21,0.2345
2016-09-22,0.3003
2016-09-23,0.2299
2016-09-26,0.2793
2016-09-27,0.2318
2016-09-28,0.1771
2016-09-29,0.2195
2016-09-30,0.1781
2016-10-10,0.3187
2016-10-11,0.3472
2016-10-12,0.2718
2016-10-13,0.3215
2016-10-14,0.3258
2016-10-17,0.3409
2016-10-18,0.4072
2016-10-19,0.4005
2016-10-20,0.3137
2016-10-21,0.4343
2016-10-24,0.6053
2016-10-25,0.4399
2016-10-26,0.3878
2016-10-27,0.3071
2016-10-28,0.3684
2016-10-31,0.2823
2016-11-01,0.2965
2016-11-02,0.3608
2016-11-03,0.4993
2016-11-04,0.4117
2016-11-07,0.3951
2016-11-08,0.408
2016-11-09,0.5503
2016-11-10,0.5328
2016-11-11,0.7863
2016-11-14,0.8435
2016-11-15,0.5322
2016-11-16,0.5134
2016-11-17,0.4808
2016-11-18,0.4586
2016-11-21,0.5791
2016-11-22,0.6665
2016-11-23,0.6422
2016-11-24,0.5764
2016-11-25,0.6073
2016-11-28,0.8198
2016-11-29,0.9366
2016-11-30,0.7059
2016-12-01,0.7122
2016-12-02,0.7762
2016-12-05,0.7146
2016-12-06,0.4565
2016-12-07,0.4518
2016-12-08,0.4638
2016-12-09,0.5939
2016-12-12,0.7714
2016-12-13,0.4984
2016-12-14,0.5103
2016-12-15,0.473
2016-12-16,0.3735
2016-12-19,0.3343
2016-12-20,0.3586
2016-12-21,0.4433
2016-12-22,0.3779
2016-12-23,0.399
2016-12-26,0.3677
2016-12-27,0.3091
2016-12-28,0.2825
2016-12-29,0.2866
2016-12-30,0.2934
2017-01-03,0.3539
2017-01-04,0.3681
2017-01-05,0.3611
2017-01-06,0.3574
2017-01-09,0.3416
2017-01-10,0.342
2017-01-11,0.3716
2017-01-12,0.3315
2017-01-13,0.3435
2017-01-16,0.6437
2017-01-17,0.2834
2017-01-18,0.2881
2017-01-19,0.2699
2017-01-20,0.2663
2017-01-23,0.3081
2017-01-24,0.2698
2017-01-25,0.238
2017-01-26,0.2663
2017-02-03,0.2243
2017-02-06,0.2783
2017-02-07,0.259
2017-02-08,0.3063
2017-02-09,0.3963
2017-02-10,0.5028
2017-02-13,0.488
2017-02-14,0.3866
2017-02-15,0.5204
2017-02-16,0.4415
2017-02-17,0.4673
2017-02-20,0.5406
2017-02-21,0.4682
2017-02-22,0.4191
2017-02-23,0.4058
2017-02-24,0.3894
2017-02-27,0.4013
2017-02-28,0.3059
2017-03-01,0.4199
2017-03-02,0.3656
2017-03-03,0.3294
2017-03-06,0.3378
2017-03-07,0.3265
2017-03-08,0.3234
2017-03-09,0.3437
2017-03-10,0.2845
2017-03-13,0.3726
2017-03-14,0.3132
2017-03-15,0.3215
2017-03-16,0.4321
2017-03-17,0.4217
2017-03-20,0.3604
2017-03-21,0.3563
2017-03-22,0.4263
2017-03-23,0.3831
2017-03-24,0.5104
2017-03-27,0.4346
2017-03-28,0.3419
2017-03-29,0.4258
2017-03-30,0.4726
2017-03-31,0.3719
2017-04-05,0.5824
2017-04-06,0.5555
2017-04-07,0.5698
2017-04-10,0.574
2017-04-11,0.6713
2017-04-12,0.7354
2017-04-13,0.5257
2017-04-14,0.5479
2017-04-17,0.4737
2017-04-18,0.4483
2017-04-19,0.4903
2017-04-20,0.4612
2017-04-21,0.4218
2017-04-24,0.4632
2017-04-25,0.3798
2017-04-26,0.452
2017-04-27,0.4978
2017-04-28,0.4101
2017-05-02,0.3745
2017-05-03,0.3699
2017-05-04,0.4176
2017-05-05,0.4435
2017-05-08,0.4994
2017-05-09,0.3098
2017-05-10,0.3716
2017-05-11,0.4406
2017-05-12,0.3766
2017-05-15,0.3346
2017-05-16,0.424
2017-05-17,0.4017
2017-05-18,0.3454
2017-05-19,0.2876
2017-05-22,0.3724
2017-05-23,0.4702
2017-05-24,0.336
2017-05-25,0.5257
2017-05-26,0.414
2017-05-31,0.4201
2017-06-01,0.4121
2017-06-02,0.3304
2017-06-05,0.3187
2017-06-06,0.256
2017-06-07,0.4168
2017-06-08,0.3602
2017-06-09,0.4037
2017-06-12,0.3636
2017-06-13,0.3022
2017-06-14,0.3369
2017-06-15,0.3321
2017-06-16,0.3073
2017-06-19,0.3205
2017-06-20,0.3232
2017-06-21,0.3527
2017-06-22,0.544
2017-06-23,0.422
2017-06-26,0.5404
2017-06-27,0.3916
2017-06-28,0.393
2017-06-29,0.3435
2017-06-30,0.3267
2017-07-03,0.3557
2017-07-04,0.3807
2017-07-05,0.3533
2017-07-06,0.4095
2017-07-07,0.4149
2017-07-10,0.4823
2017-07-11,0.4747
2017-07-12,0.4888
2017-07-13,0.5017
2017-07-14,0.4213
2017-07-17,0.7138
2017-07-18,0.4972
2017-07-19,0.7273
2017-07-20,0.5676
2017-07-21,0.4697
2017-07-24,0.5371
2017-07-25,0.4845
2017-07-26,0.5428
2017-07-27,0.5772
2017-07-28,0.4435
2017-07-31,0.5909
2017-08-01,0.6071
2017-08-02,0.6845
2017-08-03,0.5806
2017-08-04,0.6255
2017-08-07,0.4935
2017-08-08,0.5447
2017-08-09,0.4949
2017-08-10,0.5163
2017-08-11,0.5969
2017-08-14,0.4577
2017-08-15,0.4224
2017-08-16,0.4131
2017-08-17,0.431
2017-08-18,0.383
2017-08-21,0.3979
2017-08-22,0.3979
2017-08-23,0.4164
2017-08-24,0.3567
2017-08-25,0.5151
2017-08-28,0.7353
2017-08-29,0.5081
2017-08-30,0.5602
2017-08-31,0.5269
2017-09-01,0.6288
2017-09-04,0.5927
2017-09-05,0.4952
2017-09-06,0.5197
2017-09-07,0.49
2017-09-08,0.4194
2017-09-11,0.4899
2017-09-12,0.5702
2017-09-13,0.3773
2017-09-14,0.4562
2017-09-15,0.4841
2017-09-18,0.4663
2017-09-19,0.4446
2017-09-20,0.3999
2017-09-21,0.4393
2017-09-22,0.3978
2017-09-25,0.4109
2017-09-26,0.3236
2017-09-27,0.3385
2017-09-28,0.3697
2017-09-29,0.3688
2017-10-09,0.5354
2017-10-10,0.4445
2017-10-11,0.4125
2017-10-12,0.3727
2017-10-13,0.3561
2017-10-16,0.4794
2017-10-17,0.3248
2017-10-18,0.3988
2017-10-19,0.4207
2017-10-20,0.2882
2017-10-23,0.3218
2017-10-24,0.3675
2017-10-25,0.3483
2017-10-26,0.513
2017-10-27,0.5
2017-10-30,0.6213
2017-10-31,0.431
2017-11-01,0.5148
2017-11-02,0.4978
2017-11-03,0.5108
2017-11-06,0.482
2017-11-07,0.6005
2017-11-08,0.5954
2017-11-09,0.4779
2017-11-10,0.5598
2017-11-13,0.5978
2017-11-14,0.5654
2017-11-15,0.4762
2017-11-16,0.4786
2017-11-17,0.7562
2017-11-20,0.5419
2017-11-21,0.711
2017-11-22,0.7352
2017-11-23,0.7023
2017-11-24,0.5159
2017-11-27,0.5655
2017-11-28,0.4023
2017-11-29,0.491
2017-11-30,0.4257
2017-12-01,0.3839
2017-12-04,0.4046
2017-12-05,0.6074
2017-12-06,0.4305
2017-12-07,0.3555
2017-12-08,0.3517
2017-12-11,0.3802
2017-12-12,0.33
2017-12-13,0.3034
2017-12-14,0.316
2017-12-15,0.3484
2017-12-18,0.3046
2017-12-19,0.3033
2017-12-20,0.3545
2017-12-21,0.3788
2017-12-22,0.2874
2017-12-25,0.3596
2017-12-26,0.3564
2017-12-27,0.4112
2017-12-28,0.4636
2017-12-29,0.3529
2018-01-02,0.571
2018-01-03,0.5898
2018-01-04,0.5226
2018-01-05,0.5788
2018-01-08,0.6749
2018-01-09,0.5397
2018-01-10,0.5866
2018-01-11,0.4719
2018-01-12,0.4322
2018-01-15,0.6634
2018-01-16,0.6268
2018-01-17,0.8318
2018-01-18,0.6677
2018-01-19,0.813
2018-01-22,0.6773
2018-01-23,0.7826
2018-01-24,0.852
2018-01-25,0.7573
2018-01-26,0.6869
2018-01-29,0.7406
2018-01-30,0.5388
2018-01-31,0.5628
2018-02-01,0.7364
2018-02-02,0.5661
2018-02-05,0.6253
2018-02-06,0.8329
2018-02-07,0.7872
2018-02-08,0.6171
2018-02-09,0.7995
2018-02-12,0.4502
2018-02-13,0.4362
2018-02-14,0.2734
2018-02-22,0.4064
2018-02-23,0.382
2018-02-26,0.5286
2018-02-27,0.4828
2018-02-28,0.4191
2018-03-01,0.4224
2018-03-02,0.3686
2018-03-05,0.3371
2018-03-06,0.5319
2018-03-07,0.4099
2018-03-08,0.3494
2018-03-09,0.4358
2018-03-12,0.5399
2018-03-13,0.4282
2018-03-14,0.3794
2018-03-15,0.3378
2018-03-16,0.3255
2018-03-19,0.3124
2018-03-20,0.309
2018-03-21,0.3741
2018-03-22,0.3415
2018-03-23,0.6897
2018-03-26,0.4409
2018-03-27,0.4354
2018-03-28,0.3886
2018-03-29,0.4465
2018-03-30,0.3733
2018-04-02,0.4256
2018-04-03,0.3641
2018-04-04,0.3396
2018-04-09,0.3219
2018-04-10,0.4063
2018-04-11,0.4281
2018-04-12,0.3163
2018-04-13,0.2736
2018-04-16,0.3794
2018-04-17,0.3465
2018-04-18,0.4078
2018-04-19,0.3787
2018-04-20,0.3793
2018-04-23,0.3452
2018-04-24,0.4363
2018-04-25,0.2986
2018-04-26,0.3329
2018-04-27,0.342
2018-05-02,0.3179
2018-05-03,0.3585
2018-05-04,0.273
2018-05-07,0.3329
2018-05-08,0.3594
2018-05-09,0.2545
2018-05-10,0.2695
2018-05-11,0.2798
2018-05-14,0.3126
2018-05-15,0.29
2018-05-16,0.274
2018-05-17,0.2247
2018-05-18,0.2765
2018-05-21,0.3526
2018-05-22,0.2869
2018-05-23,0.3187
2018-05-24,0.2601
2018-05-25,0.2696
2018-05-28,0.2712
2018-05-29,0.3091
2018-05-30,0.3332
2018-05-31,0.3511
2018-06-01,0.2948
2018-06-04,0.2902
2018-06-05,0.298
2018-06-06,0.2769
2018-06-07,0.3038
2018-06-08,0.3155
2018-06-11,0.2612
2018-06-12,0.2771
2018-06-13,0.251
2018-06-14,0.259
2018-06-15,0.3233
2018-06-19,0.6066
2018-06-20,0.3273
2018-06-21,0.3544
2018-06-22,0.2835
2018-06-25,0.3015
2018-06-26,0.3203
2018-06-27,0.3071
2018-06-28,0.2861
2018-06-29,0.291
2018-07-02,0.315
2018-07-03,0.3557
2018-07-04,0.2806
2018-07-05,0.3045
2018-07-06,0.3207
2018-07-09,0.2853
2018-07-10,0.2589
2018-07-11,0.2682
2018-07-12,0.3587
2018-07-13,0.2716
2018-07-16,0.2541
2018-07-17,0.2306
2018-07-18,0.2474
2018-07-19,0.2546
2018-07-20,0.3792
2018-07-23,0.4426
2018-07-24,0.5824
2018-07-25,0.3591
2018-07-26,0.3353
2018-07-27,0.2605
2018-07-30,0.3048
2018-07-31,0.2523
2018-08-01,0.3353
2018-08-02,0.376
2018-08-03,0.2628
2018-08-06,0.2894
2018-08-07,0.3406
2018-08-08,0.2942
2018-08-09,0.3412
2018-08-10,0.2559
2018-08-13,0.2827
2018-08-14,0.225
2018-08-15,0.2529
2018-08-16,0.2839
2018-08-17,0.25
2018-08-20,0.263
2018-08-21,0.2789
2018-08-22,0.1884
2018-08-23,0.2266
2018-08-24,0.2364
2018-08-27,0.3495
2018-08-28,0.2796
2018-08-29,0.2484
2018-08-30,0.2535
2018-08-31,0.2823
2018-09-03,0.2461
2018-09-04,0.2485
2018-09-05,0.2382
2018-09-06,0.2308
2018-09-07,0.2369
2018-09-10,0.2364
2018-09-11,0.2167
2018-09-12,0.2024
2018-09-13,0.2493
2018-09-14,0.2228
2018-09-17,0.1936
2018-09-18,0.2609
2018-09-19,0.3303
2018-09-20,0.2391
2018-09-21,0.4015
2018-09-25,0.2557
2018-09-26,0.3451
2018-09-27,0.2584
2018-09-28,0.3122
2018-10-08,0.3621
2018-10-09,0.2468
2018-10-10,0.2386
2018-10-11,0.4474
2018-10-12,0.3648
2018-10-15,0.2575
2018-10-16,0.2548
2018-10-17,0.2843
2018-10-18,0.2729
2018-10-19,0.3656
2018-10-22,0.5396
2018-10-23,0.4477
2018-10-24,0.41
2018-10-25,0.3953
2018-10-26,0.3744
2018-10-29,0.3393
2018-10-30,0.4287
2018-10-31,0.4107
2018-11-01,0.4899
2018-11-02,0.5668
2018-11-05,0.405
2018-11-06,0.3095
2018-11-07,0.3381
2018-11-08,0.282
2018-11-09,0.3108
2018-11-12,0.3247
2018-11-13,0.4663
2018-11-14,0.4196
2018-11-15,0.3633
2018-11-16,0.4677
2018-11-19,0.4275
2018-11-20,0.4032
2018-11-21,0.3102
2018-11-22,0.24
2018-11-23,0.3121
2018-11-26,0.2189
2018-11-27,0.2043
2018-11-28,0.2761
2018-11-29,0.2968
2018-11-30,0.2615
2018-12-03,0.4477
2018-12-04,0.2927
2018-12-05,0.2805
2018-12-06,0.2811
2018-12-07,0.1965
2018-12-10,0.2337
2018-12-11,0.196
2018-12-12,0.1964
2018-12-13,0.3331
2018-12-14,0.3104
2018-12-17,0.2481
2018-12-18,0.2381
2018-12-19,0.2071
2018-12-20,0.2602
2018-12-21,0.2863
2018-12-24,0.2137
2018-12-25,0.2935
2018-12-26,0.2075
2018-12-27,0.3004
2018-12-28,0.2649
2019-01-02,0.2551
2019-01-03,0.2633
2019-01-04,0.3837
2019-01-07,0.3755
2019-01-08,0.3199
2019-01-09,0.3985
2019-01-10,0.3166
2019-01-11,0.2666
2019-01-14,0.2454
2019-01-15,0.3295
2019-01-16,0.2977
2019-01-17,0.2976
2019-01-18,0.3858
2019-01-21,0.3484
2019-01-22,0.2709
2019-01-23,0.2222
2019-01-24,0.2707
2019-01-25,0.3116
2019-01-28,0.3066
2019-01-29,0.2882
2019-01-30,0.2365
2019-01-31,0.3198
2019-02-01,0.3042
2019-02-11,0.3664
2019-02-12,0.4533
2019-02-13,0.6076
2019-02-14,0.5599
2019-02-15,0.5323
2019-02-18,0.6769
2019-02-19,0.6628
2019-02-20,0.5455
2019-02-21,0.6667
2019-02-22,0.6929
2019-02-25,1.2678
2019-02-26,1.3251
2019-02-27,1.0593
2019-02-28,0.684
2019-03-01,0.7576
2019-03-04,1.1972
2019-03-05,0.8544
2019-03-06,1.177
2019-03-07,1.2206
2019-03-08,1.1767
2019-03-11,0.8545
2019-03-12,1.0173
2019-03-13,0.8647
2019-03-14,0.706
2019-03-15,0.6482
2019-03-18,0.8026
2019-03-19,0.6724
2019-03-20,0.6498
2019-03-21,0.7263
2019-03-22,0.634
2019-03-25,0.7346
2019-03-26,0.6401
2019-03-27,0.5133
2019-03-28,0.493
2019-03-29,0.7974
2019-04-01,1.0036
2019-04-02,0.8357
2019-04-03,0.8575
2019-04-04,0.9629
2019-04-08,0.9891
2019-04-09,0.6765
2019-04-10,0.7199
2019-04-11,0.6248
2019-04-12,0.5022
2019-04-15,0.6742
2019-04-16,0.7457
2019-04-17,0.6653
2019-04-18,0.5406
2019-04-19,0.5562
2019-04-22,0.6984
2019-04-23,0.5725
2019-04-24,0.5351
2019-04-25,0.5874
2019-04-26,0.5223
2019-04-29,0.5659
2019-04-30,0.4275
2019-05-06,0.7261
2019-05-07,0.4885
2019-05-08,0.4148
2019-05-09,0.3713
2019-05-10,0.5437
2019-05-13,0.3794
2019-05-14,0.3754
2019-05-15,0.4042
2019-05-16,0.4265
2019-05-17,0.4712
2019-05-20,0.3997
2019-05-21,0.4072
2019-05-22,0.3606
2019-05-23,0.3663
2019-05-24,0.2967
2019-05-27,0.3989
2019-05-28,0.432
2019-05-29,0.3421
2019-05-30,0.3452
2019-05-31,0.327
2019-06-03,0.3691
2019-06-04,0.3192
2019-06-05,0.3248
2019-06-06,0.3129
2019-06-10,0.3379
2019-06-11,0.5248
2019-06-12,0.4359
2019-06-13,0.3521
2019-06-14,0.3721
2019-06-17,0.2702
2019-06-18,0.2616
2019-06-19,0.4649
2019-06-20,0.6247
2019-06-21,0.5682
2019-06-24,0.3702
2019-06-25,0.4589
2019-06-26,0.3026
2019-06-27,0.3895
2019-06-28,0.3131
2019-07-01,0.5848
2019-07-02,0.4859
2019-07-03,0.4127
2019-07-04,0.3659
2019-07-05,0.2725
2019-07-08,0.4033
2019-07-09,0.2755
2019-07-10,0.2681
2019-07-11,0.2772
2019-07-12,0.2778
2019-07-15,0.3725
2019-07-16,0.2972
2019-07-17,0.3503
2019-07-18,0.322
2019-07-19,0.3242
2019-07-22,0.3389
2019-07-23,0.2624
2019-07-24,0.3347
2019-07-25,0.345
2019-07-26,0.3064
2019-07-29,0.3121
2019-07-30,0.3464
2019-07-31,0.3022
2019-08-01,0.3094
2019-08-02,0.3976
2019-08-05,0.3718
2019-08-06,0.4764
2019-08-07,0.3091
2019-08-08,0.3246
2019-08-09,0.3127
2019-08-12,0.3009
2019-08-13,0.2803
2019-08-14,0.3342
2019-08-15,0.3247
2019-08-16,0.3235
2019-08-19,0.5102
2019-08-20,0.3977
2019-08-21,0.3013
2019-08-22,0.3141
2019-08-23,0.3218
2019-08-26,0.3434
2019-08-27,0.4564
2019-08-28,0.3248
2019-08-29,0.3077
2019-08-30,0.3538
2019-09-02,0.4036
2019-09-03,0.3576
2019-09-04,0.4634
2019-09-05,0.6648
2019-09-06,0.446
2019-09-09,0.5373
2019-09-10,0.479
2019-09-11,0.4816
2019-09-12,0.4034
2019-09-16,0.4035
2019-09-17,0.4158
2019-09-18,0.3001
2019-09-19,0.3145
2019-09-20,0.3782
2019-09-23,0.3437
2019-09-24,0.3209
2019-09-25,0.3272
2019-09-26,0.3755
2019-09-27,0.2705
2019-09-30,0.241
2019-10-08,0.2801
2019-10-09,0.277
2019-10-10,0.2893
2019-10-11,0.3411
2019-10-14,0.4469
2019-10-15,0.3112
2019-10-16,0.3037
2019-10-17,0.2367
2019-10-18,0.3004
2019-10-21,0.2705
2019-10-22,0.2513
2019-10-23,0.256
2019-10-24,0.2601
2019-10-25,0.2824
2019-10-28,0.3547
2019-10-29,0.2995
2019-10-30,0.2836
2019-10-31,0.3158
2019-11-01,0.3667
2019-11-04,0.3794
2019-11-05,0.4112
2019-11-06,0.3544
2019-11-07,0.3177
2019-11-08,0.3536
2019-11-11,0.3428
2019-11-12,0.2787
2019-11-13,0.2795
2019-11-14,0.3168
2019-11-15,0.3048
2019-11-18,0.2779
2019-11-19,0.2979
2019-11-20,0.2782
2019-11-21,0.2504
2019-11-22,0.3298
2019-11-25,0.3842
2019-11-26,0.4043
2019-11-27,0.2771
2019-11-28,0.2365
2019-11-29,0.2686
2019-12-02,0.2804
2019-12-03,0.2666
2019-12-04,0.2886
2019-12-05,0.3226
2019-12-06,0.2849
2019-12-09,0.3454
2019-12-10,0.3124
2019-12-11,0.3613
2019-12-12,0.3068
2019-12-13,0.5381
2019-12-16,0.5421
2019-12-17,0.7344
2019-12-18,0.5525
2019-12-19,0.4304
2019-12-20,0.4427
2019-12-23,0.4483
2019-12-24,0.3502
2019-12-25,0.3464
2019-12-26,0.3971
2019-12-27,0.5503
2019-12-30,0.5686
2019-12-31,0.4493
2020-01-02,0.6638
2020-01-03,0.5205
2020-01-06,0.6388
2020-01-07,0.5083
2020-01-08,0.6107
2020-01-09,0.4988
2020-01-10,0.4119
2020-01-13,0.4362
2020-01-14,0.4712
2020-01-15,0.3813
2020-01-16,0.3654
2020-01-17,0.3596
2020-01-20,0.4449
2020-01-21,0.4741
2020-01-22,0.4604
2020-01-23,0.5808
2020-02-03,0.5704
2020-02-04,0.7745
2020-02-05,0.6333
2020-02-06,0.6389
2020-02-07,0.5493
2020-02-10,0.5373
2020-02-11,0.5193
2020-02-12,0.4587
2020-02-13,0.5249
2020-02-14,0.5185
2020-02-17,0.6605
2020-02-18,0.5899
2020-02-19,0.6107
2020-02-20,0.7668
2020-02-21,0.7848
2020-02-24,0.7691
2020-02-25,0.8821
2020-02-26,0.9426
2020-02-27,0.6543
2020-02-28,0.831
2020-03-02,0.791
2020-03-03,0.7912
2020-03-04,0.6579
2020-03-05,0.8361
2020-03-06,0.622
2020-03-09,0.7505
2020-03-10,0.7118
2020-03-11,0.5829
2020-03-12,0.5663
2020-03-13,0.6789
2020-03-16,0.6705
2020-03-17,0.5994
2020-03-18,0.5589
2020-03-19,0.6518
2020-03-20,0.5033
2020-03-23,0.4943
2020-03-24,0.5158
2020-03-25,0.5534
2020-03-26,0.4046
2020-03-27,0.4469
2020-03-30,0.457
2020-03-31,0.4013
2020-04-01,0.4297
2020-04-02,0.4145
2020-04-03,0.3593
2020-04-07,0.5138
2020-04-08,0.4008
2020-04-09,0.3615
2020-04-10,0.3686
2020-04-13,0.2844
2020-04-14,0.398
2020-04-15,0.3902
2020-04-16,0.3452
2020-04-17,0.4744
2020-04-20,0.3595
2020-04-21,0.3699
2020-04-22,0.3087
2020-04-23,0.3433
2020-04-24,0.3408
2020-04-27,0.343
2020-04-28,0.4387
2020-04-29,0.3444
2020-04-30,0.4776
2020-05-06,0.5025
2020-05-07,0.3791
2020-05-08,0.4201
2020-05-11,0.4405
2020-05-12,0.3528
2020-05-13,0.3167
2020-05-14,0.3179
2020-05-15,0.3326
2020-05-18,0.4051
2020-05-19,0.3376
2020-05-20,0.3618
2020-05-21,0.3404
2020-05-22,0.371
2020-05-25,0.2836
2020-05-26,0.2778
2020-05-27,0.3003
2020-05-28,0.3336
2020-05-29,0.3362
2020-06-01,0.489
2020-06-02,0.5172
2020-06-03,0.4894
2020-06-04,0.3735
2020-06-05,0.3667
2020-06-08,0.4932
2020-06-09,0.4123
2020-06-10,0.4014
2020-06-11,0.4551
2020-06-12,0.4794
2020-06-15,0.4773
2020-06-16,0.4037
2020-06-17,0.3837
2020-06-18,0.5019
2020-06-19,0.5557
2020-06-22,0.566
2020-06-23,0.4694
2020-06-24,0.442
2020-06-29,0.4749
2020-06-30,0.457
2020-07-01,0.6168
2020-07-02,0.9177
2020-07-03,1.0535
2020-07-06,1.4712
2020-07-07,1.4719
2020-07-08,1.2619
2020-07-09,1.2726
2020-07-10,1.149
2020-07-13,1.1654
2020-07-14,1.0769
2020-07-15,0.9868
2020-07-16,1.031
2020-07-17,0.7511
2020-07-20,0.8907
2020-07-21,0.7253
2020-07-22,0.8113
2020-07-23,0.8479
2020-07-24,0.8826
2020-07-27,0.6203
2020-07-28,0.589
2020-07-29,0.6756
2020-07-30,0.6042
2020-07-31,0.6685
2020-08-03,0.7767
2020-08-04,0.8678
2020-08-05,0.7113
2020-08-06,0.824
2020-08-07,0.772
2020-08-10,0.7368
2020-08-11,0.7432
2020-08-12,0.7335
2020-08-13,0.5515
2020-08-14,0.5325
2020-08-17,0.9689
2020-08-18,0.6838
2020-08-19,0.6957
2020-08-20,0.5723
2020-08-21,0.5155
2020-08-24,0.5462
2020-08-25,0.5119
2020-08-26,0.5466
2020-08-27,0.4289
2020-08-28,0.5744
2020-08-31,0.7297
2020-09-01,0.4985
2020-09-02,0.5691
2020-09-03,0.5247
2020-09-04,0.4322
2020-09-07,0.535
2020-09-08,0.5011
2020-09-09,0.5842
2020-09-10,0.5423
2020-09-11,0.4151
2020-09-14,0.386
2020-09-15,0.3669
2020-09-16,0.3915
2020-09-17,0.3815
2020-09-18,0.5775
2020-09-21,0.4479
2020-09-22,0.4304
2020-09-23,0.3446
2020-09-24,0.4049
2020-09-25,0.3345
2020-09-28,0.3058
2020-09-29,0.3092
2020-09-30,0.3203
2020-10-09,0.4003
2020-10-12,0.5601
2020-10-13,0.4189
2020-10-14,0.4021
2020-10-15,0.3951
2020-10-16,0.4193
2020-10-19,0.4643
2020-10-20,0.3522
2020-10-21,0.3729
2020-10-22,0.364
2020-10-23,0.3836
2020-10-26,0.3889
2020-10-27,0.3326
2020-10-28,0.3893
2020-10-29,0.4204
2020-10-30,0.5007
2020-11-02,0.51
2020-11-03,0.4857
2020-11-04,0.4091
2020-11-05,0.497
2020-11-06,0.5481
2020-11-09,0.7032
2020-11-10,0.6288
2020-11-11,0.5867
2020-11-12,0.4213
2020-11-13,0.4769
2020-11-16,0.5304
2020-11-17,0.5401
2020-11-18,0.5854
2020-11-19,0.4766
2020-11-20,0.4613
2020-11-23,0.7341
2020-11-24,0.5584
2020-11-25,0.6073
2020-11-26,0.4883
2020-11-27,0.58
2020-11-30,0.9347
2020-12-01,0.7263
2020-12-02,0.6955
2020-12-03,0.633
2020-12-04,0.5137
2020-12-07,0.4979
2020-12-08,0.4378
2020-12-09,0.4942
2020-12-10,0.4468
2020-12-11,0.5654
2020-12-14,0.4448
2020-12-15,0.4343
2020-12-16,0.3919
2020-12-17,0.4889
2020-12-18,0.4694
2020-12-21,0.5161
2020-12-22,0.595
2020-12-23,0.5141
2020-12-24,0.4193
2020-12-25,0.4435
2020-12-28,0.5009
2020-12-29,0.5166
2020-12-30,0.5438
2020-12-31,0.6279
2021-01-04,0.7746
2021-01-05,0.823
2021-01-06,0.7089
2021-01-07,0.8043
2021-01-08,0.7474
2021-01-11,0.8479
2021-01-12,0.8201
2021-01-13,0.957
2021-01-14,0.8915
2021-01-15,0.8731
2021-01-18,0.7574
2021-01-19,0.772
2021-01-20,0.6247
2021-01-21,0.7606
2021-01-22,0.722
2021-01-25,0.7138
2021-01-26,0.6228
2021-01-27,0.5803
2021-01-28,0.6176
2021-01-29,0.66
2021-02-01,0.6019
2021-02-02,0.5978
2021-02-03,0.6803
2021-02-04,0.6531
2021-02-05,0.686
2021-02-08,0.5926
2021-02-09,0.5957
2021-02-10,0.6148
2021-02-18,0.7903
2021-02-19,0.7744
2021-02-22,1.0187
2021-02-23,0.8442
2021-02-24,0.8139
2021-02-25,0.8331
2021-02-26,0.7661
2021-03-01,0.6398
2021-03-02,0.7084
2021-03-03,0.7019
2021-03-04,0.767
2021-03-05,0.7304
2021-03-08,0.83
2021-03-09,0.8317
2021-03-10,0.6126
2021-03-11,0.6835
2021-03-12,0.7246
2021-03-15,0.7359
2021-03-16,0.5818
2021-03-17,0.5377
2021-03-18,0.5151
2021-03-19,0.5918
2021-03-22,0.6034
2021-03-23,0.5696
2021-03-24,0.5745
2021-03-25,0.4792
2021-03-26,0.526
2021-03-29,0.5169
2021-03-30,0.4995
2021-03-31,0.5093
2021-04-01,0.4336
2021-04-02,0.4576
2021-04-06,0.3958
2021-04-07,0.5252
2021-04-08,0.5108
2021-04-09,0.4627
2021-04-12,0.5499
2021-04-13,0.4788
2021-04-14,0.4354
2021-04-15,0.3921
2021-04-16,0.4007
2021-04-19,0.5575
2021-04-20,0.4917
2021-04-21,0.4488
2021-04-22,0.4363
2021-04-23,0.4395
2021-04-26,0.545
2021-04-27,0.4463
2021-04-28,0.4342
2021-04-29,0.5043
2021-04-30,0.5764
2021-05-06,0.5716
2021-05-07,0.6199
2021-05-10,0.6146
2021-05-11,0.5451
2021-05-12,0.4554
2021-05-13,0.4756
2021-05-14,0.5732
2021-05-17,0.5529
2021-05-18,0.4253
2021-05-19,0.4263
2021-05-20,0.4972
2021-05-21,0.448
2021-05-24,0.455
2021-05-25,0.657
2021-05-26,0.609
2021-05-27,0.5328
2021-05-28,0.5907
2021-05-31,0.5189
2021-06-01,0.5155
2021-06-02,0.4937
2021-06-03,0.5082
2021-06-04,0.518
2021-06-07,0.457
2021-06-08,0.4672
2021-06-09,0.4359
2021-06-10,0.4973
2021-06-11,0.6467
2021-06-15,0.5245
2021-06-16,0.4593
2021-06-17,0.442
2021-06-18,0.5453
2021-06-21,0.4843
2021-06-22,0.4778
2021-06-23,0.4993
2021-06-24,0.4633
2021-06-25,0.5662
2021-06-28,0.4867
2021-06-29,0.4572
2021-06-30,0.379
2021-07-01,0.4648
2021-07-02,0.4764
2021-07-05,0.4793
2021-07-06,0.5134
2021-07-07,0.5422
2021-07-08,0.6344
2021-07-09,0.586
2021-07-12,0.7522
2021-07-13,0.6073
2021-07-14,0.6871
2021-07-15,0.6599
2021-07-16,0.6193
2021-07-19,0.558
2021-07-20,0.471
2021-07-21,0.6117
2021-07-22,0.6757
2021-07-23,0.7886
2021-07-26,0.8307
2021-07-27,0.8616
2021-07-28,0.7014
2021-07-29,0.6311
2021-07-30,0.664
2021-08-02,0.827
2021-08-03,0.7409
2021-08-04,0.6387
2021-08-05,0.6093
2021-08-06,0.5612
2021-08-09,0.6641
2021-08-10,0.6079
2021-08-11,0.6633
2021-08-12,0.6122
2021-08-13,0.5752
2021-08-16,0.5884
2021-08-17,0.6815
2021-08-18,0.7174
2021-08-19,0.7328
2021-08-20,0.6453
2021-08-23,0.6088
2021-08-24,0.7189
2021-08-25,0.688
2021-08-26,0.7176
2021-08-27,0.6644
2021-08-30,0.7961
2021-08-31,0.8522
2021-09-01,1.1842
2021-09-02,0.9695
2021-09-03,0.9703
2021-09-06,0.8705
2021-09-07,0.8838
2021-09-08,0.9578
2021-09-09,0.9285
2021-09-10,1.0435
2021-09-13,0.9045
2021-09-14,0.8889
2021-09-15,0.6804
2021-09-16,0.7845
2021-09-17,0.7314
2021-09-22,0.692
2021-09-23,0.8257
2021-09-24,0.7517
2021-09-27,0.7814
2021-09-28,0.6401
2021-09-29,0.681
2021-09-30,0.5288
2021-10-08,0.6115
2021-10-11,0.5917
2021-10-12,0.6082
2021-10-13,0.4746
2021-10-14,0.4326
2021-10-15,0.5168
2021-10-18,0.5111
2021-10-19,0.489
2021-10-20,0.5116
2021-10-21,0.5383
2021-10-22,0.5203
2021-10-25,0.5128
2021-10-26,0.509
2021-10-27,0.5314
2021-10-28,0.5659
2021-10-29,0.5771
2021-11-01,0.6194
2021-11-02,0.6693
2021-11-03,0.5153
2021-11-04,0.4786
2021-11-05,0.5334
2021-11-08,0.4959
2021-11-09,0.4273
2021-11-10,0.4877
2021-11-11,0.5792
2021-11-12,0.4787
2021-11-15,0.4396
2021-11-16,0.4548
2021-11-17,0.3876
2021-11-18,0.4091
2021-11-19,0.4546
2021-11-22,0.4935
2021-11-23,0.5514
2021-11-24,0.4901
2021-11-25,0.4145
2021-11-26,0.4301
2021-11-29,0.4775
2021-11-30,0.4632
2021-12-01,0.4397
2021-12-02,0.529
2021-12-03,0.5146
2021-12-06,0.6202
2021-12-07,0.6396
2021-12-08,0.5592
2021-12-09,0.7832
2021-12-10,0.6876
2021-12-13,0.762
2021-12-14,0.5725
2021-12-15,0.5415
2021-12-16,0.5182
2021-12-17,0.536
2021-12-20,0.6103
2021-12-21,0.5156
2021-12-22,0.4793
2021-12-23,0.502
2021-12-24,0.5131
2021-12-27,0.4463
2021-12-28,0.4692
2021-12-29,0.4085
2021-12-30,0.4374
2021-12-31,0.4363
2022-01-04,0.545
2022-01-05,0.6431
2022-01-06,0.567
2022-01-07,0.673
2022-01-10,0.5618
2022-01-11,0.5284
2022-01-12,0.5145
2022-01-13,0.5121
2022-01-14,0.5277
2022-01-17,0.4142
2022-01-18,0.542
2022-01-19,0.4811
2022-01-20,0.5926
2022-01-21,0.4991
2022-01-24,0.411
2022-01-25,0.4799
2022-01-26,0.3844
2022-01-27,0.4354
2022-01-28,0.454
2022-02-07,0.5199
2022-02-08,0.5593
2022-02-09,0.5324
2022-02-10,0.5438
2022-02-11,0.5596
2022-02-14,0.5154
2022-02-15,0.4122
2022-02-16,0.3843
2022-02-17,0.3942
2022-02-18,0.3746
2022-02-21,0.4026
2022-02-22,0.4412
2022-02-23,0.4399
2022-02-24,0.6598
2022-02-25,0.5357
2022-02-28,0.4845
2022-03-01,0.4406
2022-03-02,0.4054
2022-03-03,0.4948
2022-03-04,0.4554
2022-03-07,0.5803
2022-03-08,0.6006
2022-03-09,0.6948
2022-03-10,0.5195
2022-03-11,0.5449
2022-03-14,0.4655
2022-03-15,0.7241
2022-03-16,0.7009
2022-03-17,0.6415
2022-03-18,0.5344
2022-03-21,0.4542
2022-03-22,0.4519
2022-03-23,0.4184
2022-03-24,0.3892
2022-03-25,0.3888
2022-03-28,0.4232
2022-03-29,0.3582
2022-03-30,0.4943
2022-03-31,0.4788
2022-04-01,0.478
2022-04-06,0.5683
2022-04-07,0.4817
2022-04-08,0.5101
2022-04-11,0.5292
2022-04-12,0.5152
2022-04-13,0.4467
2022-04-14,0.4456
2022-04-15,0.4455
2022-04-18,0.4196
2022-04-19,0.3936
2022-04-20,0.4185
2022-04-21,0.4737
2022-04-22,0.4355
2022-04-25,0.6006
2022-04-26,0.5621
2022-04-27,0.6161
2022-04-28,0.546
2022-04-29,0.6401
2022-05-05,0.5498
2022-05-06,0.4387
2022-05-09,0.3314
2022-05-10,0.4865
2022-05-11,0.5907
2022-05-12,0.4043
2022-05-13,0.392
2022-05-16,0.4006
2022-05-17,0.3907
2022-05-18,0.3847
2022-05-19,0.4138
2022-05-20,0.5234
2022-05-23,0.4643
2022-05-24,0.518
2022-05-25,0.3833
2022-05-26,0.4491
2022-05-27,0.4011
2022-05-30,0.3953
2022-05-31,0.4816
2022-06-01,0.4085
2022-06-02,0.4049
2022-06-06,0.5968
2022-06-07,0.508
2022-06-08,0.5591
2022-06-09,0.5983
2022-06-10,0.6563
2022-06-13,0.604
2022-06-14,0.6143
2022-06-15,0.9214
2022-06-16,0.6598
2022-06-17,0.5686
2022-06-20,0.5937
2022-06-21,0.5901
2022-06-22,0.5683
2022-06-23,0.6122
2022-06-24,0.6053
2022-06-27,0.6354
2022-06-28,0.6252
2022-06-29,0.67
2022-06-30,0.5601
2022-07-01,0.5175
2022-07-04,0.5228
2022-07-05,0.5531
2022-07-06,0.5347
2022-07-07,0.4736
2022-07-08,0.4398
2022-07-11,0.4797
2022-07-12,0.4645
2022-07-13,0.4678
2022-07-14,0.5182
2022-07-15,0.5359
2022-07-18,0.4374
2022-07-19,0.3703
2022-07-20,0.3371
2022-07-21,0.4179
2022-07-22,0.3702
2022-07-25,0.2982
2022-07-26,0.306
2022-07-27,0.2813
2022-07-28,0.3834
2022-07-29,0.407
2022-08-01,0.3841
2022-08-02,0.507
2022-08-03,0.4157
2022-08-04,0.319
2022-08-05,0.3655
2022-08-08,0.3214
2022-08-09,0.2998
2022-08-10,0.3048
2022-08-11,0.4325
2022-08-12,0.3805
2022-08-15,0.3773
2022-08-16,0.3345
2022-08-17,0.4021
2022-08-18,0.36
2022-08-19,0.4176
2022-08-22,0.398
2022-08-23,0.3651
2022-08-24,0.4214
2022-08-25,0.394
2022-08-26,0.3504
2022-08-29,0.3308
2022-08-30,0.327
2022-08-31,0.4642
2022-09-01,0.3413
2022-09-02,0.3039
2022-09-05,0.3283
2022-09-06,0.3974
2022-09-07,0.3771
2022-09-08,0.3533
2022-09-09,0.4147
2022-09-13,0.3915
2022-09-14,0.3179
2022-09-15,0.434
2022-09-16,0.4804
2022-09-19,0.3417
2022-09-20,0.2966
2022-09-21,0.3023
2022-09-22,0.2831
2022-09-23,0.3299
2022-09-26,0.3651
2022-09-27,0.3104
2022-09-28,0.3022
2022-09-29,0.2987
2022-09-30,0.2739
2022-10-10,0.3579
2022-10-11,0.2927
2022-10-12,0.3768
2022-10-13,0.3451
2022-10-14,0.4051
2022-10-17,0.3631
2022-10-18,0.3079
2022-10-19,0.2843
2022-10-20,0.3147
2022-10-21,0.3442
2022-10-24,0.4533
2022-10-25,0.3867
2022-10-26,0.4227
2022-10-27,0.4112
2022-10-28,0.4139
2022-10-31,0.4825
2022-11-01,0.5202
2022-11-02,0.4929
2022-11-03,0.3849
2022-11-04,0.5212
2022-11-07,0.4519
2022-11-08,0.3447
2022-11-09,0.3113
2022-11-10,0.3603
2022-11-11,0.6602
2022-11-14,0.5905
2022-11-15,0.5273
2022-11-16,0.4198
2022-11-17,0.3687
2022-11-18,0.4005
2022-11-21,0.3336
2022-11-22,0.5029
2022-11-23,0.503
2022-11-24,0.3518
2022-11-25,0.4974
2022-11-28,0.4434
2022-11-29,0.6196
2022-11-30,0.5459
2022-12-01,0.5891
2022-12-02,0.4048
2022-12-05,0.6992
2022-12-06,0.5376
2022-12-07,0.4956
2022-12-08,0.3993
2022-12-09,0.533
2022-12-12,0.4402
2022-12-13,0.353
2022-12-14,0.3444
2022-12-15,0.3106
2022-12-16,0.3257
2022-12-19,0.3733
2022-12-20,0.2902
2022-12-21,0.2264
2022-12-22,0.2923
2022-12-23,0.2279
2022-12-26,0.2549
2022-12-27,0.2707
2022-12-28,0.2947
2022-12-29,0.2771
2022-12-30,0.275
2023-01-03,0.4016
2023-01-04,0.3861
2023-01-05,0.4065
2023-01-06,0.3871
2023-01-09,0.4084
2023-01-10,0.355
2023-01-11,0.3489
2023-01-12,0.3154
2023-01-13,0.3339
2023-01-16,0.5232
2023-01-17,0.33
2023-01-18,0.291
2023-01-19,0.327
2023-01-20,0.4269
2023-01-30,0.5687
2023-01-31,0.4303
2023-02-01,0.4872
2023-02-02,0.4624
2023-02-03,0.4044
2023-02-06,0.3806
2023-02-07,0.3156
2023-02-08,0.2929
2023-02-09,0.3533
2023-02-10,0.3341
2023-02-13,0.4452
2023-02-14,0.3541
2023-02-15,0.4203
2023-02-16,0.5503
2023-02-17,0.4012
2023-02-20,0.5587
2023-02-21,0.5034
2023-02-22,0.3602
2023-02-23,0.3576
2023-02-24,0.3488
2023-02-27,0.3238
2023-02-28,0.3809
2023-03-01,0.5386
2023-03-02,0.5116
2023-03-03,0.5534
2023-03-06,0.5625
2023-03-07,0.6761
2023-03-08,0.407
2023-03-09,0.4022
2023-03-10,0.4274
2023-03-13,0.4954
2023-03-14,0.5195
2023-03-15,0.4901
2023-03-16,0.5263
2023-03-17,0.6123
2023-03-20,0.7071
2023-03-21,0.4998
2023-03-22,0.5141
2023-03-23,0.5464
2023-03-24,0.5483
2023-03-27,0.5794
2023-03-28,0.4536
2023-03-29,0.4599
2023-03-30,0.5151
2023-03-31,0.4768
2023-04-03,0.6255
2023-04-04,0.677
2023-04-06,0.5175
2023-04-07,0.4419
2023-04-10,0.523
2023-04-11,0.5279
2023-04-12,0.5693
2023-04-13,0.5367
2023-04-14,0.5169
2023-04-17,0.6475
2023-04-18,0.5833
2023-04-19,0.5571
2023-04-20,0.5574
2023-04-21,0.6194
2023-04-24,0.5826
2023-04-25,0.5908
2023-04-26,0.5567
2023-04-27,0.5264
2023-04-28,0.6142
2023-05-04,0.7785
2023-05-05,0.7068
2023-05-08,0.8739
2023-05-09,0.9549
2023-05-10,0.7096
2023-05-11,0.495
2023-05-12,0.4937
2023-05-15,0.6024
2023-05-16,0.4676
2023-05-17,0.4048
2023-05-18,0.4666
2023-05-19,0.4108
2023-05-22,0.3729
2023-05-23,0.4056
2023-05-24,0.469
2023-05-25,0.4242
2023-05-26,0.3428
2023-05-29,0.4505
2023-05-30,0.4702
2023-05-31,0.4318
2023-06-01,0.4596
2023-06-02,0.4269
2023-06-05,0.3964
2023-06-06,0.4293
2023-06-07,0.3374
2023-06-08,0.4048
2023-06-09,0.4581
2023-06-12,0.4217
2023-06-13,0.369
2023-06-14,0.4157
2023-06-15,0.4268
2023-06-16,0.4643
2023-06-19,0.4478
2023-06-20,0.4066
2023-06-21,0.3926
2023-06-26,0.444
2023-06-27,0.3876
2023-06-28,0.3546
2023-06-29,0.3256
2023-06-30,0.3355
2023-07-03,0.4383
2023-07-04,0.3603
2023-07-05,0.3212
2023-07-06,0.3294
2023-07-07,0.332
2023-07-10,0.3028
2023-07-11,0.2846
2023-07-12,0.3666
2023-07-13,0.3952
2023-07-14,0.402
2023-07-17,0.3228
2023-07-18,0.3
2023-07-19,0.2611
2023-07-20,0.302
2023-07-21,0.2609
2023-07-24,0.2477
2023-07-25,0.535
2023-07-26,0.3539
2023-07-27,0.363
2023-07-28,0.5896
2023-07-31,0.6548
2023-08-01,0.4667
2023-08-02,0.4128
2023-08-03,0.4232
2023-08-04,0.5847
2023-08-07,0.3979
2023-08-08,0.3604
2023-08-09,0.3104
2023-08-10,0.3187
2023-08-11,0.4135
2023-08-14,0.3803
2023-08-15,0.3381
2023-08-16,0.3102
2023-08-17,0.3227
2023-08-18,0.3133
2023-08-21,0.3237
2023-08-22,0.3945
2023-08-23,0.3183
2023-08-24,0.3922
2023-08-25,0.3449
2023-08-28,0.6492
2023-08-29,0.4994
2023-08-30,0.4247
2023-08-31,0.3896
2023-09-01,0.3449
2023-09-04,0.4663
2023-09-05,0.3408
2023-09-06,0.306
2023-09-07,0.3115
2023-09-08,0.2346
2023-09-11,0.345
2023-09-12,0.26
2023-09-13,0.2672
2023-09-14,0.3288
2023-09-15,0.3583
2023-09-18,0.2839
2023-09-19,0.2723
2023-09-20,0.247
2023-09-21,0.2718
2023-09-22,0.3608
2023-09-25,0.3031
2023-09-26,0.2555
2023-09-27,0.2999
2023-09-28,0.2789
2023-10-09,0.3341
2023-10-10,0.3243
2023-10-11,0.3339
2023-10-12,0.374
2023-10-13,0.3215
2023-10-16,0.3004
2023-10-17,0.2968
2023-10-18,0.3092
2023-10-19,0.3655
2023-10-20,0.3222
2023-10-23,0.3158
2023-10-24,0.3779
2023-10-25,0.4186
2023-10-26,0.3438
2023-10-27,0.3932
2023-10-30,0.4706
2023-10-31,0.368
2023-11-01,0.3191
2023-11-02,0.2953
2023-11-03,0.3188
2023-11-06,0.5
2023-11-07,0.3604
2023-11-08,0.3614
2023-11-09,0.3655
2023-11-10,0.3336
2023-11-13,0.316
2023-11-14,0.3296
2023-11-15,0.3429
2023-11-16,0.2858
2023-11-17,0.2853
2023-11-20,0.2976
2023-11-21,0.3548
2023-11-22,0.277
2023-11-23,0.277
2023-11-24,0.2778
2023-11-27,0.3238
2023-11-28,0.2918
2023-11-29,0.3229
2023-11-30,0.3309
2023-12-01,0.3543
2023-12-04,0.3172
2023-12-05,0.328
2023-12-06,0.3454
2023-12-07,0.319
2023-12-08,0.4228
2023-12-11,0.4518
2023-12-12,0.3416
2023-12-13,0.3083
2023-12-14,0.2707
2023-12-15,0.3164
2023-12-18,0.2929
2023-12-19,0.2712
2023-12-20,0.299
2023-12-21,0.3318
2023-12-22,0.3404
2023-12-25,0.2411
2023-12-26,0.2418
2023-12-27,0.3054
2023-12-28,0.4791
2023-12-29,0.3719
2024-01-02,0.3759
2024-01-03,0.3417
2024-01-04,0.3452
2024-01-05,0.4089
2024-01-08,0.3795
2024-01-09,0.3534
2024-01-10,0.3045
2024-01-11,0.3516
2024-01-12,0.3131
2024-01-15,0.2872
2024-01-16,0.3661
2024-01-17,0.3516
2024-01-18,0.5653
2024-01-19,0.383
2024-01-22,0.4806
2024-01-23,0.3943
2024-01-24,0.4989
2024-01-25,0.6361
2024-01-26,0.5839
2024-01-29,0.5952
2024-01-30,0.4642
2024-01-31,0.4949
2024-02-01,0.4702
2024-02-02,0.5613
2024-02-05,0.6559
2024-02-06,0.6548
2024-02-07,0.6998
2024-02-08,0.6136
2024-02-19,0.5921
2024-02-20,0.4545
2024-02-21,0.61
2024-02-22,0.4554
2024-02-23,0.4677
2024-02-26,0.4884
2024-02-27,0.4506
2024-02-28,0.6131
2024-02-29,0.5036
2024-03-01,0.5255
2024-03-04,0.5272
2024-03-05,0.5374
2024-03-06,0.462
2024-03-07,0.4783
2024-03-08,0.4062
2024-03-11,0.4786
2024-03-12,0.5835
2024-03-13,0.4669
2024-03-14,0.4552
2024-03-15,0.4467
2024-03-18,0.5179
2024-03-19,0.4701
2024-03-20,0.4183
2024-03-21,0.4222
2024-03-22,0.4496
2024-03-25,0.4424
2024-03-26,0.4075
2024-03-27,0.4154
2024-03-28,0.4628
2024-03-29,0.4154
2024-04-01,0.5256
2024-04-02,0.4554
2024-04-03,0.4371
2024-04-08,0.5006
2024-04-09,0.418
2024-04-10,0.4151
2024-04-11,0.4079
2024-04-12,0.4156
2024-04-15,0.5929
2024-04-16,0.5678
2024-04-17,0.543
2024-04-18,0.5756
2024-04-19,0.4747
2024-04-22,0.4852
2024-04-23,0.4612
2024-04-24,0.3922
2024-04-25,0.3711
2024-04-26,0.6351
2024-04-29,0.7172
2024-04-30,0.616
2024-05-06,0.6699
2024-05-07,0.5308
2024-05-08,0.4187
2024-05-09,0.4719
2024-05-10,0.4853
2024-05-13,0.5064
2024-05-14,0.4296
2024-05-15,0.3978
2024-05-16,0.4979
2024-05-17,0.5299
2024-05-20,0.5944
2024-05-21,0.4208
2024-05-22,0.4892
2024-05-23,0.4591
2024-05-24,0.4018
2024-05-27,0.4226
2024-05-28,0.3976
2024-05-29,0.373
2024-05-30,0.3946
2024-05-31,0.362
2024-06-03,0.4539
2024-06-04,0.4008
2024-06-05,0.3569
2024-06-06,0.4437
2024-06-07,0.4218
2024-06-11,0.4307
2024-06-12,0.3932
2024-06-13,0.3945
2024-06-14,0.549
2024-06-17,0.4389
2024-06-18,0.395
2024-06-19,0.3406
2024-06-20,0.3564
2024-06-21,0.3487
2024-06-24,0.3767
2024-06-25,0.3781
2024-06-26,0.3381
2024-06-27,0.3669
2024-06-28,0.4323
2024-07-01,0.389
2024-07-02,0.3884
2024-07-03,0.3315
2024-07-04,0.3333
2024-07-05,0.3722
2024-07-08,0.3686
2024-07-09,0.42
2024-07-10,0.4058
2024-07-11,0.4655
2024-07-12,0.4174
2024-07-15,0.378
2024-07-16,0.3848
2024-07-17,0.4203
2024-07-18,0.3947
2024-07-19,0.4223
2024-07-22,0.4212
2024-07-23,0.4109
2024-07-24,0.405
2024-07-25,0.4177
2024-07-26,0.3959
2024-07-29,0.35
2024-07-30,0.3346
2024-07-31,0.5482
2024-08-01,0.4346
2024-08-02,0.3718
2024-08-05,0.4553
2024-08-06,0.3804
2024-08-07,0.3031
2024-08-08,0.2948
2024-08-09,0.2917
2024-08-12,0.2548
2024-08-13,0.2693
2024-08-14,0.251
2024-08-15,0.3339
2024-08-16,0.3076
2024-08-19,0.3364
2024-08-20,0.3239
2024-08-21,0.2866
2024-08-22,0.3198
2024-08-23,0.2852
2024-08-26,0.2995
2024-08-27,0.3052
2024-08-28,0.2953
2024-08-29,0.4164
2024-08-30,0.6012
2024-09-02,0.4703
2024-09-03,0.3916
2024-09-04,0.334
2024-09-05,0.3094
2024-09-06,0.2817
2024-09-09,0.3462
2024-09-10,0.31
2024-09-11,0.3264
2024-09-12,0.2958
2024-09-13,0.2814
2024-09-18,0.2699
2024-09-19,0.3996
2024-09-20,0.3761
2024-09-23,0.3037
2024-09-24,0.6501
2024-09-25,0.7695
2024-09-26,0.7745
2024-09-27,0.8457
2024-09-30,1.6159
2024-10-08,1.8682
2024-10-09,1.5272
2024-10-10,1.251
2024-10-11,0.868
2024-10-14,0.974
2024-10-15,0.7679
2024-10-16,0.6931
2024-10-17,0.6723
2024-10-18,0.991
2024-10-21,0.9221
2024-10-22,0.7075
2024-10-23,0.7786
2024-10-24,0.5533
2024-10-25,0.6671
2024-10-28,0.6844
2024-10-29,0.688
2024-10-30,0.6948
2024-10-31,0.9519
2024-11-01,0.9752
2024-11-04,0.7258
2024-11-05,1.0032
2024-11-06,1.0631
2024-11-07,1.0809
2024-11-08,1.0521
2024-11-11,0.916
2024-11-12,0.9419
2024-11-13,0.7607
2024-11-14,0.728
2024-11-15,0.7825
2024-11-18,0.97
2024-11-19,0.7682
2024-11-20,0.5837
2024-11-21,0.5253
2024-11-22,0.6838
2024-11-25,0.6029
2024-11-26,0.4739
2024-11-27,0.5506
2024-11-28,0.4746
2024-11-29,0.5933
2024-12-02,0.6232
2024-12-03,0.5764
2024-12-04,0.5516
2024-12-05,0.4376
2024-12-06,0.6066
2024-12-09,0.5557
2024-12-10,0.8005
2024-12-11,0.5598
2024-12-12,0.5736
2024-12-13,0.7275
2024-12-16,0.56
2024-12-17,0.5049
2024-12-18,0.4949
2024-12-19,0.5053
2024-12-20,0.4862
2024-12-23,0.5963
2024-12-24,0.5066
2024-12-25,0.5
2024-12-26,0.4499
2024-12-27,0.531
2024-12-30,0.5164
2024-12-31,0.577
2025-01-02,0.6835
2025-01-03,0.5499
2025-01-06,0.4733
2025-01-07,0.4593
2025-01-08,0.5305
2025-01-09,0.407
2025-01-10,0.4313
2025-01-13,0.4279
2025-01-14,0.5352
2025-01-15,0.4437
2025-01-16,0.4532
2025-01-17,0.3971
2025-01-20,0.4376
2025-01-21,0.4427
2025-01-22,0.4303
2025-01-23,0.5661
2025-01-24,0.4663
2025-01-27,0.4579
2025-02-05,0.4907
2025-02-06,0.5223
2025-02-07,0.6927
2025-02-10,0.5898
2025-02-11,0.5199
2025-02-12,0.5126
2025-02-13,0.5384
2025-02-14,0.5399
2025-02-17,0.6666
2025-02-18,0.6536
2025-02-19,0.5706
2025-02-20,0.5025
2025-02-21,0.6972
2025-02-24,0.677
2025-02-25,0.5461
2025-02-26,0.5858
2025-02-27,0.622
2025-02-28,0.6073
2025-03-03,0.5445
2025-03-04,0.4603
2025-03-05,0.4873
2025-03-06,0.5958
2025-03-07,0.5121
2025-03-10,0.4693
2025-03-11,0.4447
2025-03-12,0.4815
2025-03-13,0.4809
2025-03-14,0.6628
2025-03-17,0.4974
2025-03-18,0.4299
2025-03-19,0.4428
2025-03-20,0.4101
2025-03-21,0.5087
2025-03-24,0.4668
2025-03-25,0.4307
2025-03-26,0.4022
2025-03-27,0.3888
2025-03-28,0.3874
2025-03-31,0.5114
2025-04-01,0.4304
2025-04-02,0.3466
2025-04-03,0.4372
2025-04-07,0.9584
2025-04-08,0.8589
2025-04-09,0.804
2025-04-10,0.6966
2025-04-11,0.5173
2025-04-14,0.5041
2025-04-15,0.4108
2025-04-16,0.4793
2025-04-17,0.3751
2025-04-18,0.3156
2025-04-21,0.3719
2025-04-22,0.3852
2025-04-23,0.4043
2025-04-24,0.3589
2025-04-25,0.3816
2025-04-28,0.3833
2025-04-29,0.3416
2025-04-30,0.4401
2025-05-06,0.4855
2025-05-07,0.4937
2025-05-08,0.3827
2025-05-09,0.3657
2025-05-12,0.4696
2025-05-13,0.4512
2025-05-14,0.5269
2025-05-15,0.4229
2025-05-16,0.3626
2025-05-19,0.3021
2025-05-20,0.3212
2025-05-21,0.3363
2025-05-22,0.3296
2025-05-23,0.3684
2025-05-26,0.3357
2025-05-27,0.3019
2025-05-28,0.2727
2025-05-29,0.3322
2025-05-30,0.342
2025-06-03,0.4025
2025-06-04,0.3577
2025-06-05,0.3764
2025-06-06,0.3399
2025-06-09,0.4173
2025-06-10,0.4456
2025-06-11,0.436
2025-06-12,0.4102
2025-06-13,0.5281
2025-06-16,0.4181
2025-06-17,0.3725
2025-06-18,0.3883
2025-06-19,0.3966
2025-06-20,0.3597
2025-06-23,0.4073
2025-06-24,0.4982
2025-06-25,0.5699
2025-06-26,0.5032
2025-06-27,0.5923
2025-06-30,0.4419
2025-07-01,0.3925
2025-07-02,0.4474
2025-07-03,0.4289
2025-07-04,0.4782
2025-07-07,0.3989
2025-07-08,0.4758
2025-07-09,0.5271
2025-07-10,0.6381
2025-07-11,0.7971
2025-07-14,0.6325
2025-07-15,0.5811
2025-07-16,0.4594
2025-07-17,0.4905
2025-07-18,0.5665
2025-07-21,0.6791
2025-07-22,0.7836
2025-07-23,0.9141
2025-07-24,0.9723
2025-07-25,0.8319
2025-07-28,0.6773
2025-07-29,0.7012
2025-07-30,0.7591
2025-07-31,0.8113
2025-08-01,0.5961
2025-08-04,0.4929
2025-08-05,0.5433
2025-08-06,0.5367
2025-08-07,0.6034
2025-08-08,0.5259
2025-08-11,0.5783
2025-08-12,0.5381
2025-08-13,0.6494
2025-08-14,0.671
2025-08-15,0.7931
2025-08-18,0.9149
2025-08-19,0.7612
2025-08-20,0.748
2025-08-21,0.7861
2025-08-22,0.8813
2025-08-25,1.0866
2025-08-26,0.8212
2025-08-27,1.0109
2025-08-28,0.9007
2025-08-29,1.0676
2025-09-01,0.9757
2025-09-02,0.9256
2025-09-03,0.7745
2025-09-04,0.9378
2025-09-05,0.7642
2025-09-08,0.8192
2025-09-09,0.6776
2025-09-10,0.6232
2025-09-11,0.7753
2025-09-12,0.8156
2025-09-15,0.7098
2025-09-16,0.7623
2025-09-17,0.7208
2025-09-18,0.9475
2025-09-19,0.6882
2025-09-22,0.6008
2025-09-23,0.7731
2025-09-24,0.6741
2025-09-25,0.7027
2025-09-26,0.6374
2025-09-29,0.8389
2025-09-30,0.7582
2025-10-09,1.063
2025-10-10,0.9751
2025-10-13,0.9628
2025-10-14,1.1397
2025-10-15,0.8702
2025-10-16,0.7585
2025-10-17,0.7849
2025-10-20,0.6673
2025-10-21,0.659
2025-10-22,0.5662
2025-10-23,0.6124
2025-10-24,0.6379
2025-10-27,0.8008
2025-10-28,0.6747
2025-10-29,0.752
2025-10-30,0.8347
2025-10-31,0.8597
2025-11-03,0.7326
2025-11-04,0.7123
2025-11-05,0.6202
2025-11-06,0.6849
2025-11-07,0.649
2025-11-10,0.7209
2025-11-11,0.57
2025-11-12,0.6397
2025-11-13,0.6334
2025-11-14,0.5867
2025-11-17,0.5771
2025-11-18,0.5428
2025-11-19,0.5281
2025-11-20,0.5942
2025-11-21,0.6806
2025-11-24,0.5674
2025-11-25,0.5178
2025-11-26,0.4769
2025-11-27,0.459
2025-11-28,0.4363
2025-12-01,0.6115
2025-12-02,0.4531
2025-12-03,0.518
2025-12-04,0.4492
2025-12-05,0.6005
2025-12-08,0.6091
2025-12-09,0.5619
2025-12-10,0.516
2025-12-11,0.5139
2025-12-12,0.6494
2025-12-15,0.51
2025-12-16,0.5026
2025-12-17,0.5429
2025-12-18,0.4616
2025-12-19,0.4713
2025-12-22,0.5026
2025-12-23,0.5147
2025-12-24,0.4675
2025-12-25,0.424
2025-12-26,0.5334
2025-12-29,0.6094
2025-12-30,0.5484
2025-12-31,0.5192
2026-01-05,0.7115
2026-01-06,0.9024
2026-01-07,0.7873
2026-01-08,0.7256
2026-01-09,0.7739
2026-01-12,0.896
2026-01-13,0.9161
