时间,期货成交量:沪深300指数期货
2006-10-30,27780
2006-10-31,32863
2006-11-01,40277
2006-11-02,84575
2006-11-03,80769
2006-11-06,102370
2006-11-07,81484
2006-11-08,65809
2006-11-09,90204
2006-11-10,109738
2006-11-13,121953
2006-11-14,146456
2006-11-15,156553
2006-11-16,153454
2006-11-17,122417
2006-11-20,104312
2006-11-21,150638
2006-11-22,171479
2006-11-23,184340
2006-11-24,162758
2006-11-27,149571
2006-11-28,162238
2006-11-29,186425
2006-11-30,156378
2006-12-01,176037
2006-12-04,218581
2006-12-05,354716
2006-12-06,260280
2006-12-07,213942
2006-12-08,222364
2006-12-11,206248
2006-12-12,235731
2006-12-13,180395
2006-12-14,172133
2006-12-15,183352
2006-12-18,171784
2006-12-19,236356
2006-12-20,183229
2006-12-21,219127
2006-12-22,163914
2006-12-25,146728
2006-12-26,138686
2006-12-27,151795
2006-12-28,150447
2006-12-29,162378
2007-01-04,142650
2007-01-05,106588
2007-01-08,111301
2007-01-09,131889
2007-01-10,202883
2007-01-11,167444
2007-01-12,147181
2007-01-15,136338
2007-01-16,168622
2007-01-17,190615
2007-01-18,137082
2007-01-19,112095
2007-01-22,148414
2007-01-23,100708
2007-01-24,87956
2007-01-25,90514
2007-01-26,75517
2007-01-29,57342
2007-01-30,65520
2007-01-31,100660
2007-02-01,87973
2007-02-02,71335
2007-02-05,56221
2007-02-06,78789
2007-02-07,66359
2007-02-08,73158
2007-02-09,74702
2007-02-12,42619
2007-02-13,41019
2007-02-14,56872
2007-02-15,64082
2007-02-16,57629
2007-02-26,44671
2007-02-27,65854
2007-02-28,67153
2007-03-01,69998
2007-03-02,52957
2007-03-05,56267
2007-03-06,51900
2007-03-07,43742
2007-03-08,41474
2007-03-09,45099
2007-03-12,37734
2007-03-13,50227
2007-03-14,42905
2007-03-15,43098
2007-03-16,38748
2007-03-19,41548
2007-03-20,52150
2007-03-21,48949
2007-03-22,57449
2007-03-23,71773
2007-03-26,53459
2007-03-27,41034
2007-03-28,49495
2007-03-29,54218
2007-03-30,40526
2007-04-02,33038
2007-04-03,49116
2007-04-04,57199
2007-04-05,38738
2007-04-06,40553
2007-04-09,46755
2007-04-10,64814
2007-04-11,53683
2007-04-12,50436
2007-04-13,54213
2007-04-16,62733
2007-04-17,89171
2007-04-18,92156
2007-04-19,84914
2007-04-20,60905
2007-04-23,54533
2007-04-24,82710
2007-04-25,84484
2007-04-26,79647
2007-04-27,70049
2007-04-30,66275
2007-05-08,61584
2007-05-09,84603
2007-05-10,64440
2007-05-11,72790
2007-05-14,70294
2007-05-15,68771
2007-05-16,65025
2007-05-17,66064
2007-05-18,64512
2007-05-21,56740
2007-05-22,59720
2007-05-23,65255
2007-05-24,64914
2007-05-25,52158
2007-05-28,42533
2007-05-29,53806
2007-05-30,77488
2007-05-31,69233
2007-06-01,52970
2007-06-04,48279
2007-06-05,45883
2007-06-06,48465
2007-06-07,46971
2007-06-08,45995
2007-06-11,41645
2007-06-12,52151
2007-06-13,49150
2007-06-14,37902
2007-06-15,32701
2007-06-18,38445
2007-06-19,31318
2007-06-20,39507
2007-06-21,48056
2007-06-22,47102
2007-06-25,79284
2007-06-26,136400
2007-06-27,149707
2007-06-28,155443
2007-06-29,159637
2007-07-02,127185
2007-07-03,105051
2007-07-04,149298
2007-07-05,186917
2007-07-06,235974
2007-07-09,149355
2007-07-10,166132
2007-07-11,128884
2007-07-12,86143
2007-07-13,86871
2007-07-16,138838
2007-07-17,140093
2007-07-18,122195
2007-07-19,101987
2007-07-20,127041
2007-07-23,113039
2007-07-24,112198
2007-07-25,96955
2007-07-26,84919
2007-07-27,90560
2007-07-30,99694
2007-07-31,93411
2007-08-01,106325
2007-08-02,117360
2007-08-03,146527
2007-08-06,106499
2007-08-07,102819
2007-08-08,110942
2007-08-09,84597
2007-08-10,103194
2007-08-13,85796
2007-08-14,71709
2007-08-15,83636
2007-08-16,99714
2007-08-17,137176
2007-08-20,111073
2007-08-21,112009
2007-08-22,114177
2007-08-23,85879
2007-08-24,61295
2007-08-27,82996
2007-08-28,82766
2007-08-29,102478
2007-08-30,87784
2007-08-31,135508
2007-09-03,137019
2007-09-04,153378
2007-09-05,164273
2007-09-06,147462
2007-09-07,160825
2007-09-10,142340
2007-09-11,185432
2007-09-12,163322
2007-09-13,181568
2007-09-14,144770
2007-09-17,136011
2007-09-18,149189
2007-09-19,164485
2007-09-20,176745
2007-09-21,210793
2007-09-24,193045
2007-09-25,239875
2007-09-26,250796
2007-09-27,250553
2007-09-28,266793
2007-10-08,204497
2007-10-09,233892
2007-10-10,231251
2007-10-11,274529
2007-10-12,371740
2007-10-15,325472
2007-10-16,341394
2007-10-17,421122
2007-10-18,439368
2007-10-19,413982
2007-10-22,413383
2007-10-23,450310
2007-10-24,425433
2007-10-25,530442
2007-10-26,455120
2007-10-29,474287
2007-10-30,427779
2007-10-31,446450
2007-11-01,448529
2007-11-02,476850
2007-11-05,490227
2007-11-06,589166
2007-11-07,615096
2007-11-08,645947
2007-11-09,667915
2007-11-12,708128
2007-11-13,777882
2007-11-14,868686
2007-11-15,941918
2007-11-16,908632
2007-11-19,810099
2007-11-20,883609
2007-11-21,1127901
2007-11-22,877294
2007-11-23,1098849
2007-11-26,894271
2007-11-27,961375
2007-11-28,990362
2007-11-29,1088757
2007-11-30,1114269
2007-12-03,1102789
2007-12-04,1006113
2007-12-05,1007074
2007-12-06,1070641
2007-12-07,976134
2007-12-10,854172
2007-12-11,1116367
2007-12-12,866965
2007-12-13,665400
2007-12-14,692535
2007-12-17,560326
2007-12-18,702968
2007-12-19,519809
2007-12-20,499468
2007-12-21,463910
2007-12-24,429468
2007-12-25,345459
2007-12-26,377179
2007-12-27,299594
2007-12-28,332467
2008-01-02,277234
2008-01-03,284597
2008-01-04,257808
2008-01-07,226488
2008-01-08,266731
2008-01-09,274392
2008-01-10,309874
2008-01-11,308177
2008-01-14,263072
2008-01-15,353052
2008-01-16,322523
2008-01-17,354479
2008-01-18,440283
2008-01-21,311111
2008-01-22,301195
2008-01-23,306686
2008-01-24,316083
2008-01-25,300377
2008-01-28,345300
2008-01-29,165608
2008-01-30,207755
2008-01-31,190993
2008-02-01,248987
2008-02-04,181895
2008-02-05,187589
2008-02-13,120806
2008-02-14,155628
2008-02-15,130528
2008-02-18,92517
2008-02-19,91310
2008-02-20,139956
2008-02-21,109355
2008-02-22,118409
2008-02-25,117870
2008-02-26,153120
2008-02-27,151054
2008-02-28,141454
2008-02-29,158941
2008-03-03,83300
2008-03-04,93464
2008-03-05,86631
2008-03-06,90633
2008-03-07,99764
2008-03-10,119917
2008-03-11,108853
2008-03-12,122313
2008-03-13,136432
2008-03-14,108861
2008-03-17,106436
2008-03-18,135585
2008-03-19,132058
2008-03-20,143746
2008-03-21,142614
2008-03-24,131381
2008-03-25,135003
2008-03-26,125504
2008-03-27,157611
2008-03-28,114119
2008-03-31,122508
2008-04-01,144139
2008-04-02,147707
2008-04-03,142930
2008-04-07,110897
2008-04-08,98589
2008-04-09,124519
2008-04-10,134717
2008-04-11,180644
2008-04-14,143659
2008-04-15,141704
2008-04-16,174575
2008-04-17,400686
2008-04-18,196921
2008-04-21,191278
2008-04-22,193634
2008-04-23,177632
2008-04-24,151917
2008-04-25,144130
2008-04-28,111907
2008-04-29,124993
2008-04-30,127412
2008-05-05,77423
2008-05-06,82734
2008-05-07,107704
2008-05-08,90806
2008-05-09,115112
2008-05-12,107999
2008-05-13,114981
2008-05-14,109887
2008-05-15,78178
2008-05-16,128533
2008-05-19,93657
2008-05-20,113110
2008-05-21,122813
2008-05-22,103437
2008-05-23,91967
2008-05-26,103388
2008-05-27,120160
2008-05-28,116764
2008-05-29,125348
2008-05-30,106111
2008-06-02,131575
2008-06-03,100124
2008-06-04,132542
2008-06-05,118300
2008-06-06,110881
2008-06-10,158176
2008-06-11,165492
2008-06-12,173062
2008-06-13,163672
2008-06-16,139881
2008-06-17,174343
2008-06-18,170006
2008-06-19,197704
2008-06-20,212816
2008-06-23,216034
2008-06-24,232519
2008-06-25,232845
2008-06-26,250602
2008-06-27,242617
2008-06-30,257003
2008-07-01,241981
2008-07-02,300339
2008-07-03,292461
2008-07-04,235184
2008-07-07,249132
2008-07-08,251479
2008-07-09,251190
2008-07-10,264107
2008-07-11,281624
2008-07-14,247535
2008-07-15,286114
2008-07-16,310910
2008-07-17,339788
2008-07-18,320695
2008-07-21,284616
2008-07-22,264275
2008-07-23,286433
2008-07-24,315320
2008-07-25,353923
2008-07-28,283448
2008-07-29,296060
2008-07-30,313216
2008-07-31,300260
2008-08-01,286201
2008-08-04,193289
2008-08-05,220241
2008-08-06,243800
2008-08-07,246644
2008-08-08,236129
2008-08-11,301280
2008-08-12,344069
2008-08-13,379938
2008-08-14,387245
2008-08-15,436461
2008-08-18,398386
2008-08-19,458719
2008-08-20,436531
2008-08-21,469199
2008-08-22,554930
2008-08-25,464422
2008-08-26,486157
2008-08-27,580012
2008-08-28,534639
2008-08-29,612862
2008-09-01,479907
2008-09-02,535850
2008-09-03,601464
2008-09-04,582626
2008-09-05,666617
2008-09-08,594276
2008-09-09,699531
2008-09-10,751951
2008-09-11,702979
2008-09-12,797456
2008-09-16,682446
2008-09-17,908181
2008-09-18,919316
2008-09-19,473162
2008-09-22,985013
2008-09-23,926977
2008-09-24,1277982
2008-09-25,1644984
2008-09-26,1160716
2008-10-06,1412197
2008-10-07,1769031
2008-10-08,1677256
2008-10-09,1980902
2008-10-10,1200020
2008-10-13,765587
2008-10-14,640674
2008-10-15,600824
2008-10-16,446392
2008-10-17,462702
2008-10-20,407173
2008-10-21,387505
2008-10-22,347316
2008-10-23,395681
2008-10-24,316206
2008-10-27,282555
2008-10-28,432065
2008-10-29,424001
2008-10-30,394301
2008-10-31,473611
2008-11-03,449403
2008-11-04,578585
2008-11-05,557668
2008-11-06,549156
2008-11-07,607813
2008-11-10,452472
2008-11-11,491342
2008-11-12,495642
2008-11-13,461732
2008-11-14,397732
2008-11-17,490073
2008-11-18,458257
2008-11-19,581379
2008-11-20,602979
2008-11-21,629073
2008-11-24,554451
2008-11-25,628591
2008-11-26,733174
2008-11-27,622800
2008-11-28,563926
2008-12-01,537319
2008-12-02,636008
2008-12-03,678468
2008-12-04,642902
2008-12-05,873354
2008-12-08,565624
2008-12-09,503250
2008-12-10,510995
2008-12-11,482295
2008-12-12,355675
2008-12-15,370394
2008-12-16,348077
2008-12-17,350392
2008-12-18,371452
2008-12-19,425478
2008-12-22,278948
2008-12-23,316056
2008-12-24,231138
2008-12-25,284245
2008-12-26,204379
2008-12-29,208189
2008-12-30,296866
2008-12-31,320667
2009-01-05,238416
2009-01-06,276040
2009-01-07,184227
2009-01-08,188784
2009-01-09,204112
2009-01-12,152946
2009-01-13,188557
2009-01-14,173507
2009-01-15,174884
2009-01-16,172072
2009-01-19,163568
2009-01-20,201133
2009-01-21,157618
2009-01-22,152357
2009-01-23,156984
2009-02-02,140503
2009-02-03,136380
2009-02-04,107743
2009-02-05,105593
2009-02-06,132386
2009-02-09,144915
2009-02-10,130706
2009-02-11,176515
2009-02-12,156181
2009-02-13,155748
2009-02-16,123707
2009-02-17,118671
2009-02-18,143366
2009-02-19,153345
2009-02-20,133399
2009-02-23,101363
2009-02-24,106005
2009-02-25,128871
2009-02-26,119835
2009-02-27,110613
2009-03-02,104035
2009-03-03,100605
2009-03-04,103540
2009-03-05,104437
2009-03-06,112663
2009-03-09,107565
2009-03-10,108369
2009-03-11,106855
2009-03-12,111375
2009-03-13,122038
2009-03-16,101942
2009-03-17,132389
2009-03-18,122188
2009-03-19,103221
2009-03-20,110205
2009-03-23,89193
2009-03-24,101538
2009-03-25,112546
2009-03-26,115808
2009-03-27,105793
2009-03-30,111579
2009-03-31,153067
2009-04-01,140387
2009-04-02,159366
2009-04-03,120930
2009-04-07,118640
2009-04-08,131118
2009-04-09,114090
2009-04-10,193394
2009-04-13,108367
2009-04-14,107936
2009-04-15,118433
2009-04-16,110883
2009-04-17,112703
2009-04-20,101168
2009-04-21,123771
2009-04-22,103181
2009-04-23,123294
2009-04-24,105467
2009-04-27,115936
2009-04-28,117886
2009-04-29,128771
2009-04-30,132591
2009-05-04,122223
2009-05-05,127241
2009-05-06,143395
2009-05-07,110598
2009-05-08,139353
2009-05-11,117421
2009-05-12,118966
2009-05-13,143510
2009-05-14,108571
2009-05-15,112118
2009-05-18,102133
2009-05-19,130077
2009-05-20,105166
2009-05-21,118460
2009-05-22,131085
2009-05-25,112084
2009-05-26,105166
2009-05-27,102920
2009-06-01,104787
2009-06-02,106053
2009-06-03,145125
2009-06-04,126441
2009-06-05,133259
2009-06-08,134870
2009-06-09,175760
2009-06-10,153930
2009-06-11,136324
2009-06-12,136509
2009-06-15,145973
2009-06-16,147304
2009-06-17,164639
2009-06-18,151209
2009-06-19,140300
2009-06-22,165825
2009-06-23,178961
2009-06-24,158219
2009-06-25,168394
2009-06-26,164120
2009-06-29,113098
2009-06-30,178337
2009-07-01,145546
2009-07-02,166113
2009-07-03,165442
2009-07-06,158196
2009-07-07,202276
2009-07-08,156067
2009-07-09,141931
2009-07-10,154526
2009-07-13,132078
2009-07-14,112106
2009-07-15,103864
2009-07-16,144133
2009-07-17,101602
2009-07-20,152263
2009-07-21,112004
2009-07-22,123088
2009-07-23,132582
2009-07-24,146120
2009-07-27,119362
2009-07-28,122561
2009-07-29,142381
2009-07-30,122842
2009-07-31,113770
2009-08-03,91844
2009-08-04,112777
2009-08-05,157753
2009-08-06,143062
2009-08-07,149420
2009-08-10,118391
2009-08-11,205929
2009-08-12,188144
2009-08-13,193418
2009-08-14,218027
2009-08-17,169260
2009-08-18,202553
2009-08-19,230008
2009-08-20,187607
2009-08-21,177202
2009-08-24,133859
2009-08-25,171697
2009-08-26,191358
2009-08-27,145039
2009-08-28,143493
2009-08-31,124753
2009-09-01,155922
2009-09-02,146235
2009-09-03,128367
2009-09-04,127564
2009-09-07,143141
2009-09-08,119487
2009-09-09,134447
2009-09-10,125077
2009-09-11,120243
2009-09-14,111277
2009-09-15,113130
2009-09-16,107580
2009-09-17,97605
2009-09-18,104534
2009-09-21,122796
2009-09-22,158699
2009-09-23,190727
2009-09-24,146361
2009-09-25,165416
2009-09-28,122855
2009-09-29,174124
2009-09-30,156028
2009-10-09,115812
2009-10-12,101715
2009-10-13,178198
2009-10-14,143492
2009-10-15,151416
2009-10-16,128863
2009-10-19,148579
2009-10-20,171980
2009-10-21,146298
2009-10-22,166080
2009-10-23,165202
2009-10-26,120338
2009-10-27,124360
2009-10-28,182006
2009-10-29,130675
2009-10-30,111430
2009-11-02,126127
2009-11-03,111818
2009-11-04,120937
2009-11-05,100457
2009-11-06,118132
2009-11-09,87988
2009-11-10,107272
2009-11-11,103005
2009-11-12,106624
2009-11-13,93744
2009-11-16,153295
2009-11-17,110838
2009-11-18,151185
2009-11-19,105891
2009-11-20,109648
2009-11-23,103351
2009-11-24,128982
2009-11-25,107591
2009-11-26,128656
2009-11-27,181343
2009-11-30,130559
2009-12-01,107610
2009-12-02,110203
2009-12-03,116032
2009-12-04,102360
2009-12-07,111898
2009-12-08,116521
2009-12-09,141382
2009-12-10,132678
2009-12-11,117396
2009-12-14,144938
2009-12-15,154182
2009-12-16,136849
2009-12-17,141263
2009-12-18,146578
2009-12-21,147887
2009-12-22,140076
2009-12-23,146369
2009-12-24,222814
2009-12-25,206868
2009-12-28,115154
2009-12-29,140307
2009-12-30,129249
2009-12-31,144028
2010-01-04,140769
2010-01-05,149318
2010-01-06,138469
2010-01-07,167612
2010-01-08,147790
2010-01-11,208901
2010-01-12,176877
2010-01-13,211415
2010-01-14,257210
2010-01-15,268312
2010-01-18,219954
2010-01-19,223397
2010-01-20,313602
2010-01-21,263557
2010-01-22,269910
2010-01-25,411686
2010-01-26,359876
2010-01-27,383656
2010-01-28,427967
2010-01-29,434880
2010-02-01,511150
2010-02-02,672357
2010-02-03,1021744
2010-02-04,966243
2010-02-05,942119
2010-02-08,801028
2010-02-09,752759
2010-02-10,683471
2010-02-11,651116
2010-02-12,478973
2010-02-22,576376
2010-02-23,663669
2010-02-24,629905
2010-02-25,636546
2010-02-26,528122
2010-03-01,325535
2010-03-02,360727
2010-03-03,339027
2010-03-04,366922
2010-03-05,320144
2010-03-08,293288
2010-03-09,325458
2010-03-10,279792
2010-03-11,269064
2010-03-12,354783
2010-03-15,372845
2010-03-16,353870
2010-03-17,449042
2010-03-18,440191
2010-03-19,428631
2010-03-22,486393
2010-03-23,497903
2010-03-24,551202
2010-03-25,702653
2010-03-26,803907
2010-03-29,212599
2010-03-30,228188
2010-03-31,262445
2010-04-01,171056
2010-04-02,144017
2010-04-06,165304
2010-04-07,170589
2010-04-08,195695
2010-04-16,58457
2010-04-19,123612
2010-04-20,153419
2010-04-21,121023
2010-04-22,140307
2010-04-23,121963
2010-04-26,116259
2010-04-27,146123
2010-04-28,133791
2010-04-29,121254
2010-04-30,193380
2010-05-04,157571
2010-05-05,153710
2010-05-06,181699
2010-05-07,256676
2010-05-10,218207
2010-05-11,246312
2010-05-12,315025
2010-05-13,255153
2010-05-14,228636
2010-05-17,221841
2010-05-18,306063
2010-05-19,362039
2010-05-20,305072
2010-05-21,317595
2010-05-24,312590
2010-05-25,300900
2010-05-26,339998
2010-05-27,339829
2010-05-28,318732
2010-05-31,350260
2010-06-01,436171
2010-06-02,358266
2010-06-03,358036
2010-06-04,337663
2010-06-07,307258
2010-06-08,241972
2010-06-09,345288
2010-06-10,261058
2010-06-11,215378
2010-06-17,190270
2010-06-18,269428
2010-06-21,291232
2010-06-22,229511
2010-06-23,248831
2010-06-24,308163
2010-06-25,258764
2010-06-28,217347
2010-06-29,311941
2010-06-30,257968
2010-07-01,253058
2010-07-02,384533
2010-07-05,375716
2010-07-06,382806
2010-07-07,331217
2010-07-08,268482
2010-07-09,350454
2010-07-12,318630
2010-07-13,317273
2010-07-14,335984
2010-07-15,478480
2010-07-16,381333
2010-07-19,391254
2010-07-20,402172
2010-07-21,317187
2010-07-22,397593
2010-07-23,336165
2010-07-26,303860
2010-07-27,307294
2010-07-28,368399
2010-07-29,284687
2010-07-30,250345
2010-08-02,302570
2010-08-03,337090
2010-08-04,401463
2010-08-05,333818
2010-08-06,340356
2010-08-09,305499
2010-08-10,346966
2010-08-11,386328
2010-08-12,366922
2010-08-13,329250
2010-08-16,316773
2010-08-17,253767
2010-08-18,295864
2010-08-19,338394
2010-08-20,337115
2010-08-23,258218
2010-08-24,350205
2010-08-25,337714
2010-08-26,279834
2010-08-27,278254
2010-08-30,266601
2010-08-31,202762
2010-09-01,319978
2010-09-02,301104
2010-09-03,272198
2010-09-06,258191
2010-09-07,213412
2010-09-08,199484
2010-09-09,256338
2010-09-10,227948
2010-09-13,222682
2010-09-14,248515
2010-09-15,231849
2010-09-16,302366
2010-09-17,232534
2010-09-20,215963
2010-09-21,168230
2010-09-27,163652
2010-09-28,124338
2010-09-29,142544
2010-09-30,198757
2010-10-08,162251
2010-10-11,234528
2010-10-12,203442
2010-10-13,251094
2010-10-14,240210
2010-10-15,297174
2010-10-18,317550
2010-10-19,323330
2010-10-20,399315
2010-10-21,340089
2010-10-22,307151
2010-10-25,271670
2010-10-26,250801
2010-10-27,321670
2010-10-28,263495
2010-10-29,288874
2010-11-01,244575
2010-11-02,285009
2010-11-03,316126
2010-11-04,262780
2010-11-05,237152
2010-11-08,178364
2010-11-09,178743
2010-11-10,196860
2010-11-11,262967
2010-11-12,322056
2010-11-15,250066
2010-11-16,280901
2010-11-17,333507
2010-11-18,254669
2010-11-19,332329
2010-11-22,255584
2010-11-23,296240
2010-11-24,304615
2010-11-25,196712
2010-11-26,215645
2010-11-29,176948
2010-11-30,264939
2010-12-01,183664
2010-12-02,165884
2010-12-03,186801
2010-12-06,176241
2010-12-07,237404
2010-12-08,177577
2010-12-09,203388
2010-12-10,211261
2010-12-13,225302
2010-12-14,151746
2010-12-15,183694
2010-12-16,150634
2010-12-17,155517
2010-12-20,231914
2010-12-21,212149
2010-12-22,182673
2010-12-23,225295
2010-12-24,254832
2010-12-27,272374
2010-12-28,213440
2010-12-29,152974
2010-12-30,194219
2010-12-31,240072
2011-01-04,197547
2011-01-05,151371
2011-01-06,195083
2011-01-07,229108
2011-01-10,196329
2011-01-11,179948
2011-01-12,217577
2011-01-13,213245
2011-01-14,223512
2011-01-17,228665
2011-01-18,166932
2011-01-19,223443
2011-01-20,241601
2011-01-21,341054
2011-01-24,258040
2011-01-25,235440
2011-01-26,221280
2011-01-27,280123
2011-01-28,174644
2011-01-31,163269
2011-02-01,112427
2011-02-09,172141
2011-02-10,197662
2011-02-11,188813
2011-02-14,220159
2011-02-15,192742
2011-02-16,201527
2011-02-17,201044
2011-02-18,203877
2011-02-21,212681
2011-02-22,251207
2011-02-23,181015
2011-02-24,212721
2011-02-25,225156
2011-02-28,213993
2011-03-01,182880
2011-03-02,208519
2011-03-03,236076
2011-03-04,195244
2011-03-07,210345
2011-03-08,161604
2011-03-09,190401
2011-03-10,193598
2011-03-11,185710
2011-03-14,178140
2011-03-15,274136
2011-03-16,184163
2011-03-17,228994
2011-03-18,176017
2011-03-21,190372
2011-03-22,217278
2011-03-23,192070
2011-03-24,130418
2011-03-25,176092
2011-03-28,177950
2011-03-29,198473
2011-03-30,188198
2011-03-31,187459
2011-04-01,161411
2011-04-06,187403
2011-04-07,134280
2011-04-08,169593
2011-04-11,150607
2011-04-12,173194
2011-04-13,182094
2011-04-14,165240
2011-04-15,221686
2011-04-18,178158
2011-04-19,176528
2011-04-20,137275
2011-04-21,148446
2011-04-22,136684
2011-04-25,154643
2011-04-26,141394
2011-04-27,139156
2011-04-28,212259
2011-04-29,152638
2011-05-03,138980
2011-05-04,173430
2011-05-05,134741
2011-05-06,180745
2011-05-09,154966
2011-05-10,168669
2011-05-11,180820
2011-05-12,167320
2011-05-13,188816
2011-05-16,153870
2011-05-17,190707
2011-05-18,159861
2011-05-19,144332
2011-05-20,136698
2011-05-23,169958
2011-05-24,126454
2011-05-25,162638
2011-05-26,159923
2011-05-27,202890
2011-05-30,158954
2011-05-31,158269
2011-06-01,119675
2011-06-02,192662
2011-06-03,152626
2011-06-07,135721
2011-06-08,175368
2011-06-09,182339
2011-06-10,182322
2011-06-13,177488
2011-06-14,179355
2011-06-15,150865
2011-06-16,173435
2011-06-17,157832
2011-06-20,153147
2011-06-21,155275
2011-06-22,153937
2011-06-23,218811
2011-06-24,246389
2011-06-27,187849
2011-06-28,180865
2011-06-29,187749
2011-06-30,211249
2011-07-01,201880
2011-07-04,195755
2011-07-05,131061
2011-07-06,159098
2011-07-07,225974
2011-07-08,208389
2011-07-11,171964
2011-07-12,171435
2011-07-13,181422
2011-07-14,167659
2011-07-15,177418
2011-07-18,139255
2011-07-19,132266
2011-07-20,153161
2011-07-21,169879
2011-07-22,134465
2011-07-25,153481
2011-07-26,97551
2011-07-27,172424
2011-07-28,142678
2011-07-29,183651
2011-08-01,130142
2011-08-02,172174
2011-08-03,156861
2011-08-04,123178
2011-08-05,158581
2011-08-08,244612
2011-08-09,280528
2011-08-10,190563
2011-08-11,274612
2011-08-12,185164
2011-08-15,174558
2011-08-16,159841
2011-08-17,184048
2011-08-18,180265
2011-08-19,192483
2011-08-22,208179
2011-08-23,215612
2011-08-24,191132
2011-08-25,274274
2011-08-26,214462
2011-08-29,211451
2011-08-30,248682
2011-08-31,221274
2011-09-01,242565
2011-09-02,229211
2011-09-05,192650
2011-09-06,207717
2011-09-07,234545
2011-09-08,182297
2011-09-09,259121
2011-09-13,185366
2011-09-14,281416
2011-09-15,262282
2011-09-16,207687
2011-09-19,152493
2011-09-20,200770
2011-09-21,285138
2011-09-22,231648
2011-09-23,317714
2011-09-26,279331
2011-09-27,258919
2011-09-28,233314
2011-09-29,264654
2011-09-30,201915
2011-10-10,167565
2011-10-11,254445
2011-10-12,363812
2011-10-13,277816
2011-10-14,246961
2011-10-17,245909
2011-10-18,218165
2011-10-19,274273
2011-10-20,259182
2011-10-21,246362
2011-10-24,304890
2011-10-25,307812
2011-10-26,294074
2011-10-27,219410
2011-10-28,267237
2011-10-31,184750
2011-11-01,274962
2011-11-02,305370
2011-11-03,276639
2011-11-04,278560
2011-11-07,202558
2011-11-08,237624
2011-11-09,265151
2011-11-10,245717
2011-11-11,180419
2011-11-14,230615
2011-11-15,168734
2011-11-16,241671
2011-11-17,188826
2011-11-18,229563
2011-11-21,143056
2011-11-22,232600
2011-11-23,219034
2011-11-24,241913
2011-11-25,175163
2011-11-28,193723
2011-11-29,207729
2011-11-30,224905
2011-12-01,317064
2011-12-02,260280
2011-12-05,274294
2011-12-06,211263
2011-12-07,231083
2011-12-08,302395
2011-12-09,219154
2011-12-12,187534
2011-12-13,231636
2011-12-14,214049
2011-12-15,364304
2011-12-16,293813
2011-12-19,352820
2011-12-20,302603
2011-12-21,302094
2011-12-22,420024
2011-12-23,366637
2011-12-26,311746
2011-12-27,310312
2011-12-28,319823
2011-12-29,273997
2011-12-30,273243
2012-01-04,234410
2012-01-05,334417
2012-01-06,285689
2012-01-09,413995
2012-01-10,404292
2012-01-11,319027
2012-01-12,351138
2012-01-13,372250
2012-01-16,341922
2012-01-17,512318
2012-01-18,426166
2012-01-19,530627
2012-01-20,379075
2012-01-30,318967
2012-01-31,317323
2012-02-01,339102
2012-02-02,415243
2012-02-03,366434
2012-02-06,330985
2012-02-07,350531
2012-02-08,423570
2012-02-09,413397
2012-02-10,457814
2012-02-13,437987
2012-02-14,404899
2012-02-15,429078
2012-02-16,362573
2012-02-17,386330
2012-02-20,307004
2012-02-21,372649
2012-02-22,378227
2012-02-23,339360
2012-02-24,382316
2012-02-27,357560
2012-02-28,341959
2012-02-29,339534
2012-03-01,288436
2012-03-02,365035
2012-03-05,270282
2012-03-06,326480
2012-03-07,304262
2012-03-08,356482
2012-03-09,347712
2012-03-12,283169
2012-03-13,329797
2012-03-14,429709
2012-03-15,380276
2012-03-16,392388
2012-03-19,288085
2012-03-20,328240
2012-03-21,369548
2012-03-22,317756
2012-03-23,299326
2012-03-26,199407
2012-03-27,216620
2012-03-28,305029
2012-03-29,332727
2012-03-30,268090
2012-04-05,380018
2012-04-06,296186
2012-04-09,346229
2012-04-10,423446
2012-04-11,450550
2012-04-12,417127
2012-04-13,366521
2012-04-16,333696
2012-04-17,361361
2012-04-18,377100
2012-04-19,288119
2012-04-20,352984
2012-04-23,259398
2012-04-24,453304
2012-04-25,381401
2012-04-26,316751
2012-04-27,258349
2012-05-02,315040
2012-05-03,208928
2012-05-04,341435
2012-05-07,264367
2012-05-08,378048
2012-05-09,317576
2012-05-10,264357
2012-05-11,343666
2012-05-14,408177
2012-05-15,313984
2012-05-16,341574
2012-05-17,315786
2012-05-18,344994
2012-05-21,382062
2012-05-22,317783
2012-05-23,363419
2012-05-24,381864
2012-05-25,314010
2012-05-28,333845
2012-05-29,370396
2012-05-30,265067
2012-05-31,321035
2012-06-01,407856
2012-06-04,337515
2012-06-05,299759
2012-06-06,383924
2012-06-07,344519
2012-06-08,443799
2012-06-11,407391
2012-06-12,366745
2012-06-13,427859
2012-06-14,342899
2012-06-15,438280
2012-06-18,370251
2012-06-19,298035
2012-06-20,312071
2012-06-21,349152
2012-06-25,279294
2012-06-26,323826
2012-06-27,298251
2012-06-28,332740
2012-06-29,374925
2012-07-02,336713
2012-07-03,417834
2012-07-04,414001
2012-07-05,393560
2012-07-06,498818
2012-07-09,389900
2012-07-10,354561
2012-07-11,416553
2012-07-12,574219
2012-07-13,462616
2012-07-16,410927
2012-07-17,345624
2012-07-18,538879
2012-07-19,509950
2012-07-20,393533
2012-07-23,323611
2012-07-24,382759
2012-07-25,360716
2012-07-26,398290
2012-07-27,335669
2012-07-30,348383
2012-07-31,281810
2012-08-01,353141
2012-08-02,320906
2012-08-03,316772
2012-08-06,410283
2012-08-07,256746
2012-08-08,299579
2012-08-09,431167
2012-08-10,269865
2012-08-13,303892
2012-08-14,423817
2012-08-15,376490
2012-08-16,291166
2012-08-17,334132
2012-08-20,305640
2012-08-21,427409
2012-08-22,303454
2012-08-23,449426
2012-08-24,313130
2012-08-27,326166
2012-08-28,341606
2012-08-29,378798
2012-08-30,430735
2012-08-31,363800
2012-09-03,456305
2012-09-04,333756
2012-09-05,369420
2012-09-06,468734
2012-09-07,764040
2012-09-10,438846
2012-09-11,515715
2012-09-12,587437
2012-09-13,592958
2012-09-14,720252
2012-09-17,529239
2012-09-18,490812
2012-09-19,484399
2012-09-20,514218
2012-09-21,596583
2012-09-24,651513
2012-09-25,510450
2012-09-26,479701
2012-09-27,756469
2012-09-28,752956
2012-10-08,476256
2012-10-09,730920
2012-10-10,525865
2012-10-11,534790
2012-10-12,662601
2012-10-15,511266
2012-10-16,647783
2012-10-17,711447
2012-10-18,693929
2012-10-19,345019
2012-10-22,435535
2012-10-23,470149
2012-10-24,470438
2012-10-25,471001
2012-10-26,531788
2012-10-29,348999
2012-10-30,501477
2012-10-31,503290
2012-11-01,621358
2012-11-02,466928
2012-11-05,529364
2012-11-06,596177
2012-11-07,635375
2012-11-08,576446
2012-11-09,432469
2012-11-12,542402
2012-11-13,544267
2012-11-14,417877
2012-11-15,663331
2012-11-16,567654
2012-11-19,509660
2012-11-20,481799
2012-11-21,733832
2012-11-22,535500
2012-11-23,637025
2012-11-26,486378
2012-11-27,449836
2012-11-28,399060
2012-11-29,395096
2012-11-30,597572
2012-12-03,585161
2012-12-04,598575
2012-12-05,856917
2012-12-06,560819
2012-12-07,810380
2012-12-10,685272
2012-12-11,540428
2012-12-12,653648
2012-12-13,605573
2012-12-14,992370
2012-12-17,605907
2012-12-18,973730
2012-12-19,728369
2012-12-20,786084
2012-12-21,890857
2012-12-24,697559
2012-12-25,902626
2012-12-26,429400
2012-12-27,636113
2012-12-28,684150
2012-12-31,629011
2013-01-04,607696
2013-01-07,641934
2013-01-08,766882
2013-01-09,663362
2013-01-10,768572
2013-01-11,842615
2013-01-14,855692
2013-01-15,590508
2013-01-16,835268
2013-01-17,867193
2013-01-18,932226
2013-01-21,696653
2013-01-22,837908
2013-01-23,747295
2013-01-24,1043749
2013-01-25,547349
2013-01-28,823517
2013-01-29,630317
2013-01-30,662600
2013-01-31,680921
2013-02-01,926505
2013-02-04,690018
2013-02-05,822896
2013-02-06,581070
2013-02-07,832993
2013-02-08,722844
2013-02-18,663051
2013-02-19,674598
2013-02-20,565419
2013-02-21,806615
2013-02-22,463622
2013-02-25,756908
2013-02-26,860727
2013-02-27,919725
2013-02-28,920037
2013-03-01,772484
2013-03-04,908282
2013-03-05,963692
2013-03-06,898125
2013-03-07,983542
2013-03-08,818609
2013-03-11,811962
2013-03-12,1026553
2013-03-13,852822
2013-03-14,867023
2013-03-15,1204369
2013-03-18,821587
2013-03-19,845577
2013-03-20,1079584
2013-03-21,685049
2013-03-22,739176
2013-03-25,777107
2013-03-26,858680
2013-03-27,897685
2013-03-28,781159
2013-03-29,637590
2013-04-01,722143
2013-04-02,949990
2013-04-03,825856
2013-04-08,705962
2013-04-09,889684
2013-04-10,708549
2013-04-11,720085
2013-04-12,629459
2013-04-15,688354
2013-04-16,818870
2013-04-17,762773
2013-04-18,1000268
2013-04-19,1012882
2013-04-22,515383
2013-04-23,751583
2013-04-24,895579
2013-04-25,1035481
2013-04-26,793122
2013-05-02,601101
2013-05-03,912766
2013-05-06,790583
2013-05-07,746284
2013-05-08,815428
2013-05-09,747664
2013-05-10,873788
2013-05-13,794274
2013-05-14,857756
2013-05-15,666833
2013-05-16,997594
2013-05-17,819181
2013-05-20,724892
2013-05-21,604189
2013-05-22,748802
2013-05-23,841468
2013-05-24,888352
2013-05-27,663920
2013-05-28,848537
2013-05-29,630863
2013-05-30,617115
2013-05-31,694425
2013-06-03,611780
2013-06-04,707620
2013-06-05,493738
2013-06-06,615101
2013-06-07,652474
2013-06-13,648109
2013-06-14,517593
2013-06-17,621637
2013-06-18,708485
2013-06-19,869478
2013-06-20,754667
2013-06-21,849483
2013-06-24,935915
2013-06-25,1337553
2013-06-26,996538
2013-06-27,1102171
2013-06-28,1322503
2013-07-01,977291
2013-07-02,930743
2013-07-03,982652
2013-07-04,1180773
2013-07-05,926566
2013-07-08,929096
2013-07-09,678571
2013-07-10,1096492
2013-07-11,1313985
2013-07-12,875435
2013-07-15,1093067
2013-07-16,1020125
2013-07-17,1097617
2013-07-18,1006781
2013-07-19,1049219
2013-07-22,898917
2013-07-23,1204349
2013-07-24,1051080
2013-07-25,1198744
2013-07-26,935418
2013-07-29,815660
2013-07-30,1003483
2013-07-31,945563
2013-08-01,1200353
2013-08-02,920804
2013-08-05,899497
2013-08-06,961199
2013-08-07,1055162
2013-08-08,924600
2013-08-09,1091657
2013-08-12,1077729
2013-08-13,754814
2013-08-14,991855
2013-08-15,868098
2013-08-16,1326913
2013-08-19,921573
2013-08-20,929673
2013-08-21,930937
2013-08-22,874646
2013-08-23,913970
2013-08-26,953121
2013-08-27,688734
2013-08-28,967653
2013-08-29,916694
2013-08-30,938781
2013-09-02,839904
2013-09-03,878692
2013-09-04,535241
2013-09-05,617209
2013-09-06,720071
2013-09-09,928504
2013-09-10,684927
2013-09-11,739077
2013-09-12,890519
2013-09-13,689862
2013-09-16,770604
2013-09-17,829922
2013-09-18,800581
2013-09-23,813382
2013-09-24,799941
2013-09-25,710492
2013-09-26,810367
2013-09-27,582556
2013-09-30,495506
2013-10-08,641189
2013-10-09,570183
2013-10-10,745153
2013-10-11,866948
2013-10-14,653213
2013-10-15,633128
2013-10-16,820701
2013-10-17,714783
2013-10-18,760933
2013-10-21,740582
2013-10-22,640700
2013-10-23,887265
2013-10-24,780437
2013-10-25,857884
2013-10-28,631834
2013-10-29,1059940
2013-10-30,866154
2013-10-31,752985
2013-11-01,722558
2013-11-04,638493
2013-11-05,771418
2013-11-06,712345
2013-11-07,751248
2013-11-08,783484
2013-11-11,725256
2013-11-12,795933
2013-11-13,782279
2013-11-14,750410
2013-11-15,1011567
2013-11-18,946812
2013-11-19,586146
2013-11-20,741724
2013-11-21,770911
2013-11-22,764274
2013-11-25,764218
2013-11-26,688222
2013-11-27,847801
2013-11-28,876567
2013-11-29,529621
2013-12-02,985472
2013-12-03,719417
2013-12-04,895647
2013-12-05,576587
2013-12-06,628075
2013-12-09,573091
2013-12-10,651832
2013-12-11,638686
2013-12-12,510861
2013-12-13,695480
2013-12-16,703434
2013-12-17,591114
2013-12-18,535835
2013-12-19,767393
2013-12-20,873942
2013-12-23,696630
2013-12-24,790809
2013-12-25,746495
2013-12-26,702808
2013-12-27,916360
2013-12-30,590553
2013-12-31,850624
2014-01-02,542528
2014-01-03,625123
2014-01-06,676271
2014-01-07,659960
2014-01-08,762650
2014-01-09,759213
2014-01-10,728881
2014-01-13,678375
2014-01-14,742917
2014-01-15,615602
2014-01-16,793503
2014-01-17,791879
2014-01-20,607298
2014-01-21,687310
2014-01-22,787382
2014-01-23,552830
2014-01-24,753876
2014-01-27,566091
2014-01-28,608898
2014-01-29,495809
2014-01-30,462439
2014-02-07,498082
2014-02-10,653038
2014-02-11,670501
2014-02-12,538610
2014-02-13,575544
2014-02-14,550480
2014-02-17,645696
2014-02-18,579841
2014-02-19,745556
2014-02-20,770989
2014-02-21,609925
2014-02-24,663675
2014-02-25,723201
2014-02-26,701708
2014-02-27,800030
2014-02-28,870301
2014-03-03,714932
2014-03-04,770575
2014-03-05,713113
2014-03-06,961802
2014-03-07,767114
2014-03-10,756301
2014-03-11,845043
2014-03-12,904175
2014-03-13,875824
2014-03-14,640483
2014-03-17,771953
2014-03-18,648361
2014-03-19,821199
2014-03-20,943972
2014-03-21,1161642
2014-03-24,740361
2014-03-25,749090
2014-03-26,657906
2014-03-27,959511
2014-03-28,881889
2014-03-31,726682
2014-04-01,785394
2014-04-02,710749
2014-04-03,730717
2014-04-04,735356
2014-04-08,898193
2014-04-09,601334
2014-04-10,940106
2014-04-11,697134
2014-04-14,573361
2014-04-15,727732
2014-04-16,814095
2014-04-17,757530
2014-04-18,854166
2014-04-21,788000
2014-04-22,768364
2014-04-23,660317
2014-04-24,728544
2014-04-25,797373
2014-04-28,676978
2014-04-29,591270
2014-04-30,445279
2014-05-05,690990
2014-05-06,680632
2014-05-07,617160
2014-05-08,848449
2014-05-09,734996
2014-05-12,888412
2014-05-13,538406
2014-05-14,663543
2014-05-15,599189
2014-05-16,658094
2014-05-19,688278
2014-05-20,565875
2014-05-21,812098
2014-05-22,827612
2014-05-23,750339
2014-05-26,625780
2014-05-27,606841
2014-05-28,860556
2014-05-29,594193
2014-05-30,687818
2014-06-03,542743
2014-06-04,592106
2014-06-05,655314
2014-06-06,753940
2014-06-09,851109
2014-06-10,936416
2014-06-11,645499
2014-06-12,533161
2014-06-13,908882
2014-06-16,652989
2014-06-17,537838
2014-06-18,554825
2014-06-19,699153
2014-06-20,624829
2014-06-23,617860
2014-06-24,592677
2014-06-25,572754
2014-06-26,649664
2014-06-27,612542
2014-06-30,630336
2014-07-01,544085
2014-07-02,648794
2014-07-03,681084
2014-07-04,487074
2014-07-07,506669
2014-07-08,566224
2014-07-09,605910
2014-07-10,407064
2014-07-11,595060
2014-07-14,599861
2014-07-15,485925
2014-07-16,559246
2014-07-17,602348
2014-07-18,738421
2014-07-21,470894
2014-07-22,722314
2014-07-23,658445
2014-07-24,946945
2014-07-25,660120
2014-07-28,990968
2014-07-29,748813
2014-07-30,774154
2014-07-31,846249
2014-08-01,1036118
2014-08-04,996064
2014-08-05,914210
2014-08-06,966081
2014-08-07,959335
2014-08-08,795926
2014-08-11,856117
2014-08-12,736073
2014-08-13,952077
2014-08-14,923789
2014-08-15,911674
2014-08-18,725463
2014-08-19,720446
2014-08-20,688781
2014-08-21,712617
2014-08-22,717768
2014-08-25,703685
2014-08-26,751962
2014-08-27,534797
2014-08-28,653731
2014-08-29,604425
2014-09-01,573963
2014-09-02,841435
2014-09-03,861154
2014-09-04,817189
2014-09-05,923025
2014-09-09,650801
2014-09-10,712701
2014-09-11,1153425
2014-09-12,859471
2014-09-15,759875
2014-09-16,1156091
2014-09-17,839768
2014-09-18,927720
2014-09-19,961937
2014-09-22,865489
2014-09-23,796344
2014-09-24,1095229
2014-09-25,1041047
2014-09-26,890089
2014-09-29,646520
2014-09-30,594468
2014-10-08,736785
2014-10-09,702168
2014-10-10,772947
2014-10-13,810049
2014-10-14,845913
2014-10-15,1023140
2014-10-16,1199645
2014-10-17,1027551
2014-10-20,682608
2014-10-21,791870
2014-10-22,748913
2014-10-23,867759
2014-10-24,656563
2014-10-27,754631
2014-10-28,785989
2014-10-29,953511
2014-10-30,904396
2014-10-31,1211598
2014-11-03,731421
2014-11-04,675448
2014-11-05,811618
2014-11-06,900900
2014-11-07,1317110
2014-11-10,1222513
2014-11-11,1540582
2014-11-12,1122691
2014-11-13,1210059
2014-11-14,1048237
2014-11-17,1329870
2014-11-18,977317
2014-11-19,867854
2014-11-20,948654
2014-11-21,1179710
2014-11-24,1371888
2014-11-25,1075368
2014-11-26,1307171
2014-11-27,1184754
2014-11-28,1299202
2014-12-01,1214035
2014-12-02,1968113
2014-12-03,2303389
2014-12-04,2159674
2014-12-05,2413050
2014-12-08,2049584
2014-12-09,2930128
2014-12-10,2501205
2014-12-11,2041015
2014-12-12,1758553
2014-12-15,1404741
2014-12-16,1886856
2014-12-17,2230010
2014-12-18,1802071
2014-12-19,1784296
2014-12-22,1810607
2014-12-23,1792205
2014-12-24,1997078
2014-12-25,1940099
2014-12-26,2000158
2014-12-29,1932218
2014-12-30,2044955
2014-12-31,1526454
2015-01-05,1500643
2015-01-06,1737699
2015-01-07,1475006
2015-01-08,1807466
2015-01-09,2038525
2015-01-12,1539983
2015-01-13,1349288
2015-01-14,1382198
2015-01-15,1766348
2015-01-16,1511496
2015-01-19,1297466
2015-01-20,2048219
2015-01-21,1710330
2015-01-22,1368861
2015-01-23,1665037
2015-01-26,1210104
2015-01-27,1515865
2015-01-28,1555853
2015-01-29,1407556
2015-01-30,1589453
2015-02-02,1267068
2015-02-03,1406441
2015-02-04,1421554
2015-02-05,1808881
2015-02-06,1533764
2015-02-09,1483136
2015-02-10,1545688
2015-02-11,1254080
2015-02-12,1083933
2015-02-13,1382845
2015-02-16,882121
2015-02-17,872386
2015-02-25,966332
2015-02-26,1138319
2015-02-27,1026427
2015-03-02,1246053
2015-03-03,1230649
2015-03-04,1278654
2015-03-05,1290957
2015-03-06,1091742
2015-03-09,1326117
2015-03-10,1139937
2015-03-11,1348611
2015-03-12,1456315
2015-03-13,1290899
2015-03-16,1251775
2015-03-17,1403667
2015-03-18,1511280
2015-03-19,1270864
2015-03-20,1768389
2015-03-23,1428039
2015-03-24,1522604
2015-03-25,1421698
2015-03-26,1795203
2015-03-27,1423153
2015-03-30,1422053
2015-03-31,1818532
2015-04-01,1739401
2015-04-02,1703369
2015-04-03,1814089
2015-04-07,1394231
2015-04-08,1739388
2015-04-09,1836113
2015-04-10,1699942
2015-04-13,1489756
2015-04-14,1740283
2015-04-15,1942904
2015-04-16,1924575
2015-04-17,1779283
2015-04-20,1894990
2015-04-21,1641559
2015-04-22,1441626
2015-04-23,1653711
2015-04-24,1614501
2015-04-27,1522447
2015-04-28,1640807
2015-04-29,1374165
2015-04-30,1365274
2015-05-04,1152000
2015-05-05,1457077
2015-05-06,1724773
2015-05-07,1659278
2015-05-08,1709350
2015-05-11,1533741
2015-05-12,1474091
2015-05-13,1393969
2015-05-14,1412108
2015-05-15,1721536
2015-05-18,1295206
2015-05-19,1591072
2015-05-20,1631623
2015-05-21,1598112
2015-05-22,1582585
2015-05-25,1376943
2015-05-26,1632641
2015-05-27,1686566
2015-05-28,1960123
2015-05-29,1998421
2015-06-01,1580581
2015-06-02,1793934
2015-06-03,1980879
2015-06-04,2168640
2015-06-05,2058218
2015-06-08,1804105
2015-06-09,1791588
2015-06-10,1780145
2015-06-11,1555978
2015-06-12,1518095
2015-06-15,1689438
2015-06-16,1938191
2015-06-17,1909641
2015-06-18,1849939
2015-06-19,2283013
2015-06-23,2207919
2015-06-24,1926895
2015-06-25,2209492
2015-06-26,2355785
2015-06-29,3185557
2015-06-30,2512956
2015-07-01,2435322
2015-07-02,2791987
2015-07-03,2631323
2015-07-06,2176664
2015-07-07,1622458
2015-07-08,448649
2015-07-09,706522
2015-07-10,1254467
2015-07-13,1841169
2015-07-14,1854653
2015-07-15,1943492
2015-07-16,2465940
2015-07-17,2217278
2015-07-20,2035183
2015-07-21,2206775
2015-07-22,1769380
2015-07-23,1894038
2015-07-24,2014626
2015-07-27,1814080
2015-07-28,2348390
2015-07-29,2178765
2015-07-30,2356133
2015-07-31,2039295
2015-08-03,1358406
2015-08-04,1626132
2015-08-05,1561653
2015-08-06,1997252
2015-08-07,2083566
2015-08-10,1882454
2015-08-11,1898543
2015-08-12,2121004
2015-08-13,1902632
2015-08-14,1969916
2015-08-17,1824052
2015-08-18,2349411
2015-08-19,2524743
2015-08-20,2287290
2015-08-21,2505858
2015-08-24,1400381
2015-08-25,2476366
2015-08-26,1869386
2015-08-27,1815890
2015-08-28,1340096
2015-08-31,578180
2015-09-01,598142
2015-09-02,616367
2015-09-07,43015
2015-09-08,34085
2015-09-09,27899
2015-09-10,19160
2015-09-11,20147
2015-09-14,28817
2015-09-15,25393
2015-09-16,29497
2015-09-17,27148
2015-09-18,22610
2015-09-21,19003
2015-09-22,17624
2015-09-23,16671
2015-09-24,15491
2015-09-25,17284
2015-09-28,14813
2015-09-29,14902
2015-09-30,13472
2015-10-08,16216
2015-10-09,17852
2015-10-12,22712
2015-10-13,16808
2015-10-14,18873
2015-10-15,22708
2015-10-16,25181
2015-10-19,17182
2015-10-20,16479
2015-10-21,19916
2015-10-22,18883
2015-10-23,17572
2015-10-26,15807
2015-10-27,17824
2015-10-28,16715
2015-10-29,16644
2015-10-30,17465
2015-11-02,17209
2015-11-03,15768
2015-11-04,22763
2015-11-05,22908
2015-11-06,19592
2015-11-09,18739
2015-11-10,16177
2015-11-11,16601
2015-11-12,18038
2015-11-13,17638
2015-11-16,18979
2015-11-17,22975
2015-11-18,19954
2015-11-19,21871
2015-11-20,20693
2015-11-23,15532
2015-11-24,17480
2015-11-25,15799
2015-11-26,16083
2015-11-27,20547
2015-11-30,19933
2015-12-01,17338
2015-12-02,23382
2015-12-03,16808
2015-12-04,17287
2015-12-07,15650
2015-12-08,17338
2015-12-09,17025
2015-12-10,19673
2015-12-11,19004
2015-12-14,24994
2015-12-15,20625
2015-12-16,20149
2015-12-17,25980
2015-12-18,22331
2015-12-21,16523
2015-12-22,14826
2015-12-23,16956
2015-12-24,16568
2015-12-25,13482
2015-12-28,16854
2015-12-29,15483
2015-12-30,14451
2015-12-31,15626
2016-01-04,14518
2016-01-05,21686
2016-01-06,19633
2016-01-07,5583
2016-01-08,23210
2016-01-11,25620
2016-01-12,25493
2016-01-13,27741
2016-01-14,31026
2016-01-15,27674
2016-01-18,21960
2016-01-19,21939
2016-01-20,21157
2016-01-21,23509
2016-01-22,22430
2016-01-25,17558
2016-01-26,22510
2016-01-27,26601
2016-01-28,21384
2016-01-29,24113
2016-02-01,20847
2016-02-02,21885
2016-02-03,20958
2016-02-04,22843
2016-02-05,16046
2016-02-15,20471
2016-02-16,23968
2016-02-17,23209
2016-02-18,24233
2016-02-19,23371
2016-02-22,19800
2016-02-23,19592
2016-02-24,22254
2016-02-25,26306
2016-02-26,22526
2016-02-29,25112
2016-03-01,25620
2016-03-02,27255
2016-03-03,22882
2016-03-04,26819
2016-03-07,25718
2016-03-08,26493
2016-03-09,22754
2016-03-10,22889
2016-03-11,25082
2016-03-14,29292
2016-03-15,27797
2016-03-16,29609
2016-03-17,34044
2016-03-18,31700
2016-03-21,24109
2016-03-22,18683
2016-03-23,19222
2016-03-24,21199
2016-03-25,16691
2016-03-28,20815
2016-03-29,20975
2016-03-30,22701
2016-03-31,20063
2016-04-01,22524
2016-04-05,22545
2016-04-06,17119
2016-04-07,21868
2016-04-08,21804
2016-04-11,27339
2016-04-12,25624
2016-04-13,33606
2016-04-14,27977
2016-04-15,24220
2016-04-18,18269
2016-04-19,17078
2016-04-20,25314
2016-04-21,21715
2016-04-22,17296
2016-04-25,17475
2016-04-26,17698
2016-04-27,15941
2016-04-28,17038
2016-04-29,14734
2016-05-03,19925
2016-05-04,14926
2016-05-05,13678
2016-05-06,19998
2016-05-09,19933
2016-05-10,16634
2016-05-11,17827
2016-05-12,19624
2016-05-13,17246
2016-05-16,19914
2016-05-17,20929
2016-05-18,23963
2016-05-19,23172
2016-05-20,21386
2016-05-23,14354
2016-05-24,14521
2016-05-25,14411
2016-05-26,16862
2016-05-27,13309
2016-05-30,15399
2016-05-31,23963
2016-06-01,15784
2016-06-02,11749
2016-06-03,16752
2016-06-06,14325
2016-06-07,12309
2016-06-08,14702
2016-06-13,20530
2016-06-14,22870
2016-06-15,23767
2016-06-16,20798
2016-06-17,22859
2016-06-20,14273
2016-06-21,16913
2016-06-22,14139
2016-06-23,13502
2016-06-24,19783
2016-06-27,15403
2016-06-28,14262
2016-06-29,13531
2016-06-30,11352
2016-07-01,12240
2016-07-04,16634
2016-07-05,11996
2016-07-06,14455
2016-07-07,15065
2016-07-08,15686
2016-07-11,21830
2016-07-12,23017
2016-07-13,24114
2016-07-14,19895
2016-07-15,17498
2016-07-18,12316
2016-07-19,13878
2016-07-20,11248
2016-07-21,14108
2016-07-22,13711
2016-07-25,12043
2016-07-26,13499
2016-07-27,20055
2016-07-28,16513
2016-07-29,13552
2016-08-01,14204
2016-08-02,10577
2016-08-03,12623
2016-08-04,12395
2016-08-05,13087
2016-08-08,13953
2016-08-09,13187
2016-08-10,10787
2016-08-11,15491
2016-08-12,17421
2016-08-15,25548
2016-08-16,22305
2016-08-17,21104
2016-08-18,20410
2016-08-19,18436
2016-08-22,12817
2016-08-23,14170
2016-08-24,12741
2016-08-25,13813
2016-08-26,13123
2016-08-29,11655
2016-08-30,13151
2016-08-31,15866
2016-09-01,12656
2016-09-02,13110
2016-09-05,13150
2016-09-06,16831
2016-09-07,13832
2016-09-08,14035
2016-09-09,18279
2016-09-12,25452
2016-09-13,20911
2016-09-14,19397
2016-09-19,17466
2016-09-20,8631
2016-09-21,10244
2016-09-22,11589
2016-09-23,8928
2016-09-26,11250
2016-09-27,12109
2016-09-28,8520
2016-09-29,10992
2016-09-30,9500
2016-10-10,13092
2016-10-11,10425
2016-10-12,8665
2016-10-13,10924
2016-10-14,13306
2016-10-17,15830
2016-10-18,20043
2016-10-19,18325
2016-10-20,17431
2016-10-21,16696
2016-10-24,12996
2016-10-25,8485
2016-10-26,9171
2016-10-27,9258
2016-10-28,11698
2016-10-31,9991
2016-11-01,9742
2016-11-02,9366
2016-11-03,13130
2016-11-04,10579
2016-11-07,9232
2016-11-08,10921
2016-11-09,14905
2016-11-10,12246
2016-11-11,13815
2016-11-14,16130
2016-11-15,16249
2016-11-16,16170
2016-11-17,17042
2016-11-18,14512
2016-11-21,11899
2016-11-22,11204
2016-11-23,11311
2016-11-24,10347
2016-11-25,11471
2016-11-28,11404
2016-11-29,14067
2016-11-30,14507
2016-12-01,13315
2016-12-02,13413
2016-12-05,15198
2016-12-06,12663
2016-12-07,13404
2016-12-08,12119
2016-12-09,15266
2016-12-12,19288
2016-12-13,18051
2016-12-14,18060
2016-12-15,19565
2016-12-16,15268
2016-12-19,8437
2016-12-20,10604
2016-12-21,10761
2016-12-22,8729
2016-12-23,9271
2016-12-26,10895
2016-12-27,8030
2016-12-28,8181
2016-12-29,9987
2016-12-30,9438
2017-01-03,10711
2017-01-04,11090
2017-01-05,9305
2017-01-06,9009
2017-01-09,9258
2017-01-10,9102
2017-01-11,11559
2017-01-12,11328
2017-01-13,12572
2017-01-16,17625
2017-01-17,17282
2017-01-18,17895
2017-01-19,18819
2017-01-20,16518
2017-01-23,9660
2017-01-24,8407
2017-01-25,8220
2017-01-26,7466
2017-02-03,8220
2017-02-06,9215
2017-02-07,8892
2017-02-08,11511
2017-02-09,10898
2017-02-10,12062
2017-02-13,12805
2017-02-14,11615
2017-02-15,15461
2017-02-16,14024
2017-02-17,17471
2017-02-20,18592
2017-02-21,17871
2017-02-22,14928
2017-02-23,16607
2017-02-24,14335
2017-02-27,15152
2017-02-28,15487
2017-03-01,17326
2017-03-02,17022
2017-03-03,16856
2017-03-06,17785
2017-03-07,14787
2017-03-08,14385
2017-03-09,20475
2017-03-10,16750
2017-03-13,24544
2017-03-14,18392
2017-03-15,23126
2017-03-16,27521
2017-03-17,26051
2017-03-20,15134
2017-03-21,16286
2017-03-22,17625
2017-03-23,20288
2017-03-24,20232
2017-03-27,17445
2017-03-28,15399
2017-03-29,17481
2017-03-30,21902
2017-03-31,16029
2017-04-05,20900
2017-04-06,16702
2017-04-07,16003
2017-04-10,12711
2017-04-11,21340
2017-04-12,18047
2017-04-13,15908
2017-04-14,19223
2017-04-17,22730
2017-04-18,21326
2017-04-19,27495
2017-04-20,25943
2017-04-21,21909
2017-04-24,19901
2017-04-25,16630
2017-04-26,16706
2017-04-27,19536
2017-04-28,15340
2017-05-02,12486
2017-05-03,14638
2017-05-04,16514
2017-05-05,17290
2017-05-08,17582
2017-05-09,17224
2017-05-10,16829
2017-05-11,20040
2017-05-12,19148
2017-05-15,17133
2017-05-16,23145
2017-05-17,20889
2017-05-18,21838
2017-05-19,18081
2017-05-22,17375
2017-05-23,20494
2017-05-24,19188
2017-05-25,22461
2017-05-26,15947
2017-05-31,17493
2017-06-01,15097
2017-06-02,15836
2017-06-05,14585
2017-06-06,14833
2017-06-07,18170
2017-06-08,17272
2017-06-09,16929
2017-06-12,18797
2017-06-13,19338
2017-06-14,21852
2017-06-15,25368
2017-06-16,20125
2017-06-19,16362
2017-06-20,14166
2017-06-21,18210
2017-06-22,20859
2017-06-23,19680
2017-06-26,18162
2017-06-27,15386
2017-06-28,15640
2017-06-29,15498
2017-06-30,14683
2017-07-03,15245
2017-07-04,16512
2017-07-05,16589
2017-07-06,16528
2017-07-07,14033
2017-07-10,14799
2017-07-11,19349
2017-07-12,19829
2017-07-13,18253
2017-07-14,16390
2017-07-17,22562
2017-07-18,21659
2017-07-19,25164
2017-07-20,22561
2017-07-21,18532
2017-07-24,15060
2017-07-25,15215
2017-07-26,16712
2017-07-27,15379
2017-07-28,13310
2017-07-31,12931
2017-08-01,13732
2017-08-02,14556
2017-08-03,16064
2017-08-04,14999
2017-08-07,14754
2017-08-08,12595
2017-08-09,13443
2017-08-10,18971
2017-08-11,19198
2017-08-14,17162
2017-08-15,16363
2017-08-16,18271
2017-08-17,20485
2017-08-18,20099
2017-08-21,11785
2017-08-22,11444
2017-08-23,13417
2017-08-24,12815
2017-08-25,18651
2017-08-28,18042
2017-08-29,13035
2017-08-30,12471
2017-08-31,14667
2017-09-01,14770
2017-09-04,13329
2017-09-05,13561
2017-09-06,14616
2017-09-07,15010
2017-09-08,15176
2017-09-11,18967
2017-09-12,20551
2017-09-13,18652
2017-09-14,22270
2017-09-15,20264
2017-09-18,15504
2017-09-19,17186
2017-09-20,13924
2017-09-21,13823
2017-09-22,14594
2017-09-25,13519
2017-09-26,11437
2017-09-27,11684
2017-09-28,10902
2017-09-29,12690
2017-10-09,14868
2017-10-10,15539
2017-10-11,13316
2017-10-12,13070
2017-10-13,11929
2017-10-16,16162
2017-10-17,16201
2017-10-18,18689
2017-10-19,18971
2017-10-20,18241
2017-10-23,10116
2017-10-24,11780
2017-10-25,12420
2017-10-26,14873
2017-10-27,13487
2017-10-30,18896
2017-10-31,13020
2017-11-01,15532
2017-11-02,14022
2017-11-03,16699
2017-11-06,14707
2017-11-07,16554
2017-11-08,18055
2017-11-09,13626
2017-11-10,16208
2017-11-13,15358
2017-11-14,19039
2017-11-15,21935
2017-11-16,22009
2017-11-17,20833
2017-11-20,17303
2017-11-21,19188
2017-11-22,19660
2017-11-23,22891
2017-11-24,21094
2017-11-27,21442
2017-11-28,18343
2017-11-29,22679
2017-11-30,20041
2017-12-01,18277
2017-12-04,17424
2017-12-05,18309
2017-12-06,22070
2017-12-07,19634
2017-12-08,20167
2017-12-11,22955
2017-12-12,22533
2017-12-13,24197
2017-12-14,24278
2017-12-15,25429
2017-12-18,16947
2017-12-19,16855
2017-12-20,15199
2017-12-21,21225
2017-12-22,13355
2017-12-25,16564
2017-12-26,16942
2017-12-27,18357
2017-12-28,16747
2017-12-29,13988
2018-01-02,16638
2018-01-03,19006
2018-01-04,14718
2018-01-05,14450
2018-01-08,15024
2018-01-09,16625
2018-01-10,17192
2018-01-11,15522
2018-01-12,16409
2018-01-15,21805
2018-01-16,22967
2018-01-17,27745
2018-01-18,25833
2018-01-19,24289
2018-01-22,17617
2018-01-23,18524
2018-01-24,18948
2018-01-25,19113
2018-01-26,17812
2018-01-29,22705
2018-01-30,18594
2018-01-31,20706
2018-02-01,23838
2018-02-02,22792
2018-02-05,20541
2018-02-06,27128
2018-02-07,30867
2018-02-08,26442
2018-02-09,36631
2018-02-12,27202
2018-02-13,25908
2018-02-14,20085
2018-02-22,20783
2018-02-23,17339
2018-02-26,21124
2018-02-27,19873
2018-02-28,22401
2018-03-01,21370
2018-03-02,19606
2018-03-05,20259
2018-03-06,23122
2018-03-07,23064
2018-03-08,22208
2018-03-09,21823
2018-03-12,23410
2018-03-13,24521
2018-03-14,23858
2018-03-15,24883
2018-03-16,24862
2018-03-19,17338
2018-03-20,17645
2018-03-21,21602
2018-03-22,23560
2018-03-23,30728
2018-03-26,23312
2018-03-27,23566
2018-03-28,23123
2018-03-29,24959
2018-03-30,18307
2018-04-02,21579
2018-04-03,21233
2018-04-04,20649
2018-04-09,20341
2018-04-10,23958
2018-04-11,20852
2018-04-12,20428
2018-04-13,22185
2018-04-16,25854
2018-04-17,28304
2018-04-18,34324
2018-04-19,30059
2018-04-20,27772
2018-04-23,23977
2018-04-24,24519
2018-04-25,18295
2018-04-26,23259
2018-04-27,24650
2018-05-02,19289
2018-05-03,23353
2018-05-04,19038
2018-05-07,23068
2018-05-08,23222
2018-05-09,18286
2018-05-10,20075
2018-05-11,18822
2018-05-14,21287
2018-05-15,21409
2018-05-16,23655
2018-05-17,23288
2018-05-18,25007
2018-05-21,21959
2018-05-22,17809
2018-05-23,19725
2018-05-24,18792
2018-05-25,18262
2018-05-28,19086
2018-05-29,20662
2018-05-30,22963
2018-05-31,22898
2018-06-01,20437
2018-06-04,20560
2018-06-05,19784
2018-06-06,16339
2018-06-07,20633
2018-06-08,20162
2018-06-11,24343
2018-06-12,27279
2018-06-13,24788
2018-06-14,29941
2018-06-15,28306
2018-06-19,26283
2018-06-20,22791
2018-06-21,24616
2018-06-22,23910
2018-06-25,22119
2018-06-26,26752
2018-06-27,28172
2018-06-28,28669
2018-06-29,27500
2018-07-02,29862
2018-07-03,33321
2018-07-04,26916
2018-07-05,29454
2018-07-06,35289
2018-07-09,29037
2018-07-10,27416
2018-07-11,33323
2018-07-12,32327
2018-07-13,23175
2018-07-16,27454
2018-07-17,33741
2018-07-18,33762
2018-07-19,36424
2018-07-20,40158
2018-07-23,28532
2018-07-24,28939
2018-07-25,20752
2018-07-26,25407
2018-07-27,23995
2018-07-30,27290
2018-07-31,24472
2018-08-01,33988
2018-08-02,34871
2018-08-03,28874
2018-08-06,32135
2018-08-07,34304
2018-08-08,28947
2018-08-09,35579
2018-08-10,27139
2018-08-13,33638
2018-08-14,33173
2018-08-15,35667
2018-08-16,44267
2018-08-17,36625
2018-08-20,32941
2018-08-21,32799
2018-08-22,24532
2018-08-23,35449
2018-08-24,32642
2018-08-27,30539
2018-08-28,24382
2018-08-29,21785
2018-08-30,25327
2018-08-31,30659
2018-09-03,27535
2018-09-04,32959
2018-09-05,31923
2018-09-06,31715
2018-09-07,35428
2018-09-10,29154
2018-09-11,31093
2018-09-12,32126
2018-09-13,39563
2018-09-14,31434
2018-09-17,30541
2018-09-18,46869
2018-09-19,45553
2018-09-20,36369
2018-09-21,44082
2018-09-25,27442
2018-09-26,35592
2018-09-27,27903
2018-09-28,30447
2018-10-08,34580
2018-10-09,30611
2018-10-10,34112
2018-10-11,45841
2018-10-12,42200
2018-10-15,35204
2018-10-16,43190
2018-10-17,50270
2018-10-18,45981
2018-10-19,54936
2018-10-22,49359
2018-10-23,45219
2018-10-24,47692
2018-10-25,48415
2018-10-26,42842
2018-10-29,39445
2018-10-30,48075
2018-10-31,42068
2018-11-01,44091
2018-11-02,51784
2018-11-05,39751
2018-11-06,36391
2018-11-07,45355
2018-11-08,40632
2018-11-09,35994
2018-11-12,38944
2018-11-13,49473
2018-11-14,42852
2018-11-15,44846
2018-11-16,47856
2018-11-19,36302
2018-11-20,38704
2018-11-21,34522
2018-11-22,33394
2018-11-23,37222
2018-11-26,33691
2018-11-27,32362
2018-11-28,37507
2018-11-29,36480
2018-11-30,38653
2018-12-03,51782
2018-12-04,48200
2018-12-05,55800
2018-12-06,56563
2018-12-07,39024
2018-12-10,46292
2018-12-11,40409
2018-12-12,49814
2018-12-13,63924
2018-12-14,56097
2018-12-17,56963
2018-12-18,71340
2018-12-19,64036
2018-12-20,77967
2018-12-21,74232
2018-12-24,50578
2018-12-25,68770
2018-12-26,50118
2018-12-27,58783
2018-12-28,60352
2019-01-02,52792
2019-01-03,60914
2019-01-04,78831
2019-01-07,64613
2019-01-08,47009
2019-01-09,75109
2019-01-10,62943
2019-01-11,65849
2019-01-14,50699
2019-01-15,73918
2019-01-16,58814
2019-01-17,74303
2019-01-18,86324
2019-01-21,58701
2019-01-22,51959
2019-01-23,54308
2019-01-24,63672
2019-01-25,63521
2019-01-28,63391
2019-01-29,66815
2019-01-30,53773
2019-01-31,63763
2019-02-01,58111
2019-02-11,56819
2019-02-12,60195
2019-02-13,78587
2019-02-14,67802
2019-02-15,69187
2019-02-18,66865
2019-02-19,77087
2019-02-20,66909
2019-02-21,89502
2019-02-22,88240
2019-02-25,124116
2019-02-26,119679
2019-02-27,109569
2019-02-28,89449
2019-03-01,109218
2019-03-04,131966
2019-03-05,101613
2019-03-06,117031
2019-03-07,120947
2019-03-08,134948
2019-03-11,109370
2019-03-12,123847
2019-03-13,124003
2019-03-14,114696
2019-03-15,128901
2019-03-18,108038
2019-03-19,88515
2019-03-20,102510
2019-03-21,109207
2019-03-22,103931
2019-03-25,103956
2019-03-26,94215
2019-03-27,89228
2019-03-28,83761
2019-03-29,115085
2019-04-01,97864
2019-04-02,73399
2019-04-03,93037
2019-04-04,108801
2019-04-08,111406
2019-04-09,94824
2019-04-10,108898
2019-04-11,119223
2019-04-12,101973
2019-04-15,133581
2019-04-16,131007
2019-04-17,117300
2019-04-18,95047
2019-04-19,128610
2019-04-22,135824
2019-04-23,123248
2019-04-24,133393
2019-04-25,125161
2019-04-26,143722
2019-04-29,138255
2019-04-30,106323
2019-05-06,161908
2019-05-07,144361
2019-05-08,130493
2019-05-09,151794
2019-05-10,202927
2019-05-13,114125
2019-05-14,139654
2019-05-15,146831
2019-05-16,128183
2019-05-17,144514
2019-05-20,131910
2019-05-21,138543
2019-05-22,111582
2019-05-23,125768
2019-05-24,123458
2019-05-27,146688
2019-05-28,125760
2019-05-29,118235
2019-05-30,126884
2019-05-31,128795
2019-06-03,141582
2019-06-04,107758
2019-06-05,117044
2019-06-06,115337
2019-06-10,120113
2019-06-11,146664
2019-06-12,98008
2019-06-13,124533
2019-06-14,98716
2019-06-17,104533
2019-06-18,117966
2019-06-19,144368
2019-06-20,185013
2019-06-21,130845
2019-06-24,85176
2019-06-25,128080
2019-06-26,82634
2019-06-27,120685
2019-06-28,99027
2019-07-01,123087
2019-07-02,72416
2019-07-03,89443
2019-07-04,95333
2019-07-05,87722
2019-07-08,122429
2019-07-09,88864
2019-07-10,78026
2019-07-11,109913
2019-07-12,114199
2019-07-15,146913
2019-07-16,90833
2019-07-17,100592
2019-07-18,104993
2019-07-19,127764
2019-07-22,107685
2019-07-23,73690
2019-07-24,102898
2019-07-25,94051
2019-07-26,78862
2019-07-29,77928
2019-07-30,90006
2019-07-31,77005
2019-08-01,86375
2019-08-02,92536
2019-08-05,105875
2019-08-06,124645
2019-08-07,84989
2019-08-08,95951
2019-08-09,87946
2019-08-12,98719
2019-08-13,84622
2019-08-14,92843
2019-08-15,119061
2019-08-16,120760
2019-08-19,120021
2019-08-20,78179
2019-08-21,61191
2019-08-22,73299
2019-08-23,102473
2019-08-26,93350
2019-08-27,127226
2019-08-28,75220
2019-08-29,90373
2019-08-30,99334
2019-09-02,103847
2019-09-03,68830
2019-09-04,109134
2019-09-05,130169
2019-09-06,90606
2019-09-09,93222
2019-09-10,81070
2019-09-11,98567
2019-09-12,94719
2019-09-16,90061
2019-09-17,112232
2019-09-18,83618
2019-09-19,95573
2019-09-20,89725
2019-09-23,84609
2019-09-24,91060
2019-09-25,78474
2019-09-26,84105
2019-09-27,59571
2019-09-30,71556
2019-10-08,72432
2019-10-09,71543
2019-10-10,78502
2019-10-11,93840
2019-10-14,105420
2019-10-15,68674
2019-10-16,98952
2019-10-17,90493
2019-10-18,109356
2019-10-21,63785
2019-10-22,75103
2019-10-23,68512
2019-10-24,80116
2019-10-25,95143
2019-10-28,83404
2019-10-29,57668
2019-10-30,75964
2019-10-31,69161
2019-11-01,106664
2019-11-04,74902
2019-11-05,107096
2019-11-06,76658
2019-11-07,88317
2019-11-08,92218
2019-11-11,85443
2019-11-12,91373
2019-11-13,81808
2019-11-14,89832
2019-11-15,94304
2019-11-18,77205
2019-11-19,77808
2019-11-20,71255
2019-11-21,73240
2019-11-22,114356
2019-11-25,73998
2019-11-26,81752
2019-11-27,76869
2019-11-28,70764
2019-11-29,94072
2019-12-02,65312
2019-12-03,73303
2019-12-04,70916
2019-12-05,92975
2019-12-06,74827
2019-12-09,74639
2019-12-10,65009
2019-12-11,72256
2019-12-12,60794
2019-12-13,105027
2019-12-16,83400
2019-12-17,126215
2019-12-18,92294
2019-12-19,86625
2019-12-20,95450
2019-12-23,93520
2019-12-24,57994
2019-12-25,68635
2019-12-26,80109
2019-12-27,110073
2019-12-30,110520
2019-12-31,79716
2020-01-02,104525
2020-01-03,74908
2020-01-06,109748
2020-01-07,86959
2020-01-08,101135
2020-01-09,87814
2020-01-10,75058
2020-01-13,91446
2020-01-14,78580
2020-01-15,92642
2020-01-16,91012
2020-01-17,92893
2020-01-20,74085
2020-01-21,92116
2020-01-22,112361
2020-01-23,119952
2020-02-03,141032
2020-02-04,132415
2020-02-05,125899
2020-02-06,136842
2020-02-07,109004
2020-02-10,112092
2020-02-11,107306
2020-02-12,93823
2020-02-13,97761
2020-02-14,106946
2020-02-17,120531
2020-02-18,109200
2020-02-19,110055
2020-02-20,137388
2020-02-21,124427
2020-02-24,119184
2020-02-25,143835
2020-02-26,138790
2020-02-27,108283
2020-02-28,154924
2020-03-02,139601
2020-03-03,131471
2020-03-04,116736
2020-03-05,139013
2020-03-06,114307
2020-03-09,138671
2020-03-10,169209
2020-03-11,126855
2020-03-12,140801
2020-03-13,180183
2020-03-16,160914
2020-03-17,197832
2020-03-18,197928
2020-03-19,229324
2020-03-20,184093
2020-03-23,146211
2020-03-24,168052
2020-03-25,154166
2020-03-26,129154
2020-03-27,148655
2020-03-30,132664
2020-03-31,122499
2020-04-01,137460
2020-04-02,141450
2020-04-03,113246
2020-04-07,117045
2020-04-08,102491
2020-04-09,91168
2020-04-10,126519
2020-04-13,87802
2020-04-14,109947
2020-04-15,103011
2020-04-16,118731
2020-04-17,137644
2020-04-20,81375
2020-04-21,110002
2020-04-22,104296
2020-04-23,90655
2020-04-24,87582
2020-04-27,98974
2020-04-28,123001
2020-04-29,86378
2020-04-30,106329
2020-05-06,94278
2020-05-07,77798
2020-05-08,99871
2020-05-11,92435
2020-05-12,97109
2020-05-13,97814
2020-05-14,104290
2020-05-15,106460
2020-05-18,97343
2020-05-19,76065
2020-05-20,71682
2020-05-21,75686
2020-05-22,107278
2020-05-25,85727
2020-05-26,76013
2020-05-27,72402
2020-05-28,117630
2020-05-29,88036
2020-06-01,105857
2020-06-02,78673
2020-06-03,90798
2020-06-04,72810
2020-06-05,78053
2020-06-08,90924
2020-06-09,91836
2020-06-10,79037
2020-06-11,112939
2020-06-12,114801
2020-06-15,112080
2020-06-16,107942
2020-06-17,94788
2020-06-18,123336
2020-06-19,134326
2020-06-22,105303
2020-06-23,98647
2020-06-24,84356
2020-06-29,91772
2020-06-30,101466
2020-07-01,129800
2020-07-02,156025
2020-07-03,155403
2020-07-06,216255
2020-07-07,205604
2020-07-08,175161
2020-07-09,172688
2020-07-10,167528
2020-07-13,179067
2020-07-14,186414
2020-07-15,197942
2020-07-16,265788
2020-07-17,205916
2020-07-20,167339
2020-07-21,131208
2020-07-22,184783
2020-07-23,197614
2020-07-24,215252
2020-07-27,146676
2020-07-28,138747
2020-07-29,177365
2020-07-30,129075
2020-07-31,198117
2020-08-03,148062
2020-08-04,143525
2020-08-05,152972
2020-08-06,176466
2020-08-07,177583
2020-08-10,156863
2020-08-11,161501
2020-08-12,168526
2020-08-13,127425
2020-08-14,160714
2020-08-17,177917
2020-08-18,125204
2020-08-19,159597
2020-08-20,158612
2020-08-21,141513
2020-08-24,119705
2020-08-25,125877
2020-08-26,140755
2020-08-27,114590
2020-08-28,159042
2020-08-31,147260
2020-09-01,113005
2020-09-02,149099
2020-09-03,146618
2020-09-04,134235
2020-09-07,155116
2020-09-08,134178
2020-09-09,164909
2020-09-10,142768
2020-09-11,124388
2020-09-14,119475
2020-09-15,139673
2020-09-16,127666
2020-09-17,156603
2020-09-18,186288
2020-09-21,115946
2020-09-22,132877
2020-09-23,96997
2020-09-24,132169
2020-09-25,105504
2020-09-28,98273
2020-09-29,102968
2020-09-30,112770
2020-10-09,98487
2020-10-12,128955
2020-10-13,104586
2020-10-14,104362
2020-10-15,120171
2020-10-16,135661
2020-10-19,138340
2020-10-20,80999
2020-10-21,96716
2020-10-22,115068
2020-10-23,119703
2020-10-26,105787
2020-10-27,81588
2020-10-28,103086
2020-10-29,128108
2020-10-30,135332
2020-11-02,104512
2020-11-03,121649
2020-11-04,118235
2020-11-05,127829
2020-11-06,112630
2020-11-09,142547
2020-11-10,117281
2020-11-11,104535
2020-11-12,95197
2020-11-13,130777
2020-11-16,101090
2020-11-17,94246
2020-11-18,111781
2020-11-19,121859
2020-11-20,98989
2020-11-23,121202
2020-11-24,92289
2020-11-25,111904
2020-11-26,98672
2020-11-27,111789
2020-11-30,150473
2020-12-01,129254
2020-12-02,118261
2020-12-03,101537
2020-12-04,108392
2020-12-07,109688
2020-12-08,99438
2020-12-09,121273
2020-12-10,105822
2020-12-11,124561
2020-12-14,95931
2020-12-15,105233
2020-12-16,102463
2020-12-17,138796
2020-12-18,112152
2020-12-21,101971
2020-12-22,108216
2020-12-23,109680
2020-12-24,93869
2020-12-25,95565
2020-12-28,102338
2020-12-29,94744
2020-12-30,102304
2020-12-31,129721
2021-01-04,117134
2021-01-05,123185
2021-01-06,135088
2021-01-07,143441
2021-01-08,151914
2021-01-11,162622
2021-01-12,166002
2021-01-13,169573
2021-01-14,170470
2021-01-15,175261
2021-01-18,127734
2021-01-19,133003
2021-01-20,133619
2021-01-21,145406
2021-01-22,129477
2021-01-25,144628
2021-01-26,127587
2021-01-27,114601
2021-01-28,140910
2021-01-29,152650
2021-02-01,113855
2021-02-02,112423
2021-02-03,107303
2021-02-04,132475
2021-02-05,130285
2021-02-08,127793
2021-02-09,129859
2021-02-10,133910
2021-02-18,167264
2021-02-19,147720
2021-02-22,157961
2021-02-23,133401
2021-02-24,179298
2021-02-25,143707
2021-02-26,167165
2021-03-01,122626
2021-03-02,161659
2021-03-03,127694
2021-03-04,159444
2021-03-05,170147
2021-03-08,185127
2021-03-09,215915
2021-03-10,165420
2021-03-11,167132
2021-03-12,154216
2021-03-15,167874
2021-03-16,155051
2021-03-17,176774
2021-03-18,181293
2021-03-19,197510
2021-03-22,128089
2021-03-23,136229
2021-03-24,145780
2021-03-25,129261
2021-03-26,151531
2021-03-29,124351
2021-03-30,117704
2021-03-31,119336
2021-04-01,120542
2021-04-02,117910
2021-04-06,113310
2021-04-07,114051
2021-04-08,117919
2021-04-09,121817
2021-04-12,141329
2021-04-13,138631
2021-04-14,133746
2021-04-15,161192
2021-04-16,156207
2021-04-19,158773
2021-04-20,118158
2021-04-21,115882
2021-04-22,115361
2021-04-23,131020
2021-04-26,154055
2021-04-27,110672
2021-04-28,122706
2021-04-29,134551
2021-04-30,134914
2021-05-06,145240
2021-05-07,138612
2021-05-10,132577
2021-05-11,139298
2021-05-12,120508
2021-05-13,135014
2021-05-14,170468
2021-05-17,152261
2021-05-18,115607
2021-05-19,118778
2021-05-20,141973
2021-05-21,160846
2021-05-24,117677
2021-05-25,167032
2021-05-26,113265
2021-05-27,134093
2021-05-28,137536
2021-05-31,111116
2021-06-01,139281
2021-06-02,137537
2021-06-03,133312
2021-06-04,172502
2021-06-07,104001
2021-06-08,157835
2021-06-09,109590
2021-06-10,151816
2021-06-11,132560
2021-06-15,140147
2021-06-16,145649
2021-06-17,143300
2021-06-18,159579
2021-06-21,119716
2021-06-22,115426
2021-06-23,127392
2021-06-24,87870
2021-06-25,130297
2021-06-28,87599
2021-06-29,100874
2021-06-30,92022
2021-07-01,137380
2021-07-02,131848
2021-07-05,92599
2021-07-06,119986
2021-07-07,127570
2021-07-08,112299
2021-07-09,135919
2021-07-12,154368
2021-07-13,119867
2021-07-14,141311
2021-07-15,158363
2021-07-16,124307
2021-07-19,120525
2021-07-20,94008
2021-07-21,120384
2021-07-22,89731
2021-07-23,108768
2021-07-26,167343
2021-07-27,161982
2021-07-28,162932
2021-07-29,118873
2021-07-30,117236
2021-08-02,153189
2021-08-03,107913
2021-08-04,101559
2021-08-05,106559
2021-08-06,97327
2021-08-09,124196
2021-08-10,130207
2021-08-11,102119
2021-08-12,88261
2021-08-13,113387
2021-08-16,101916
2021-08-17,144523
2021-08-18,132975
2021-08-19,136894
2021-08-20,156232
2021-08-23,108020
2021-08-24,106800
2021-08-25,85758
2021-08-26,107900
2021-08-27,117223
2021-08-30,116620
2021-08-31,129511
2021-09-01,162458
2021-09-02,95463
2021-09-03,123463
2021-09-06,128321
2021-09-07,128348
2021-09-08,108997
2021-09-09,95112
2021-09-10,137592
2021-09-13,120623
2021-09-14,144297
2021-09-15,133359
2021-09-16,154191
2021-09-17,137133
2021-09-22,105879
2021-09-23,91411
2021-09-24,104444
2021-09-27,130743
2021-09-28,95784
2021-09-29,123785
2021-09-30,78089
2021-10-08,105969
2021-10-11,96006
2021-10-12,117286
2021-10-13,110149
2021-10-14,105515
2021-10-15,105476
2021-10-18,103562
2021-10-19,79940
2021-10-20,78640
2021-10-21,98096
2021-10-22,104660
2021-10-25,84434
2021-10-26,89955
2021-10-27,96282
2021-10-28,84756
2021-10-29,84515
2021-11-01,74837
2021-11-02,118507
2021-11-03,85895
2021-11-04,76545
2021-11-05,77547
2021-11-08,73577
2021-11-09,86388
2021-11-10,110891
2021-11-11,107496
2021-11-12,73976
2021-11-15,74480
2021-11-16,90102
2021-11-17,79180
2021-11-18,103884
2021-11-19,109429
2021-11-22,70918
2021-11-23,61340
2021-11-24,77919
2021-11-25,63105
2021-11-26,68525
2021-11-29,78010
2021-11-30,82761
2021-12-01,62848
2021-12-02,71882
2021-12-03,86888
2021-12-06,82390
2021-12-07,84048
2021-12-08,106620
2021-12-09,137354
2021-12-10,99931
2021-12-13,129585
2021-12-14,99209
2021-12-15,107687
2021-12-16,119074
2021-12-17,118858
2021-12-20,106752
2021-12-21,80625
2021-12-22,64586
2021-12-23,79451
2021-12-24,74836
2021-12-27,72030
2021-12-28,88592
2021-12-29,90740
2021-12-30,87285
2021-12-31,70659
2022-01-04,93904
2022-01-05,106598
2022-01-06,103782
2022-01-07,82846
2022-01-10,76294
2022-01-11,84237
2022-01-12,88625
2022-01-13,101934
2022-01-14,94609
2022-01-17,83950
2022-01-18,100381
2022-01-19,107309
2022-01-20,130945
2022-01-21,110720
2022-01-24,94040
2022-01-25,108184
2022-01-26,95352
2022-01-27,107715
2022-01-28,122576
2022-02-07,92644
2022-02-08,109874
2022-02-09,94651
2022-02-10,81001
2022-02-11,106860
2022-02-14,100455
2022-02-15,94152
2022-02-16,83657
2022-02-17,98563
2022-02-18,89690
2022-02-21,74864
2022-02-22,93670
2022-02-23,76405
2022-02-24,116523
2022-02-25,102945
2022-02-28,85610
2022-03-01,85293
2022-03-02,79081
2022-03-03,80195
2022-03-04,96288
2022-03-07,119434
2022-03-08,149634
2022-03-09,179311
2022-03-10,123754
2022-03-11,165427
2022-03-14,151131
2022-03-15,219078
2022-03-16,238929
2022-03-17,187553
2022-03-18,157055
2022-03-21,113850
2022-03-22,105478
2022-03-23,116532
2022-03-24,111893
2022-03-25,120958
2022-03-28,130620
2022-03-29,97112
2022-03-30,147252
2022-03-31,91201
2022-04-01,121529
2022-04-06,100720
2022-04-07,116923
2022-04-08,114693
2022-04-11,146141
2022-04-12,162350
2022-04-13,130094
2022-04-14,155482
2022-04-15,131370
2022-04-18,115690
2022-04-19,108231
2022-04-20,120939
2022-04-21,146904
2022-04-22,124725
2022-04-25,171020
2022-04-26,167744
2022-04-27,168874
2022-04-28,144244
2022-04-29,159855
2022-05-05,103054
2022-05-06,123802
2022-05-09,101909
2022-05-10,149192
2022-05-11,139406
2022-05-12,115039
2022-05-13,113022
2022-05-16,120617
2022-05-17,116820
2022-05-18,126386
2022-05-19,139317
2022-05-20,155887
2022-05-23,105923
2022-05-24,107442
2022-05-25,89177
2022-05-26,128754
2022-05-27,121216
2022-05-30,96424
2022-05-31,123360
2022-06-01,89385
2022-06-02,90217
2022-06-06,129175
2022-06-07,99739
2022-06-08,124176
2022-06-09,118029
2022-06-10,130966
2022-06-13,138728
2022-06-14,159575
2022-06-15,205896
2022-06-16,156268
2022-06-17,170859
2022-06-20,127208
2022-06-21,125471
2022-06-22,121388
2022-06-23,121057
2022-06-24,121334
2022-06-27,120990
2022-06-28,112602
2022-06-29,122112
2022-06-30,126399
2022-07-01,108643
2022-07-04,110265
2022-07-05,136814
2022-07-06,126295
2022-07-07,102364
2022-07-08,105624
2022-07-11,123768
2022-07-12,127182
2022-07-13,118776
2022-07-14,137855
2022-07-15,163434
2022-07-18,119649
2022-07-19,104048
2022-07-20,85592
2022-07-21,91551
2022-07-22,119838
2022-07-25,87051
2022-07-26,97060
2022-07-27,84836
2022-07-28,116114
2022-07-29,130219
2022-08-01,103220
2022-08-02,126141
2022-08-03,110095
2022-08-04,92402
2022-08-05,102361
2022-08-08,73130
2022-08-09,70866
2022-08-10,82278
2022-08-11,111619
2022-08-12,78666
2022-08-15,90725
2022-08-16,81839
2022-08-17,112284
2022-08-18,98332
2022-08-19,92158
2022-08-22,82118
2022-08-23,78324
2022-08-24,96067
2022-08-25,91935
2022-08-26,71470
2022-08-29,76971
2022-08-30,83164
2022-08-31,108476
2022-09-01,80603
2022-09-02,81809
2022-09-05,76969
2022-09-06,84643
2022-09-07,70027
2022-09-08,66887
2022-09-09,94313
2022-09-13,93949
2022-09-14,103375
2022-09-15,130246
2022-09-16,122257
2022-09-19,76051
2022-09-20,62819
2022-09-21,81918
2022-09-22,73746
2022-09-23,101334
2022-09-26,94531
2022-09-27,84767
2022-09-28,81698
2022-09-29,88163
2022-09-30,87533
2022-10-10,92429
2022-10-11,79900
2022-10-12,117117
2022-10-13,93988
2022-10-14,103554
2022-10-17,82553
2022-10-18,96490
2022-10-19,100955
2022-10-20,122660
2022-10-21,100518
2022-10-24,139553
2022-10-25,125100
2022-10-26,117871
2022-10-27,105658
2022-10-28,122196
2022-10-31,122617
2022-11-01,150805
2022-11-02,128437
2022-11-03,97699
2022-11-04,137971
2022-11-07,106520
2022-11-08,94692
2022-11-09,99590
2022-11-10,106546
2022-11-11,161075
2022-11-14,127797
2022-11-15,135468
2022-11-16,107480
2022-11-17,125194
2022-11-18,119693
2022-11-21,92861
2022-11-22,103839
2022-11-23,97777
2022-11-24,86963
2022-11-25,94310
2022-11-28,117624
2022-11-29,127401
2022-11-30,85355
2022-12-01,105613
2022-12-02,87446
2022-12-05,112551
2022-12-06,119456
2022-12-07,120908
2022-12-08,94118
2022-12-09,116992
2022-12-12,106438
2022-12-13,99044
2022-12-14,118070
2022-12-15,122866
2022-12-16,127808
2022-12-19,109027
2022-12-20,100085
2022-12-21,71339
2022-12-22,88039
2022-12-23,82574
2022-12-26,63807
2022-12-27,74488
2022-12-28,65577
2022-12-29,67398
2022-12-30,59812
2023-01-03,92575
2023-01-04,74439
2023-01-05,100456
2023-01-06,84486
2023-01-09,85024
2023-01-10,71289
2023-01-11,79086
2023-01-12,70405
2023-01-13,87909
2023-01-16,143911
2023-01-17,87038
2023-01-18,82967
2023-01-19,103789
2023-01-20,94729
2023-01-30,95726
2023-01-31,87718
2023-02-01,104007
2023-02-02,96480
2023-02-03,114739
2023-02-06,106220
2023-02-07,83515
2023-02-08,75930
2023-02-09,100774
2023-02-10,79058
2023-02-13,91840
2023-02-14,76842
2023-02-15,87789
2023-02-16,142684
2023-02-17,115980
2023-02-20,111483
2023-02-21,84843
2023-02-22,82972
2023-02-23,87734
2023-02-24,93019
2023-02-27,78462
2023-02-28,88915
2023-03-01,113252
2023-03-02,68047
2023-03-03,80171
2023-03-06,93950
2023-03-07,114722
2023-03-08,82230
2023-03-09,94343
2023-03-10,109036
2023-03-13,107726
2023-03-14,123086
2023-03-15,114847
2023-03-16,128580
2023-03-17,157715
2023-03-20,85495
2023-03-21,83402
2023-03-22,80849
2023-03-23,87391
2023-03-24,68159
2023-03-27,82215
2023-03-28,68419
2023-03-29,73098
2023-03-30,106534
2023-03-31,78209
2023-04-03,83792
2023-04-04,74414
2023-04-06,61279
2023-04-07,68377
2023-04-10,73477
2023-04-11,71040
2023-04-12,59035
2023-04-13,78513
2023-04-14,74126
2023-04-17,94708
2023-04-18,81661
2023-04-19,83445
2023-04-20,90709
2023-04-21,114815
2023-04-24,98031
2023-04-25,101833
2023-04-26,79930
2023-04-27,76918
2023-04-28,71667
2023-05-04,67392
2023-05-05,76170
2023-05-08,81999
2023-05-09,101928
2023-05-10,91250
2023-05-11,59869
2023-05-12,88091
2023-05-15,102777
2023-05-16,79635
2023-05-17,83228
2023-05-18,101630
2023-05-19,95667
2023-05-22,93781
2023-05-23,88534
2023-05-24,101712
2023-05-25,100023
2023-05-26,96198
2023-05-29,80339
2023-05-30,102950
2023-05-31,87425
2023-06-01,95981
2023-06-02,89186
2023-06-05,67429
2023-06-06,101494
2023-06-07,90814
2023-06-08,98280
2023-06-09,84030
2023-06-12,103297
2023-06-13,103486
2023-06-14,116417
2023-06-15,126402
2023-06-16,116619
2023-06-19,68836
2023-06-20,65292
2023-06-21,84505
2023-06-26,91289
2023-06-27,73327
2023-06-28,73901
2023-06-29,63487
2023-06-30,70503
2023-07-03,76064
2023-07-04,48798
2023-07-05,60638
2023-07-06,73057
2023-07-07,74628
2023-07-10,69455
2023-07-11,70532
2023-07-12,71419
2023-07-13,89691
2023-07-14,58318
2023-07-17,73212
2023-07-18,72621
2023-07-19,85094
2023-07-20,113054
2023-07-21,108730
2023-07-24,66327
2023-07-25,110399
2023-07-26,62920
2023-07-27,79008
2023-07-28,123043
2023-07-31,119903
2023-08-01,86680
2023-08-02,100752
2023-08-03,90239
2023-08-04,135627
2023-08-07,78675
2023-08-08,89547
2023-08-09,68156
2023-08-10,95631
2023-08-11,140833
2023-08-14,119767
2023-08-15,118163
2023-08-16,102930
2023-08-17,126687
2023-08-18,123236
2023-08-21,113427
2023-08-22,132600
2023-08-23,110313
2023-08-24,104916
2023-08-25,113779
2023-08-28,191333
2023-08-29,149180
2023-08-30,96624
2023-08-31,84190
2023-09-01,82944
2023-09-04,113538
2023-09-05,87147
2023-09-06,85023
2023-09-07,105593
2023-09-08,89800
2023-09-11,124433
2023-09-12,101485
2023-09-13,139533
2023-09-14,138882
2023-09-15,151334
2023-09-18,99289
2023-09-19,77278
2023-09-20,62392
2023-09-21,86182
2023-09-22,110370
2023-09-25,68285
2023-09-26,61285
2023-09-27,88235
2023-09-28,68411
2023-10-09,92966
2023-10-10,79157
2023-10-11,80285
2023-10-12,94990
2023-10-13,75401
2023-10-16,92765
2023-10-17,89655
2023-10-18,107975
2023-10-19,149908
2023-10-20,142129
2023-10-23,119453
2023-10-24,122707
2023-10-25,107226
2023-10-26,95317
2023-10-27,122480
2023-10-30,96853
2023-10-31,75413
2023-11-01,79913
2023-11-02,76876
2023-11-03,94325
2023-11-06,97570
2023-11-07,77971
2023-11-08,92672
2023-11-09,84419
2023-11-10,84853
2023-11-13,85193
2023-11-14,100489
2023-11-15,111426
2023-11-16,110985
2023-11-17,104137
2023-11-20,91440
2023-11-21,109386
2023-11-22,77772
2023-11-23,86531
2023-11-24,78218
2023-11-27,86062
2023-11-28,69943
2023-11-29,78608
2023-11-30,78027
2023-12-01,103735
2023-12-04,85843
2023-12-05,125723
2023-12-06,119041
2023-12-07,111413
2023-12-08,98117
2023-12-11,141967
2023-12-12,119616
2023-12-13,133041
2023-12-14,147987
2023-12-15,171725
2023-12-18,92555
2023-12-19,85554
2023-12-20,88174
2023-12-21,120032
2023-12-22,120877
2023-12-25,65035
2023-12-26,74519
2023-12-27,86982
2023-12-28,138709
2023-12-29,99138
2024-01-02,87264
2024-01-03,80075
2024-01-04,102467
2024-01-05,114815
2024-01-08,122179
2024-01-09,109492
2024-01-10,108264
2024-01-11,111227
2024-01-12,94255
2024-01-15,102843
2024-01-16,147753
2024-01-17,157136
2024-01-18,211922
2024-01-19,172308
2024-01-22,171421
2024-01-23,158429
2024-01-24,165989
2024-01-25,157303
2024-01-26,134290
2024-01-29,125703
2024-01-30,132127
2024-01-31,148069
2024-02-01,142252
2024-02-02,180464
2024-02-05,196408
2024-02-06,192037
2024-02-07,172421
2024-02-08,152345
2024-02-19,118693
2024-02-20,93478
2024-02-21,162597
2024-02-22,100164
2024-02-23,100070
2024-02-26,106407
2024-02-27,101895
2024-02-28,137593
2024-02-29,130012
2024-03-01,109603
2024-03-04,94055
2024-03-05,114809
2024-03-06,108509
2024-03-07,100836
2024-03-08,97541
2024-03-11,114303
2024-03-12,125457
2024-03-13,109610
2024-03-14,127173
2024-03-15,117160
2024-03-18,85666
2024-03-19,79247
2024-03-20,76779
2024-03-21,79063
2024-03-22,111480
2024-03-25,88536
2024-03-26,85874
2024-03-27,89446
2024-03-28,113080
2024-03-29,72753
2024-04-01,92149
2024-04-02,71094
2024-04-03,66648
2024-04-08,83887
2024-04-09,70277
2024-04-10,88767
2024-04-11,86327
2024-04-12,86767
2024-04-15,138515
2024-04-16,122643
2024-04-17,131741
2024-04-18,129973
2024-04-19,104948
2024-04-22,83888
2024-04-23,82746
2024-04-24,73323
2024-04-25,83607
2024-04-26,111685
2024-04-29,118059
2024-04-30,76677
2024-05-06,92472
2024-05-07,62276
2024-05-08,64558
2024-05-09,76465
2024-05-10,92671
2024-05-13,93707
2024-05-14,82855
2024-05-15,85947
2024-05-16,103865
2024-05-17,112636
2024-05-20,89120
2024-05-21,66834
2024-05-22,70389
2024-05-23,90823
2024-05-24,87516
2024-05-27,71674
2024-05-28,68048
2024-05-29,75626
2024-05-30,83017
2024-05-31,72513
2024-06-03,86265
2024-06-04,84452
2024-06-05,66641
2024-06-06,102194
2024-06-07,102998
2024-06-11,85510
2024-06-12,65252
2024-06-13,79383
2024-06-14,99944
2024-06-17,89327
2024-06-18,96937
2024-06-19,93189
2024-06-20,105981
2024-06-21,118318
2024-06-24,88816
2024-06-25,95144
2024-06-26,85902
2024-06-27,74832
2024-06-28,90883
2024-07-01,73987
2024-07-02,62655
2024-07-03,61041
2024-07-04,77082
2024-07-05,93851
2024-07-08,66105
2024-07-09,99120
2024-07-10,63673
2024-07-11,87128
2024-07-12,63885
2024-07-15,67506
2024-07-16,89650
2024-07-17,95663
2024-07-18,120243
2024-07-19,121646
2024-07-22,87677
2024-07-23,88336
2024-07-24,99812
2024-07-25,100372
2024-07-26,84186
2024-07-29,56384
2024-07-30,81124
2024-07-31,122199
2024-08-01,81723
2024-08-02,86715
2024-08-05,122700
2024-08-06,106120
2024-08-07,76274
2024-08-08,80788
2024-08-09,76028
2024-08-12,67835
2024-08-13,83821
2024-08-14,76878
2024-08-15,125322
2024-08-16,86093
2024-08-19,67091
2024-08-20,77906
2024-08-21,63546
2024-08-22,70258
2024-08-23,71439
2024-08-26,64497
2024-08-27,56567
2024-08-28,76380
2024-08-29,78334
2024-08-30,129702
2024-09-02,87332
2024-09-03,77049
2024-09-04,77320
2024-09-05,74146
2024-09-06,82729
2024-09-09,90791
2024-09-10,95476
2024-09-11,78884
2024-09-12,84915
2024-09-13,93983
2024-09-18,129348
2024-09-19,164271
2024-09-20,124027
2024-09-23,85671
2024-09-24,171481
2024-09-25,198249
2024-09-26,210928
2024-09-27,349796
2024-09-30,376070
2024-10-08,405705
2024-10-09,394405
2024-10-10,289085
2024-10-11,248577
2024-10-14,214684
2024-10-15,189590
2024-10-16,205527
2024-10-17,201640
2024-10-18,322799
2024-10-21,195316
2024-10-22,150764
2024-10-23,176710
2024-10-24,128583
2024-10-25,157182
2024-10-28,121412
2024-10-29,146393
2024-10-30,142384
2024-10-31,176181
2024-11-01,165728
2024-11-04,116868
2024-11-05,196169
2024-11-06,207599
2024-11-07,213188
2024-11-08,227382
2024-11-11,186492
2024-11-12,205727
2024-11-13,164889
2024-11-14,164295
2024-11-15,174557
2024-11-18,191490
2024-11-19,174321
2024-11-20,138651
2024-11-21,114210
2024-11-22,161577
2024-11-25,156950
2024-11-26,123484
2024-11-27,159014
2024-11-28,134357
2024-11-29,177482
2024-12-02,150823
2024-12-03,132100
2024-12-04,121269
2024-12-05,107768
2024-12-06,169324
2024-12-09,128183
2024-12-10,193626
2024-12-11,115692
2024-12-12,142044
2024-12-13,184584
2024-12-16,118769
2024-12-17,170098
2024-12-18,136671
2024-12-19,152302
2024-12-20,148645
2024-12-23,124820
2024-12-24,127433
2024-12-25,111564
2024-12-26,77912
2024-12-27,120097
2024-12-30,104342
2024-12-31,146883
2025-01-02,183240
2025-01-03,162604
2025-01-06,138815
2025-01-07,113469
2025-01-08,160380
2025-01-09,99382
2025-01-10,120250
2025-01-13,126053
2025-01-14,173970
2025-01-15,112439
2025-01-16,151171
2025-01-17,142023
2025-01-20,115918
2025-01-21,108568
2025-01-22,123761
2025-01-23,174355
2025-01-24,136824
2025-01-27,106422
2025-02-05,107905
2025-02-06,126825
2025-02-07,174324
2025-02-10,109096
2025-02-11,89936
2025-02-12,124604
2025-02-13,133362
2025-02-14,130487
2025-02-17,125162
2025-02-18,145953
2025-02-19,126118
2025-02-20,115420
2025-02-21,153468
2025-02-24,123960
2025-02-25,120583
2025-02-26,122987
2025-02-27,131809
2025-02-28,152596
2025-03-03,136785
2025-03-04,105554
2025-03-05,103358
2025-03-06,144176
2025-03-07,100523
2025-03-10,116830
2025-03-11,107275
2025-03-12,115518
2025-03-13,124081
2025-03-14,205819
2025-03-17,146270
2025-03-18,128909
2025-03-19,135263
2025-03-20,140919
2025-03-21,165061
2025-03-24,105531
2025-03-25,93109
2025-03-26,89876
2025-03-27,112507
2025-03-28,101637
2025-03-31,124506
2025-04-01,79695
2025-04-02,73179
2025-04-03,120724
2025-04-07,287303
2025-04-08,241106
2025-04-09,218666
2025-04-10,157747
2025-04-11,129987
2025-04-14,92638
2025-04-15,93397
2025-04-16,123163
2025-04-17,129250
2025-04-18,96060
2025-04-21,77510
2025-04-22,66778
2025-04-23,84129
2025-04-24,83579
2025-04-25,82261
2025-04-28,68720
2025-04-29,63647
2025-04-30,71697
2025-05-06,88012
2025-05-07,100374
2025-05-08,106618
2025-05-09,73563
2025-05-12,110087
2025-05-13,83240
2025-05-14,139424
2025-05-15,99618
2025-05-16,86144
2025-05-19,69476
2025-05-20,72250
2025-05-21,77769
2025-05-22,72125
2025-05-23,110117
2025-05-26,86746
2025-05-27,75774
2025-05-28,65478
2025-05-29,102154
2025-05-30,89044
2025-06-03,75192
2025-06-04,69824
2025-06-05,69770
2025-06-06,64010
2025-06-09,88193
2025-06-10,98975
2025-06-11,112125
2025-06-12,83934
2025-06-13,100665
2025-06-16,102185
2025-06-17,95630
2025-06-18,105667
2025-06-19,117508
2025-06-20,93277
2025-06-23,92867
2025-06-24,113845
2025-06-25,123530
2025-06-26,84890
2025-06-27,107353
2025-06-30,78992
2025-07-01,70001
2025-07-02,70804
2025-07-03,73590
2025-07-04,126007
2025-07-07,67470
2025-07-08,94888
2025-07-09,82089
2025-07-10,97027
2025-07-11,163511
2025-07-14,80048
2025-07-15,124297
2025-07-16,100264
2025-07-17,105631
2025-07-18,114280
2025-07-21,89340
2025-07-22,117403
2025-07-23,131109
2025-07-24,114133
2025-07-25,92446
2025-07-28,92993
2025-07-29,97663
2025-07-30,138031
2025-07-31,156196
2025-08-01,99438
2025-08-04,77100
2025-08-05,80521
2025-08-06,73908
2025-08-07,93269
2025-08-08,75164
2025-08-11,104750
2025-08-12,103585
2025-08-13,126774
2025-08-14,153749
2025-08-15,140755
2025-08-18,150257
2025-08-19,109269
2025-08-20,130668
2025-08-21,121134
2025-08-22,140136
2025-08-25,180751
2025-08-26,133216
2025-08-27,176860
2025-08-28,197526
2025-08-29,199696
2025-09-01,144297
2025-09-02,195366
2025-09-03,196242
2025-09-04,214783
2025-09-05,160241
2025-09-08,141006
2025-09-09,121664
2025-09-10,130680
2025-09-11,169613
2025-09-12,148623
2025-09-15,137764
2025-09-16,153511
2025-09-17,162499
2025-09-18,220019
2025-09-19,163076
2025-09-22,110121
2025-09-23,170963
2025-09-24,146745
2025-09-25,133482
2025-09-26,121085
2025-09-29,166084
2025-09-30,110669
2025-10-09,135848
2025-10-10,162150
2025-10-13,168279
2025-10-14,188092
2025-10-15,155567
2025-10-16,153473
2025-10-17,169431
2025-10-20,112287
2025-10-21,122466
2025-10-22,96934
2025-10-23,128274
2025-10-24,116181
2025-10-27,113332
2025-10-28,112838
2025-10-29,100933
2025-10-30,137376
2025-10-31,139862
2025-11-03,115046
2025-11-04,118199
2025-11-05,116616
2025-11-06,111413
2025-11-07,86450
2025-11-10,106785
2025-11-11,110400
2025-11-12,120690
2025-11-13,111869
2025-11-14,109989
2025-11-17,114292
2025-11-18,121863
2025-11-19,122613
2025-11-20,128286
2025-11-21,166554
2025-11-24,113691
2025-11-25,108933
2025-11-26,97287
2025-11-27,100893
2025-11-28,90267
2025-12-01,97094
2025-12-02,81699
2025-12-03,97758
2025-12-04,92574
2025-12-05,124819
2025-12-08,120528
2025-12-09,99497
2025-12-10,122684
2025-12-11,106663
2025-12-12,124454
2025-12-15,120510
2025-12-16,150080
2025-12-17,189590
2025-12-18,146003
2025-12-19,138604
2025-12-22,92818
2025-12-23,92029
2025-12-24,98971
2025-12-25,87117
2025-12-26,118846
2025-12-29,96159
2025-12-30,94429
2025-12-31,103038
2026-01-05,123687
2026-01-06,136320
2026-01-07,112698
2026-01-08,119688
2026-01-09,148342
2026-01-12,156092
2026-01-13,172729
