时间,期货收盘价(活跃合约):沪深300指数期货
2010-04-16,3415.6
2010-04-19,3197.4
2010-04-20,3214.6
2010-04-21,3267.2
2010-04-22,3236.2
2010-04-23,3221.2
2010-04-26,3219.6
2010-04-27,3138.8
2010-04-28,3129
2010-04-29,3083.8
2010-04-30,3107
2010-05-04,3076.4
2010-05-05,3076.4
2010-05-06,2967.4
2010-05-07,2897.6
2010-05-10,2918
2010-05-11,2801.6
2010-05-12,2836.2
2010-05-13,2894.6
2010-05-14,2862.6
2010-05-17,2719
2010-05-18,2810.4
2010-05-19,2784.8
2010-05-20,2763.2
2010-05-21,2801
2010-05-24,2902
2010-05-25,2813.2
2010-05-26,2839.6
2010-05-27,2901.4
2010-05-28,2865.2
2010-05-31,2792
2010-06-01,2762
2010-06-02,2776.4
2010-06-03,2748
2010-06-04,2761
2010-06-07,2706.2
2010-06-08,2724.4
2010-06-09,2788.8
2010-06-10,2769.6
2010-06-11,2765.8
2010-06-17,2744.2
2010-06-18,2718.2
2010-06-21,2804.8
2010-06-22,2797.6
2010-06-23,2765.2
2010-06-24,2771
2010-06-25,2753.8
2010-06-28,2741.6
2010-06-29,2600.4
2010-06-30,2579
2010-07-01,2545.2
2010-07-02,2546
2010-07-05,2530.6
2010-07-06,2564.6
2010-07-07,2568.4
2010-07-08,2569
2010-07-09,2650
2010-07-12,2660.6
2010-07-13,2626
2010-07-14,2647
2010-07-15,2610.8
2010-07-16,2620.6
2010-07-19,2697.6
2010-07-20,2746
2010-07-21,2744.4
2010-07-22,2784.4
2010-07-23,2783.6
2010-07-26,2796.8
2010-07-27,2778
2010-07-28,2887.4
2010-07-29,2876.8
2010-07-30,2871.4
2010-08-02,2926.4
2010-08-03,2856.8
2010-08-04,2873.8
2010-08-05,2846.4
2010-08-06,2920
2010-08-09,2913
2010-08-10,2837
2010-08-11,2839.4
2010-08-12,2826.8
2010-08-13,2855
2010-08-16,2927.6
2010-08-17,2947
2010-08-18,2962.2
2010-08-19,2981.6
2010-08-20,2921.8
2010-08-23,2905.6
2010-08-24,2914
2010-08-25,2856.4
2010-08-26,2865.8
2010-08-27,2872.6
2010-08-30,2930.2
2010-08-31,2910.4
2010-09-01,2890.2
2010-09-02,2929.2
2010-09-03,2933
2010-09-06,2992.2
2010-09-07,2996.6
2010-09-08,2995.2
2010-09-09,2947.6
2010-09-10,2940.6
2010-09-13,2967.4
2010-09-14,2966.8
2010-09-15,2920
2010-09-16,2877.8
2010-09-17,2878.8
2010-09-20,2873
2010-09-21,2871.4
2010-09-27,2904
2010-09-28,2891.4
2010-09-29,2894.2
2010-09-30,2953.4
2010-10-08,3054.2
2010-10-11,3137.6
2010-10-12,3154.6
2010-10-13,3206.8
2010-10-14,3250
2010-10-15,3392
2010-10-18,3329.4
2010-10-19,3423.8
2010-10-20,3458.2
2010-10-21,3448.8
2010-10-22,3465.4
2010-10-25,3606
2010-10-26,3558.2
2010-10-27,3488
2010-10-28,3513.8
2010-10-29,3420
2010-11-01,3555.2
2010-11-02,3500.4
2010-11-03,3472.2
2010-11-04,3524.8
2010-11-05,3578
2010-11-08,3579.6
2010-11-09,3545.4
2010-11-10,3525.8
2010-11-11,3573.4
2010-11-12,3342.4
2010-11-15,3352.8
2010-11-16,3211.2
2010-11-17,3156
2010-11-18,3190.4
2010-11-19,3244
2010-11-22,3189
2010-11-23,3121.4
2010-11-24,3197.4
2010-11-25,3227.6
2010-11-26,3213
2010-11-29,3212
2010-11-30,3153.2
2010-12-01,3145.6
2010-12-02,3167.8
2010-12-03,3175
2010-12-06,3171
2010-12-07,3221.8
2010-12-08,3159.6
2010-12-09,3139.8
2010-12-10,3171.6
2010-12-13,3275.6
2010-12-14,3277.8
2010-12-15,3283
2010-12-16,3264.2
2010-12-17,3281
2010-12-20,3209.2
2010-12-21,3303.4
2010-12-22,3243.6
2010-12-23,3218.2
2010-12-24,3196.4
2010-12-27,3118.6
2010-12-28,3074.2
2010-12-29,3091.6
2010-12-30,3093.8
2010-12-31,3157
2011-01-04,3192
2011-01-05,3186.8
2011-01-06,3173
2011-01-07,3171
2011-01-10,3122
2011-01-11,3140
2011-01-12,3153.6
2011-01-13,3147
2011-01-14,3097.4
2011-01-17,2971.8
2011-01-18,2974
2011-01-19,3044.6
2011-01-20,2957.2
2011-01-21,2990.8
2011-01-24,2970.2
2011-01-25,2960
2011-01-26,2987.2
2011-01-27,3030.4
2011-01-28,3045.8
2011-01-31,3079.8
2011-02-01,3085.4
2011-02-09,3038.4
2011-02-10,3104.6
2011-02-11,3117.2
2011-02-14,3228.6
2011-02-15,3242
2011-02-16,3272.6
2011-02-17,3262
2011-02-18,3231.4
2011-02-21,3284.2
2011-02-22,3179.4
2011-02-23,3175.2
2011-02-24,3193.2
2011-02-25,3214.6
2011-02-28,3255.2
2011-03-01,3254.4
2011-03-02,3245.4
2011-03-03,3223.6
2011-03-04,3288.6
2011-03-07,3342.2
2011-03-08,3363.4
2011-03-09,3345.4
2011-03-10,3290
2011-03-11,3250.2
2011-03-14,3258.4
2011-03-15,3199.6
2011-03-16,3242.8
2011-03-17,3225
2011-03-18,3232.2
2011-03-21,3230
2011-03-22,3231.6
2011-03-23,3269.2
2011-03-24,3267
2011-03-25,3298.4
2011-03-28,3296.6
2011-03-29,3273.8
2011-03-30,3263.6
2011-03-31,3244
2011-04-01,3276.4
2011-04-06,3308
2011-04-07,3323.8
2011-04-08,3366
2011-04-11,3344.6
2011-04-12,3326
2011-04-13,3374.8
2011-04-14,3364
2011-04-15,3372.8
2011-04-18,3355.4
2011-04-19,3311.4
2011-04-20,3316
2011-04-21,3320
2011-04-22,3307.8
2011-04-25,3261.2
2011-04-26,3252.8
2011-04-27,3230.2
2011-04-28,3195.2
2011-04-29,3193.2
2011-05-03,3210.4
2011-05-04,3129
2011-05-05,3120.4
2011-05-06,3133
2011-05-09,3137.2
2011-05-10,3149.4
2011-05-11,3139.8
2011-05-12,3090.2
2011-05-13,3127
2011-05-16,3103.8
2011-05-17,3115.4
2011-05-18,3148.2
2011-05-19,3129
2011-05-20,3126.2
2011-05-23,3022.4
2011-05-24,3023.8
2011-05-25,3015.2
2011-05-26,2992.6
2011-05-27,2981
2011-05-30,2971.8
2011-05-31,2996
2011-06-01,3002.4
2011-06-02,2963
2011-06-03,2986.6
2011-06-07,2995
2011-06-08,3006.8
2011-06-09,2958.2
2011-06-10,2947.6
2011-06-13,2955.2
2011-06-14,2984
2011-06-15,2960.8
2011-06-16,2928
2011-06-17,2888
2011-06-20,2883.6
2011-06-21,2901.8
2011-06-22,2897.6
2011-06-23,2961.4
2011-06-24,3039.8
2011-06-27,3038.4
2011-06-28,3041
2011-06-29,3017.6
2011-06-30,3035
2011-07-01,3049.6
2011-07-04,3122
2011-07-05,3119
2011-07-06,3114
2011-07-07,3113.6
2011-07-08,3120.6
2011-07-11,3104.2
2011-07-12,3054.6
2011-07-13,3108
2011-07-14,3114
2011-07-15,3139
2011-07-18,3122.8
2011-07-19,3116.8
2011-07-20,3095.2
2011-07-21,3074.8
2011-07-22,3075
2011-07-25,2977.2
2011-07-26,2983.2
2011-07-27,2994.2
2011-07-28,2990.2
2011-07-29,2971.6
2011-08-01,2987.8
2011-08-02,2964
2011-08-03,2960
2011-08-04,2962.6
2011-08-05,2896.2
2011-08-08,2796.2
2011-08-09,2820.2
2011-08-10,2807.8
2011-08-11,2879.6
2011-08-12,2860.4
2011-08-15,2896
2011-08-16,2880
2011-08-17,2890.6
2011-08-18,2846.4
2011-08-19,2805.8
2011-08-22,2786.2
2011-08-23,2832.2
2011-08-24,2800.4
2011-08-25,2912.8
2011-08-26,2894.6
2011-08-29,2855.4
2011-08-30,2831.8
2011-08-31,2846.8
2011-09-01,2828
2011-09-02,2808.4
2011-09-05,2748.4
2011-09-06,2737.2
2011-09-07,2776
2011-09-08,2762.4
2011-09-09,2750
2011-09-13,2722.8
2011-09-14,2730.6
2011-09-15,2730.8
2011-09-16,2735.2
2011-09-19,2668.6
2011-09-20,2704.6
2011-09-21,2765.4
2011-09-22,2684.4
2011-09-23,2668.2
2011-09-26,2605.4
2011-09-27,2648.2
2011-09-28,2618.6
2011-09-29,2606.8
2011-09-30,2571.8
2011-10-10,2568
2011-10-11,2553.6
2011-10-12,2635.2
2011-10-13,2654.6
2011-10-14,2656.6
2011-10-17,2663.4
2011-10-18,2594.2
2011-10-19,2586
2011-10-20,2524.4
2011-10-21,2521.2
2011-10-24,2576.4
2011-10-25,2622
2011-10-26,2662.8
2011-10-27,2675.8
2011-10-28,2703
2011-10-31,2693.8
2011-11-01,2686.6
2011-11-02,2777
2011-11-03,2747.4
2011-11-04,2773.2
2011-11-07,2755.6
2011-11-08,2741
2011-11-09,2748
2011-11-10,2701
2011-11-11,2694.6
2011-11-14,2752.2
2011-11-15,2740.6
2011-11-16,2682.8
2011-11-17,2676.4
2011-11-18,2617.8
2011-11-21,2613.6
2011-11-22,2611.2
2011-11-23,2586.4
2011-11-24,2598.2
2011-11-25,2573
2011-11-28,2585
2011-11-29,2602
2011-11-30,2528
2011-12-01,2583
2011-12-02,2564.8
2011-12-05,2536
2011-12-06,2519.4
2011-12-07,2537.2
2011-12-08,2531
2011-12-09,2510.8
2011-12-12,2490.2
2011-12-13,2438.8
2011-12-14,2419
2011-12-15,2343.6
2011-12-16,2391.4
2011-12-19,2403
2011-12-20,2380.2
2011-12-21,2358.6
2011-12-22,2357.8
2011-12-23,2360.2
2011-12-26,2344
2011-12-27,2321.6
2011-12-28,2321.2
2011-12-29,2322
2011-12-30,2357
2012-01-04,2305.6
2012-01-05,2291
2012-01-06,2297.6
2012-01-09,2376.8
2012-01-10,2462.6
2012-01-11,2445.6
2012-01-12,2445.6
2012-01-13,2410.2
2012-01-16,2352
2012-01-17,2487.4
2012-01-18,2441.4
2012-01-19,2488.4
2012-01-20,2515.8
2012-01-30,2469.2
2012-01-31,2476
2012-02-01,2439.8
2012-02-02,2487.2
2012-02-03,2509
2012-02-06,2504.4
2012-02-07,2464.2
2012-02-08,2536.4
2012-02-09,2532.6
2012-02-10,2532.2
2012-02-13,2531
2012-02-14,2519.6
2012-02-15,2558.6
2012-02-16,2544
2012-02-17,2549.8
2012-02-20,2552.4
2012-02-21,2568.8
2012-02-22,2595.8
2012-02-23,2606
2012-02-24,2658.4
2012-02-27,2669
2012-02-28,2668
2012-02-29,2650.8
2012-03-01,2639
2012-03-02,2684.6
2012-03-05,2668.8
2012-03-06,2633
2012-03-07,2613
2012-03-08,2637.8
2012-03-09,2665
2012-03-12,2647.6
2012-03-13,2676.8
2012-03-14,2613.8
2012-03-15,2600.4
2012-03-16,2627
2012-03-19,2629.4
2012-03-20,2596.2
2012-03-21,2601.6
2012-03-22,2596.4
2012-03-23,2571
2012-03-26,2568.8
2012-03-27,2564.8
2012-03-28,2493
2012-03-29,2464
2012-03-30,2453.6
2012-04-05,2511.4
2012-04-06,2520.6
2012-04-09,2501
2012-04-10,2517
2012-04-11,2521.4
2012-04-12,2572.2
2012-04-13,2586.2
2012-04-16,2574.2
2012-04-17,2549.6
2012-04-18,2608
2012-04-19,2610.6
2012-04-20,2636.4
2012-04-23,2619.4
2012-04-24,2605.4
2012-04-25,2628.8
2012-04-26,2638.8
2012-04-27,2638.6
2012-05-02,2686.8
2012-05-03,2694.8
2012-05-04,2717.2
2012-05-07,2714.2
2012-05-08,2702.2
2012-05-09,2663.6
2012-05-10,2663.4
2012-05-11,2631.2
2012-05-14,2603.8
2012-05-15,2604.2
2012-05-16,2569
2012-05-17,2607.6
2012-05-18,2568.2
2012-05-21,2583
2012-05-22,2607.6
2012-05-23,2587.8
2012-05-24,2582.2
2012-05-25,2565.4
2012-05-28,2598.8
2012-05-29,2645
2012-05-30,2632.4
2012-05-31,2635.6
2012-06-01,2629.2
2012-06-04,2545.4
2012-06-05,2552.4
2012-06-06,2549
2012-06-07,2533.8
2012-06-08,2513
2012-06-11,2552.2
2012-06-12,2540.8
2012-06-13,2560.4
2012-06-14,2547.4
2012-06-15,2560.6
2012-06-18,2572.4
2012-06-19,2558
2012-06-20,2549
2012-06-21,2510.8
2012-06-25,2467.6
2012-06-26,2461
2012-06-27,2454.8
2012-06-28,2439.4
2012-06-29,2469
2012-07-02,2464
2012-07-03,2469
2012-07-04,2469.6
2012-07-05,2444.8
2012-07-06,2479.6
2012-07-09,2430.8
2012-07-10,2422.6
2012-07-11,2428.6
2012-07-12,2446.4
2012-07-13,2457
2012-07-16,2417
2012-07-17,2422.4
2012-07-18,2419.2
2012-07-19,2433.6
2012-07-20,2419
2012-07-23,2378.2
2012-07-24,2382.4
2012-07-25,2374
2012-07-26,2365
2012-07-27,2372.2
2012-07-30,2363.8
2012-07-31,2363.2
2012-08-01,2369.6
2012-08-02,2351.2
2012-08-03,2367.8
2012-08-06,2384.4
2012-08-07,2392.2
2012-08-08,2391.2
2012-08-09,2418.2
2012-08-10,2411.6
2012-08-13,2367.8
2012-08-14,2357.6
2012-08-15,2339.6
2012-08-16,2345.4
2012-08-17,2334
2012-08-20,2316.4
2012-08-21,2323
2012-08-22,2309.8
2012-08-23,2323.6
2012-08-24,2295
2012-08-27,2249.4
2012-08-28,2248
2012-08-29,2232.2
2012-08-30,2221.8
2012-08-31,2216
2012-09-03,2234.4
2012-09-04,2210.8
2012-09-05,2210
2012-09-06,2241.2
2012-09-07,2341.2
2012-09-10,2337.8
2012-09-11,2323.6
2012-09-12,2330.4
2012-09-13,2300.8
2012-09-14,2329
2012-09-17,2269.4
2012-09-18,2247
2012-09-19,2262.4
2012-09-20,2211.4
2012-09-21,2216.4
2012-09-24,2221.4
2012-09-25,2218.6
2012-09-26,2200.2
2012-09-27,2257.2
2012-09-28,2315.6
2012-10-08,2276.6
2012-10-09,2323.8
2012-10-10,2321.4
2012-10-11,2320
2012-10-12,2307.2
2012-10-15,2302.4
2012-10-16,2298.8
2012-10-17,2309.4
2012-10-18,2350.6
2012-10-19,2346.8
2012-10-22,2351
2012-10-23,2324.4
2012-10-24,2322
2012-10-25,2307.4
2012-10-26,2252
2012-10-29,2244
2012-10-30,2245.4
2012-10-31,2255.2
2012-11-01,2306.2
2012-11-02,2307.2
2012-11-05,2307
2012-11-06,2290.8
2012-11-07,2292
2012-11-08,2245
2012-11-09,2244.6
2012-11-12,2249
2012-11-13,2214.4
2012-11-14,2217.4
2012-11-15,2200.2
2012-11-16,2183.8
2012-11-19,2176.2
2012-11-20,2181
2012-11-21,2192.4
2012-11-22,2187.6
2012-11-23,2194.4
2012-11-26,2180.2
2012-11-27,2158
2012-11-28,2141.8
2012-11-29,2125.6
2012-11-30,2138.4
2012-12-03,2117.4
2012-12-04,2131.4
2012-12-05,2215.8
2012-12-06,2204.4
2012-12-07,2254.8
2012-12-10,2268.4
2012-12-11,2261.4
2012-12-12,2268.4
2012-12-13,2252.6
2012-12-14,2374.2
2012-12-17,2373
2012-12-18,2380.2
2012-12-19,2383.6
2012-12-20,2408.2
2012-12-21,2392.2
2012-12-24,2390.8
2012-12-25,2453
2012-12-26,2461.8
2012-12-27,2466.6
2012-12-28,2499
2012-12-31,2538
2013-01-04,2533.2
2013-01-07,2533.2
2013-01-08,2531.2
2013-01-09,2525.4
2013-01-10,2537.8
2013-01-11,2498.6
2013-01-14,2586.6
2013-01-15,2596.4
2013-01-16,2570
2013-01-17,2576.8
2013-01-18,2610.4
2013-01-21,2608.2
2013-01-22,2602.6
2013-01-23,2615.6
2013-01-24,2590.6
2013-01-25,2592.8
2013-01-28,2654.4
2013-01-29,2671
2013-01-30,2699
2013-01-31,2699.8
2013-02-01,2746.4
2013-02-04,2749.4
2013-02-05,2788.2
2013-02-06,2802.4
2013-02-07,2800.4
2013-02-08,2784.2
2013-02-18,2752.4
2013-02-19,2709.2
2013-02-20,2710.4
2013-02-21,2615.2
2013-02-22,2593.2
2013-02-25,2605
2013-02-26,2564.6
2013-02-27,2587.6
2013-02-28,2678.4
2013-03-01,2666.6
2013-03-04,2548
2013-03-05,2616
2013-03-06,2648
2013-03-07,2615.6
2013-03-08,2611.6
2013-03-11,2592.6
2013-03-12,2552.8
2013-03-13,2529
2013-03-14,2529
2013-03-15,2533.4
2013-03-18,2510.8
2013-03-19,2529.8
2013-03-20,2610
2013-03-21,2617
2013-03-22,2625.8
2013-03-25,2622.6
2013-03-26,2572.4
2013-03-27,2573.6
2013-03-28,2506.8
2013-03-29,2483.8
2013-04-01,2483.2
2013-04-02,2505.8
2013-04-03,2478.6
2013-04-08,2463.8
2013-04-09,2480.6
2013-04-10,2481
2013-04-11,2472.4
2013-04-12,2461.8
2013-04-15,2441.2
2013-04-16,2450
2013-04-17,2454
2013-04-18,2456.2
2013-04-19,2535.2
2013-04-22,2531.8
2013-04-23,2448.4
2013-04-24,2492.6
2013-04-25,2460.8
2013-04-26,2439.8
2013-05-02,2439.4
2013-05-03,2486.6
2013-05-06,2509.2
2013-05-07,2525
2013-05-08,2542.8
2013-05-09,2520.8
2013-05-10,2535.4
2013-05-13,2507.4
2013-05-14,2472.2
2013-05-15,2471
2013-05-16,2525
2013-05-17,2572.6
2013-05-20,2593.8
2013-05-21,2599.6
2013-05-22,2602
2013-05-23,2570.8
2013-05-24,2588
2013-05-27,2573.6
2013-05-28,2633.2
2013-05-29,2627.2
2013-05-30,2625
2013-05-31,2600
2013-06-03,2597
2013-06-04,2562.6
2013-06-05,2553.8
2013-06-06,2534.8
2013-06-07,2476.4
2013-06-13,2383.6
2013-06-14,2395.6
2013-06-17,2396.2
2013-06-18,2405.2
2013-06-19,2377.8
2013-06-20,2316.8
2013-06-21,2296.4
2013-06-24,2133
2013-06-25,2112.8
2013-06-26,2122.4
2013-06-27,2119
2013-06-28,2168.6
2013-07-01,2163.4
2013-07-02,2161.4
2013-07-03,2146
2013-07-04,2171
2013-07-05,2173.6
2013-07-08,2128.8
2013-07-09,2127.2
2013-07-10,2204
2013-07-11,2321
2013-07-12,2277
2013-07-15,2291.4
2013-07-16,2305
2013-07-17,2282.4
2013-07-18,2229.6
2013-07-19,2155
2013-07-22,2168
2013-07-23,2243
2013-07-24,2232.4
2013-07-25,2209.8
2013-07-26,2192
2013-07-29,2163.6
2013-07-30,2168.2
2013-07-31,2165
2013-08-01,2244.2
2013-08-02,2240
2013-08-05,2265.8
2013-08-06,2278.8
2013-08-07,2258.4
2013-08-08,2265.4
2013-08-09,2288.2
2013-08-12,2348.4
2013-08-13,2354.6
2013-08-14,2353.4
2013-08-15,2329.6
2013-08-16,2286.2
2013-08-19,2329.4
2013-08-20,2308.6
2013-08-21,2314
2013-08-22,2309
2013-08-23,2279.2
2013-08-26,2340
2013-08-27,2338.4
2013-08-28,2322.8
2013-08-29,2314.8
2013-08-30,2302.2
2013-09-02,2329.2
2013-09-03,2349
2013-09-04,2342.6
2013-09-05,2341.8
2013-09-06,2355.2
2013-09-09,2434.8
2013-09-10,2472.6
2013-09-11,2480.8
2013-09-12,2503.4
2013-09-13,2497.2
2013-09-16,2479.4
2013-09-17,2440.4
2013-09-18,2437.2
2013-09-23,2468.8
2013-09-24,2448.4
2013-09-25,2434.8
2013-09-26,2391
2013-09-27,2398.4
2013-09-30,2409.6
2013-10-08,2440
2013-10-09,2457
2013-10-10,2429
2013-10-11,2466
2013-10-14,2468.8
2013-10-15,2461.4
2013-10-16,2426.4
2013-10-17,2411
2013-10-18,2415
2013-10-21,2466.4
2013-10-22,2446
2013-10-23,2418.8
2013-10-24,2405.4
2013-10-25,2360.6
2013-10-28,2363.6
2013-10-29,2368.2
2013-10-30,2391.8
2013-10-31,2381
2013-11-01,2391.4
2013-11-04,2384
2013-11-05,2381.4
2013-11-06,2350.8
2013-11-07,2349.4
2013-11-08,2311.2
2013-11-11,2319.2
2013-11-12,2332.6
2013-11-13,2294.4
2013-11-14,2296.6
2013-11-15,2344.4
2013-11-18,2415.6
2013-11-19,2415.2
2013-11-20,2430.2
2013-11-21,2414.6
2013-11-22,2407.2
2013-11-25,2390.2
2013-11-26,2391
2013-11-27,2422.4
2013-11-28,2448.6
2013-11-29,2457
2013-12-02,2433.4
2013-12-03,2451.6
2013-12-04,2482.2
2013-12-05,2483.8
2013-12-06,2467
2013-12-09,2461.4
2013-12-10,2462
2013-12-11,2421
2013-12-12,2412.6
2013-12-13,2414.2
2013-12-16,2365.6
2013-12-17,2357.8
2013-12-18,2368.2
2013-12-19,2349
2013-12-20,2300.6
2013-12-23,2306
2013-12-24,2305.4
2013-12-25,2319
2013-12-26,2294
2013-12-27,2326.8
2013-12-30,2324.2
2013-12-31,2345
2014-01-02,2331.8
2014-01-03,2302.4
2014-01-06,2240.8
2014-01-07,2238.4
2014-01-08,2241.2
2014-01-09,2223.6
2014-01-10,2218
2014-01-13,2204.4
2014-01-14,2217.6
2014-01-15,2211.6
2014-01-16,2211.2
2014-01-17,2199.2
2014-01-20,2184.6
2014-01-21,2206.4
2014-01-22,2254.6
2014-01-23,2244.2
2014-01-24,2251.8
2014-01-27,2227
2014-01-28,2230.8
2014-01-29,2240
2014-01-30,2199.2
2014-02-07,2214.6
2014-02-10,2260.4
2014-02-11,2277.4
2014-02-12,2284
2014-02-13,2273.4
2014-02-14,2288.4
2014-02-17,2305.4
2014-02-18,2285
2014-02-19,2308.8
2014-02-20,2282.8
2014-02-21,2266.2
2014-02-24,2206.2
2014-02-25,2145.6
2014-02-26,2149
2014-02-27,2148.2
2014-02-28,2174
2014-03-03,2163.8
2014-03-04,2169.8
2014-03-05,2149.6
2014-03-06,2167.4
2014-03-07,2141.2
2014-03-10,2062.8
2014-03-11,2088.6
2014-03-12,2085.8
2014-03-13,2105.4
2014-03-14,2100
2014-03-17,2137.4
2014-03-18,2114.4
2014-03-19,2123.2
2014-03-20,2055.4
2014-03-21,2153.8
2014-03-24,2150.8
2014-03-25,2152.6
2014-03-26,2153
2014-03-27,2134.8
2014-03-28,2145
2014-03-31,2143.4
2014-04-01,2158.4
2014-04-02,2175
2014-04-03,2159.6
2014-04-04,2188
2014-04-08,2247.2
2014-04-09,2236.2
2014-04-10,2285
2014-04-11,2272
2014-04-14,2272.4
2014-04-15,2236.8
2014-04-16,2233
2014-04-17,2229
2014-04-18,2225.8
2014-04-21,2179.8
2014-04-22,2188.6
2014-04-23,2185
2014-04-24,2183.2
2014-04-25,2172.4
2014-04-28,2143.6
2014-04-29,2160.8
2014-04-30,2147
2014-05-05,2156.6
2014-05-06,2144.8
2014-05-07,2136
2014-05-08,2137.4
2014-05-09,2138
2014-05-12,2178.8
2014-05-13,2166.6
2014-05-14,2155.8
2014-05-15,2136.6
2014-05-16,2130.4
2014-05-19,2099.6
2014-05-20,2099.4
2014-05-21,2119.2
2014-05-22,2114.2
2014-05-23,2143.2
2014-05-26,2148.2
2014-05-27,2142.2
2014-05-28,2173.8
2014-05-29,2153.4
2014-05-30,2147.8
2014-06-03,2139.2
2014-06-04,2125.2
2014-06-05,2149.6
2014-06-06,2125.6
2014-06-09,2128.2
2014-06-10,2157.6
2014-06-11,2151.2
2014-06-12,2150.4
2014-06-13,2177.2
2014-06-16,2186.6
2014-06-17,2173
2014-06-18,2159.6
2014-06-19,2130.6
2014-06-20,2132.8
2014-06-23,2123.2
2014-06-24,2132.2
2014-06-25,2126
2014-06-26,2135.6
2014-06-27,2142.4
2014-06-30,2154.2
2014-07-01,2156.2
2014-07-02,2163.2
2014-07-03,2167.4
2014-07-04,2166.6
2014-07-07,2163.2
2014-07-08,2167
2014-07-09,2132.2
2014-07-10,2133.2
2014-07-11,2138
2014-07-14,2162.4
2014-07-15,2163
2014-07-16,2163.4
2014-07-17,2155.8
2014-07-18,2158.8
2014-07-21,2157.4
2014-07-22,2186.4
2014-07-23,2190.6
2014-07-24,2240.4
2014-07-25,2274.6
2014-07-28,2336.4
2014-07-29,2335.4
2014-07-30,2328.8
2014-07-31,2370.8
2014-08-01,2342.6
2014-08-04,2386.4
2014-08-05,2368
2014-08-06,2362
2014-08-07,2334.4
2014-08-08,2338.6
2014-08-11,2360
2014-08-12,2365.8
2014-08-13,2368.4
2014-08-14,2345.2
2014-08-15,2378
2014-08-18,2376.2
2014-08-19,2374.4
2014-08-20,2364.4
2014-08-21,2354.8
2014-08-22,2372.2
2014-08-25,2348
2014-08-26,2337.6
2014-08-27,2336
2014-08-28,2330.6
2014-08-29,2351.6
2014-09-01,2349.6
2014-09-02,2389.4
2014-09-03,2411.6
2014-09-04,2445.6
2014-09-05,2470.2
2014-09-09,2457.6
2014-09-10,2441.4
2014-09-11,2418
2014-09-12,2439.2
2014-09-15,2433
2014-09-16,2394.2
2014-09-17,2402
2014-09-18,2414
2014-09-19,2441.4
2014-09-22,2389.2
2014-09-23,2403.8
2014-09-24,2468.4
2014-09-25,2454.6
2014-09-26,2450.8
2014-09-29,2455.2
2014-09-30,2453.2
2014-10-08,2483.6
2014-10-09,2475
2014-10-10,2469.8
2014-10-13,2454.4
2014-10-14,2438.6
2014-10-15,2455
2014-10-16,2446.6
2014-10-17,2444.4
2014-10-20,2453.8
2014-10-21,2439.4
2014-10-22,2428.6
2014-10-23,2405.6
2014-10-24,2396.6
2014-10-27,2381
2014-10-28,2425.8
2014-10-29,2457.6
2014-10-30,2469.6
2014-10-31,2523.2
2014-11-03,2511.2
2014-11-04,2511
2014-11-05,2515.2
2014-11-06,2517.2
2014-11-07,2496.4
2014-11-10,2564.8
2014-11-11,2549.4
2014-11-12,2584.2
2014-11-13,2570.8
2014-11-14,2578.2
2014-11-17,2567
2014-11-18,2550.2
2014-11-19,2541.4
2014-11-20,2553.2
2014-11-21,2602.8
2014-11-24,2674.4
2014-11-25,2724.4
2014-11-26,2745.6
2014-11-27,2754.8
2014-11-28,2826
2014-12-01,2809.2
2014-12-02,2936
2014-12-03,2996.2
2014-12-04,3195.8
2014-12-05,3183
2014-12-08,3327.2
2014-12-09,3143
2014-12-10,3229.6
2014-12-11,3207.8
2014-12-12,3215.8
2014-12-15,3244
2014-12-16,3322.8
2014-12-17,3480.6
2014-12-18,3490.6
2014-12-19,3503
2014-12-22,3399.4
2014-12-23,3313
2014-12-24,3259
2014-12-25,3381
2014-12-26,3483
2014-12-29,3474.6
2014-12-30,3482.6
2014-12-31,3593.2
2015-01-05,3671.4
2015-01-06,3656.8
2015-01-07,3663.2
2015-01-08,3562
2015-01-09,3528
2015-01-12,3537.6
2015-01-13,3529.6
2015-01-14,3504.2
2015-01-15,3683.6
2015-01-16,3667.2
2015-01-19,3316.2
2015-01-20,3394.4
2015-01-21,3546
2015-01-22,3561.2
2015-01-23,3597
2015-01-26,3626.8
2015-01-27,3574.6
2015-01-28,3523.6
2015-01-29,3493.6
2015-01-30,3429.2
2015-02-02,3397
2015-02-03,3455.4
2015-02-04,3392
2015-02-05,3355.2
2015-02-06,3344.6
2015-02-09,3376.2
2015-02-10,3437.4
2015-02-11,3447
2015-02-12,3490
2015-02-13,3500
2015-02-16,3544.8
2015-02-17,3558
2015-02-25,3487.8
2015-02-26,3612.6
2015-02-27,3587.2
2015-03-02,3606.2
2015-03-03,3539.6
2015-03-04,3533.2
2015-03-05,3506.6
2015-03-06,3490.2
2015-03-09,3564.4
2015-03-10,3527.8
2015-03-11,3542.2
2015-03-12,3592
2015-03-13,3622.8
2015-03-16,3713.8
2015-03-17,3765
2015-03-18,3813
2015-03-19,3854.8
2015-03-20,3919
2015-03-23,3994.2
2015-03-24,3963.6
2015-03-25,3951.8
2015-03-26,3934
2015-03-27,3985.6
2015-03-30,4140.6
2015-03-31,4035.8
2015-04-01,4122.8
2015-04-02,4106.2
2015-04-03,4206
2015-04-07,4239.8
2015-04-08,4247.6
2015-04-09,4226.2
2015-04-10,4377
2015-04-13,4421
2015-04-14,4416.6
2015-04-15,4382.4
2015-04-16,4521.2
2015-04-17,4604.4
2015-04-20,4516.4
2015-04-21,4618.8
2015-04-22,4761
2015-04-23,4716
2015-04-24,4722
2015-04-27,4804
2015-04-28,4721
2015-04-29,4771
2015-04-30,4767.8
2015-05-04,4757.6
2015-05-05,4618
2015-05-06,4582
2015-05-07,4503.2
2015-05-08,4541.4
2015-05-11,4658
2015-05-12,4704
2015-05-13,4653.2
2015-05-14,4664
2015-05-15,4563
2015-05-18,4536.8
2015-05-19,4774
2015-05-20,4775
2015-05-21,4891.8
2015-05-22,5022.8
2015-05-25,5156.4
2015-05-26,5274.2
2015-05-27,5290
2015-05-28,4943.2
2015-05-29,4897
2015-06-01,5249
2015-06-02,5264.2
2015-06-03,5182.6
2015-06-04,5250.4
2015-06-05,5230.4
2015-06-08,5335.4
2015-06-09,5250.4
2015-06-10,5252.8
2015-06-11,5299.6
2015-06-12,5361.6
2015-06-15,5199.8
2015-06-16,5069.2
2015-06-17,5113.8
2015-06-18,4940
2015-06-19,4598
2015-06-23,4730.8
2015-06-24,4858.2
2015-06-25,4587.2
2015-06-26,4212.4
2015-06-29,4014.2
2015-06-30,4381.4
2015-07-01,4059
2015-07-02,4130
2015-07-03,3931.8
2015-07-06,4040.6
2015-07-07,3696.8
2015-07-08,3463.4
2015-07-09,3810
2015-07-10,4166.6
2015-07-13,4085.4
2015-07-14,4001.6
2015-07-15,3858.4
2015-07-16,4008
2015-07-17,4090.4
2015-07-20,3950
2015-07-21,3969
2015-07-22,3945.2
2015-07-23,4183.8
2015-07-24,4012.2
2015-07-27,3647.8
2015-07-28,3654
2015-07-29,3821.4
2015-07-30,3653.8
2015-07-31,3693.4
2015-08-03,3638.2
2015-08-04,3837.6
2015-08-05,3762.6
2015-08-06,3766.8
2015-08-07,3854.6
2015-08-10,4032.8
2015-08-11,4001.2
2015-08-12,3966.8
2015-08-13,4015.6
2015-08-14,4008.6
2015-08-17,4003.8
2015-08-18,3755
2015-08-19,3683.2
2015-08-20,3601
2015-08-21,3469.2
2015-08-24,3132.2
2015-08-25,2821.6
2015-08-26,2749.6
2015-08-27,3030.8
2015-08-28,3188.4
2015-08-31,3070.2
2015-09-01,2999
2015-09-02,2965.8
2015-09-07,3096.2
2015-09-08,3338
2015-09-09,3328.2
2015-09-10,3296.6
2015-09-11,3311.4
2015-09-14,3130.6
2015-09-15,3142.2
2015-09-16,3304.8
2015-09-17,3240.6
2015-09-18,3139
2015-09-21,3232.2
2015-09-22,3232.8
2015-09-23,3161
2015-09-24,3187
2015-09-25,3118
2015-09-28,3150
2015-09-29,3082.8
2015-09-30,3121.4
2015-10-08,3214.8
2015-10-09,3310
2015-10-12,3421
2015-10-13,3414.8
2015-10-14,3377
2015-10-15,3493.8
2015-10-16,3436.6
2015-10-19,3381.4
2015-10-20,3466.6
2015-10-21,3342.8
2015-10-22,3405
2015-10-23,3476.8
2015-10-26,3470.2
2015-10-27,3478.6
2015-10-28,3413
2015-10-29,3440
2015-10-30,3439.2
2015-11-02,3403
2015-11-03,3376.6
2015-11-04,3591.2
2015-11-05,3638.4
2015-11-06,3753
2015-11-09,3775.4
2015-11-10,3776
2015-11-11,3806
2015-11-12,3756.8
2015-11-13,3722.2
2015-11-16,3650
2015-11-17,3605.6
2015-11-18,3596.2
2015-11-19,3688.8
2015-11-20,3644.8
2015-11-23,3619.2
2015-11-24,3655.6
2015-11-25,3695
2015-11-26,3662
2015-11-27,3487.4
2015-11-30,3485.8
2015-12-01,3524.8
2015-12-02,3692
2015-12-03,3699.6
2015-12-04,3638
2015-12-07,3620
2015-12-08,3579.2
2015-12-09,3593.2
2015-12-10,3567
2015-12-11,3593
2015-12-14,3711.8
2015-12-15,3670.4
2015-12-16,3675
2015-12-17,3754.4
2015-12-18,3704.8
2015-12-21,3800.2
2015-12-22,3819
2015-12-23,3805
2015-12-24,3775.2
2015-12-25,3806.8
2015-12-28,3647.6
2015-12-29,3695.8
2015-12-30,3696.8
2015-12-31,3658.2
2016-01-04,3425
2016-01-05,3408.8
2016-01-06,3465
2016-01-07,3245.2
2016-01-08,3309
2016-01-11,3151.8
2016-01-12,3196.6
2016-01-13,3152.8
2016-01-14,3204.6
2016-01-15,3027.8
2016-01-18,3042
2016-01-19,3134
2016-01-20,3074
2016-01-21,3011
2016-01-22,3042
2016-01-25,3044.2
2016-01-26,2899
2016-01-27,2867.6
2016-01-28,2816.8
2016-01-29,2903.8
2016-02-01,2883.8
2016-02-02,2948.8
2016-02-03,2939.4
2016-02-04,2978.8
2016-02-05,2937.2
2016-02-15,2929.8
2016-02-16,3016.6
2016-02-17,2987.8
2016-02-18,2981.8
2016-02-19,2980.8
2016-02-22,3042
2016-02-23,3022.4
2016-02-24,3039.8
2016-02-25,2847
2016-02-26,2880
2016-02-29,2789
2016-03-01,2864.2
2016-03-02,3009
2016-03-03,3008.6
2016-03-04,3052.4
2016-03-07,3083.8
2016-03-08,3075.4
2016-03-09,3016.6
2016-03-10,2983
2016-03-11,2986.6
2016-03-14,3042
2016-03-15,3046.6
2016-03-16,3062
2016-03-17,3123
2016-03-18,3125
2016-03-21,3210.2
2016-03-22,3194.6
2016-03-23,3196
2016-03-24,3144.8
2016-03-25,3162.8
2016-03-28,3129.8
2016-03-29,3104
2016-03-30,3190
2016-03-31,3191
2016-04-01,3206.6
2016-04-05,3236.2
2016-04-06,3239.4
2016-04-07,3202.8
2016-04-08,3180
2016-04-11,3213.8
2016-04-12,3215.4
2016-04-13,3251.6
2016-04-14,3269.2
2016-04-15,3237.6
2016-04-18,3191.6
2016-04-19,3192.6
2016-04-20,3114.8
2016-04-21,3115
2016-04-22,3141.2
2016-04-25,3127.6
2016-04-26,3143
2016-04-27,3125.8
2016-04-28,3121.2
2016-04-29,3128
2016-05-03,3200
2016-05-04,3188.2
2016-05-05,3192.6
2016-05-06,3088.4
2016-05-09,3022
2016-05-10,3035.2
2016-05-11,3052.4
2016-05-12,3066.6
2016-05-13,3068
2016-05-16,3082.4
2016-05-17,3081.4
2016-05-18,3019
2016-05-19,3014.2
2016-05-20,3034.2
2016-05-23,3043
2016-05-24,3028.6
2016-05-25,3021.6
2016-05-26,3026
2016-05-27,3033.6
2016-05-30,3036.6
2016-05-31,3158.8
2016-06-01,3131.8
2016-06-02,3135.4
2016-06-03,3177.4
2016-06-06,3157.4
2016-06-07,3160
2016-06-08,3148
2016-06-13,3028.8
2016-06-14,3050.4
2016-06-15,3100
2016-06-16,3028.8
2016-06-17,3036.4
2016-06-20,3049.2
2016-06-21,3037.8
2016-06-22,3076
2016-06-23,3061.6
2016-06-24,3013.2
2016-06-27,3078
2016-06-28,3094
2016-06-29,3111
2016-06-30,3111.2
2016-07-01,3101
2016-07-04,3170
2016-07-05,3172.8
2016-07-06,3184.2
2016-07-07,3185.6
2016-07-08,3171.4
2016-07-11,3176.6
2016-07-12,3262.6
2016-07-13,3272.4
2016-07-14,3241
2016-07-15,3243.2
2016-07-18,3224.2
2016-07-19,3206
2016-07-20,3196
2016-07-21,3220.2
2016-07-22,3194.2
2016-07-25,3198
2016-07-26,3247
2016-07-27,3163
2016-07-28,3191
2016-07-29,3181.8
2016-08-01,3151.6
2016-08-02,3164.8
2016-08-03,3166
2016-08-04,3177.2
2016-08-05,3193
2016-08-08,3223
2016-08-09,3244
2016-08-10,3234.2
2016-08-11,3226.2
2016-08-12,3288
2016-08-15,3380
2016-08-16,3373.4
2016-08-17,3341.8
2016-08-18,3336
2016-08-19,3332.4
2016-08-22,3317
2016-08-23,3318
2016-08-24,3302.2
2016-08-25,3284.2
2016-08-26,3278.4
2016-08-29,3279.2
2016-08-30,3293.2
2016-08-31,3310.6
2016-09-01,3271.8
2016-09-02,3289
2016-09-05,3299.4
2016-09-06,3329
2016-09-07,3330.2
2016-09-08,3328.2
2016-09-09,3309
2016-09-12,3234.6
2016-09-13,3245.6
2016-09-14,3187.8
2016-09-19,3214
2016-09-20,3214.4
2016-09-21,3236.6
2016-09-22,3262.8
2016-09-23,3248.4
2016-09-26,3204.8
2016-09-27,3224.8
2016-09-28,3221.4
2016-09-29,3241.8
2016-09-30,3246
2016-10-10,3289.2
2016-10-11,3298
2016-10-12,3289.8
2016-10-13,3287.2
2016-10-14,3301.8
2016-10-17,3271
2016-10-18,3317
2016-10-19,3312.8
2016-10-20,3289.6
2016-10-21,3297.2
2016-10-24,3344.2
2016-10-25,3338.8
2016-10-26,3329.8
2016-10-27,3324.6
2016-10-28,3324
2016-10-31,3317.4
2016-11-01,3341.2
2016-11-02,3319.2
2016-11-03,3351.8
2016-11-04,3338.6
2016-11-07,3343.4
2016-11-08,3365.2
2016-11-09,3348.2
2016-11-10,3379.4
2016-11-11,3416.8
2016-11-14,3425.6
2016-11-15,3423.2
2016-11-16,3398.2
2016-11-17,3405.8
2016-11-18,3394.6
2016-11-21,3415
2016-11-22,3450.8
2016-11-23,3458.6
2016-11-24,3464.8
2016-11-25,3517
2016-11-28,3532.4
2016-11-29,3561.6
2016-11-30,3534.6
2016-12-01,3568.4
2016-12-02,3526
2016-12-05,3453
2016-12-06,3448.4
2016-12-07,3459.4
2016-12-08,3458.6
2016-12-09,3479
2016-12-12,3390.4
2016-12-13,3391
2016-12-14,3371.6
2016-12-15,3299.6
2016-12-16,3313.6
2016-12-19,3299
2016-12-20,3274
2016-12-21,3310
2016-12-22,3300
2016-12-23,3277
2016-12-26,3289.6
2016-12-27,3290.4
2016-12-28,3281.4
2016-12-29,3283
2016-12-30,3285
2017-01-03,3326
2017-01-04,3358.4
2017-01-05,3350.8
2017-01-06,3336.4
2017-01-09,3352
2017-01-10,3343.6
2017-01-11,3323
2017-01-12,3300
2017-01-13,3309.2
2017-01-16,3301.2
2017-01-17,3315.4
2017-01-18,3345
2017-01-19,3322.2
2017-01-20,3353
2017-01-23,3352
2017-01-24,3353.4
2017-01-25,3369.2
2017-01-26,3377.6
2017-02-03,3357
2017-02-06,3354
2017-02-07,3349
2017-02-08,3369.4
2017-02-09,3380.6
2017-02-10,3402
2017-02-13,3419
2017-02-14,3402.6
2017-02-15,3390
2017-02-16,3411.8
2017-02-17,3392.4
2017-02-20,3462.6
2017-02-21,3459.2
2017-02-22,3467
2017-02-23,3453.6
2017-02-24,3453
2017-02-27,3426.6
2017-02-28,3429.4
2017-03-01,3435.2
2017-03-02,3418
2017-03-03,3405
2017-03-06,3422
2017-03-07,3432.6
2017-03-08,3430.4
2017-03-09,3403.8
2017-03-10,3406.6
2017-03-13,3452.8
2017-03-14,3446
2017-03-15,3451.4
2017-03-16,3456.8
2017-03-17,3407.2
2017-03-20,3417.6
2017-03-21,3435
2017-03-22,3421.4
2017-03-23,3433.8
2017-03-24,3483.4
2017-03-27,3461
2017-03-28,3458
2017-03-29,3456.6
2017-03-30,3431.6
2017-03-31,3450.4
2017-04-05,3507.2
2017-04-06,3504
2017-04-07,3510.6
2017-04-10,3501.6
2017-04-11,3505
2017-04-12,3496
2017-04-13,3508.6
2017-04-14,3477
2017-04-17,3472.4
2017-04-18,3462.6
2017-04-19,3440
2017-04-20,3441.6
2017-04-21,3441.2
2017-04-24,3408.2
2017-04-25,3422.6
2017-04-26,3427.8
2017-04-27,3426.8
2017-04-28,3420.4
2017-05-02,3407.4
2017-05-03,3396.8
2017-05-04,3383.4
2017-05-05,3360.4
2017-05-08,3339.4
2017-05-09,3342.2
2017-05-10,3323.8
2017-05-11,3341.4
2017-05-12,3367.2
2017-05-15,3386.6
2017-05-16,3431
2017-05-17,3391
2017-05-18,3374.8
2017-05-19,3381.8
2017-05-22,3382.2
2017-05-23,3402
2017-05-24,3402
2017-05-25,3486
2017-05-26,3480.6
2017-05-31,3482
2017-06-01,3489
2017-06-02,3480.8
2017-06-05,3456.6
2017-06-06,3484.6
2017-06-07,3533
2017-06-08,3559.8
2017-06-09,3578.6
2017-06-12,3568
2017-06-13,3576.2
2017-06-14,3532
2017-06-15,3504.8
2017-06-16,3488
2017-06-19,3530
2017-06-20,3521
2017-06-21,3558.4
2017-06-22,3560.8
2017-06-23,3597.4
2017-06-26,3647.2
2017-06-27,3650.4
2017-06-28,3627
2017-06-29,3649
2017-06-30,3642.6
2017-07-03,3625.8
2017-07-04,3587
2017-07-05,3640.8
2017-07-06,3633.2
2017-07-07,3627.2
2017-07-10,3634
2017-07-11,3661.8
2017-07-12,3638.8
2017-07-13,3679.2
2017-07-14,3698.8
2017-07-17,3649.8
2017-07-18,3650
2017-07-19,3729.4
2017-07-20,3747.2
2017-07-21,3716
2017-07-24,3733
2017-07-25,3704.8
2017-07-26,3684
2017-07-27,3690.6
2017-07-28,3708.4
2017-07-31,3722.2
2017-08-01,3748.8
2017-08-02,3753.4
2017-08-03,3715.8
2017-08-04,3692
2017-08-07,3715
2017-08-08,3717.4
2017-08-09,3715
2017-08-10,3701
2017-08-11,3627.8
2017-08-14,3681.4
2017-08-15,3680.6
2017-08-16,3673.8
2017-08-17,3703
2017-08-18,3705
2017-08-21,3721.2
2017-08-22,3732.6
2017-08-23,3741.6
2017-08-24,3724
2017-08-25,3794.8
2017-08-28,3843.8
2017-08-29,3837.8
2017-08-30,3834.2
2017-08-31,3829.6
2017-09-01,3837.8
2017-09-04,3842.6
2017-09-05,3854.2
2017-09-06,3846.6
2017-09-07,3828.2
2017-09-08,3820.8
2017-09-11,3831.4
2017-09-12,3844.2
2017-09-13,3844.2
2017-09-14,3830.4
2017-09-15,3823
2017-09-18,3854.8
2017-09-19,3823.8
2017-09-20,3845.4
2017-09-21,3837.2
2017-09-22,3829.4
2017-09-25,3801.4
2017-09-26,3813.8
2017-09-27,3819.8
2017-09-28,3831
2017-09-29,3849.2
2017-10-09,3888.8
2017-10-10,3893
2017-10-11,3902.2
2017-10-12,3916
2017-10-13,3933
2017-10-16,3918
2017-10-17,3911
2017-10-18,3930.8
2017-10-19,3922.6
2017-10-20,3911.8
2017-10-23,3922
2017-10-24,3945.6
2017-10-25,3967
2017-10-26,3993.8
2017-10-27,4021.8
2017-10-30,3981.6
2017-10-31,3993.8
2017-11-01,3981.6
2017-11-02,3987.4
2017-11-03,3963.4
2017-11-06,4008.4
2017-11-07,4049
2017-11-08,4046.6
2017-11-09,4080.2
2017-11-10,4115.6
2017-11-13,4127.4
2017-11-14,4098.8
2017-11-15,4070.8
2017-11-16,4107
2017-11-17,4118.2
2017-11-20,4146
2017-11-21,4232.4
2017-11-22,4235.6
2017-11-23,4099
2017-11-24,4099.2
2017-11-27,4022
2017-11-28,4041.2
2017-11-29,4035.8
2017-11-30,3982
2017-12-01,3978.8
2017-12-04,3999
2017-12-05,4017.2
2017-12-06,3988
2017-12-07,3948.6
2017-12-08,3998
2017-12-11,4067.4
2017-12-12,4010.2
2017-12-13,4046.6
2017-12-14,4027.2
2017-12-15,3977
2017-12-18,3984.8
2017-12-19,4044
2017-12-20,4029
2017-12-21,4082
2017-12-22,4069.2
2017-12-25,4049.2
2017-12-26,4068.8
2017-12-27,3991.4
2017-12-28,4030
2017-12-29,4039.8
2018-01-02,4104
2018-01-03,4121.6
2018-01-04,4135.8
2018-01-05,4148.2
2018-01-08,4163.8
2018-01-09,4197.4
2018-01-10,4212.2
2018-01-11,4208.4
2018-01-12,4229
2018-01-15,4223.4
2018-01-16,4269.2
2018-01-17,4250.6
2018-01-18,4280
2018-01-19,4303.6
2018-01-22,4354.8
2018-01-23,4400
2018-01-24,4404.6
2018-01-25,4373
2018-01-26,4397.8
2018-01-29,4315.2
2018-01-30,4267.6
2018-01-31,4280
2018-02-01,4239.4
2018-02-02,4270.4
2018-02-05,4264
2018-02-06,4119.8
2018-02-07,4023
2018-02-08,4000.6
2018-02-09,3774.6
2018-02-12,3855
2018-02-13,3904.6
2018-02-14,3952.4
2018-02-22,4025.4
2018-02-23,4049.6
2018-02-26,4108.2
2018-02-27,4042
2018-02-28,4002
2018-03-01,4035
2018-03-02,4010
2018-03-05,3992
2018-03-06,4064
2018-03-07,4009.4
2018-03-08,4065.2
2018-03-09,4103.6
2018-03-12,4119.4
2018-03-13,4075.2
2018-03-14,4065
2018-03-15,4097.6
2018-03-16,4027.2
2018-03-19,4049.2
2018-03-20,4049.6
2018-03-21,4025
2018-03-22,3983.4
2018-03-23,3816.4
2018-03-26,3854
2018-03-27,3898
2018-03-28,3809.2
2018-03-29,3886.4
2018-03-30,3884.2
2018-04-02,3856.4
2018-04-03,3853.6
2018-04-04,3841.6
2018-04-09,3845.8
2018-04-10,3925.8
2018-04-11,3932.6
2018-04-12,3892.4
2018-04-13,3860.4
2018-04-16,3796.6
2018-04-17,3738.8
2018-04-18,3754
2018-04-19,3811
2018-04-20,3732.6
2018-04-23,3748
2018-04-24,3835.4
2018-04-25,3818
2018-04-26,3735.4
2018-04-27,3746
2018-05-02,3758.8
2018-05-03,3786
2018-05-04,3763.4
2018-05-07,3827.2
2018-05-08,3880
2018-05-09,3869
2018-05-10,3897.8
2018-05-11,3876.2
2018-05-14,3912.2
2018-05-15,3924.6
2018-05-16,3873
2018-05-17,3840.8
2018-05-18,3903
2018-05-21,3907.4
2018-05-22,3895
2018-05-23,3835.4
2018-05-24,3805.2
2018-05-25,3789.2
2018-05-28,3821.2
2018-05-29,3775
2018-05-30,3699.2
2018-05-31,3784
2018-06-01,3752.8
2018-06-04,3786
2018-06-05,3822.8
2018-06-06,3823.6
2018-06-07,3817.2
2018-06-08,3761
2018-06-11,3773.4
2018-06-12,3818
2018-06-13,3778.4
2018-06-14,3768.6
2018-06-15,3722
2018-06-19,3569.6
2018-06-20,3596.4
2018-06-21,3546.6
2018-06-22,3572.4
2018-06-25,3509.2
2018-06-26,3492
2018-06-27,3388.2
2018-06-28,3380.2
2018-06-29,3477.2
2018-07-02,3352.6
2018-07-03,3364.8
2018-07-04,3330.6
2018-07-05,3303.4
2018-07-06,3328.2
2018-07-09,3439.8
2018-07-10,3445.8
2018-07-11,3379.4
2018-07-12,3475.2
2018-07-13,3476.6
2018-07-16,3459
2018-07-17,3442
2018-07-18,3424
2018-07-19,3431.8
2018-07-20,3482.4
2018-07-23,3509.2
2018-07-24,3574.2
2018-07-25,3568.2
2018-07-26,3525
2018-07-27,3520
2018-07-30,3503.2
2018-07-31,3512.6
2018-08-01,3423.2
2018-08-02,3345
2018-08-03,3283.6
2018-08-06,3259.8
2018-08-07,3358.8
2018-08-08,3304.8
2018-08-09,3386
2018-08-10,3397
2018-08-13,3382.2
2018-08-14,3345
2018-08-15,3255.4
2018-08-16,3249
2018-08-17,3202.2
2018-08-20,3251
2018-08-21,3301
2018-08-22,3300.2
2018-08-23,3302.2
2018-08-24,3309.8
2018-08-27,3397.8
2018-08-28,3387
2018-08-29,3379.8
2018-08-30,3343
2018-08-31,3321.2
2018-09-03,3310.4
2018-09-04,3357.2
2018-09-05,3277.8
2018-09-06,3248.6
2018-09-07,3273.2
2018-09-10,3227
2018-09-11,3219
2018-09-12,3196.4
2018-09-13,3238.4
2018-09-14,3240.6
2018-09-17,3207.2
2018-09-18,3273.4
2018-09-19,3311
2018-09-20,3312
2018-09-21,3428.2
2018-09-25,3389.2
2018-09-26,3422.2
2018-09-27,3415.8
2018-09-28,3448.8
2018-10-08,3288.8
2018-10-09,3287
2018-10-10,3289
2018-10-11,3106.8
2018-10-12,3169
2018-10-15,3122.4
2018-10-16,3110.2
2018-10-17,3121
2018-10-18,3048
2018-10-19,3128.6
2018-10-22,3288.4
2018-10-23,3180.2
2018-10-24,3186.2
2018-10-25,3203.6
2018-10-26,3165.8
2018-10-29,3077
2018-10-30,3113
2018-10-31,3151
2018-11-01,3174.6
2018-11-02,3306.6
2018-11-05,3262.6
2018-11-06,3245
2018-11-07,3214.4
2018-11-08,3215.2
2018-11-09,3169.8
2018-11-12,3204
2018-11-13,3240.8
2018-11-14,3203.6
2018-11-15,3247.4
2018-11-16,3259.8
2018-11-19,3296.4
2018-11-20,3223.4
2018-11-21,3222
2018-11-22,3212
2018-11-23,3136.2
2018-11-26,3130.4
2018-11-27,3126.6
2018-11-28,3171.4
2018-11-29,3138.6
2018-11-30,3168
2018-12-03,3259.2
2018-12-04,3270
2018-12-05,3253.8
2018-12-06,3187.8
2018-12-07,3179.6
2018-12-10,3148.6
2018-12-11,3164.6
2018-12-12,3172.4
2018-12-13,3222.8
2018-12-14,3169.4
2018-12-17,3167.8
2018-12-18,3128.4
2018-12-19,3091.8
2018-12-20,3073.2
2018-12-21,3034.2
2018-12-24,3037
2018-12-25,3018
2018-12-26,3005
2018-12-27,2995.8
2018-12-28,2996
2019-01-02,2962.2
2019-01-03,2962.6
2019-01-04,3041.4
2019-01-07,3047.2
2019-01-08,3050.6
2019-01-09,3072
2019-01-10,3075.6
2019-01-11,3099.2
2019-01-14,3070.8
2019-01-15,3130
2019-01-16,3129.4
2019-01-17,3114.6
2019-01-18,3170
2019-01-21,3186.6
2019-01-22,3147.2
2019-01-23,3138.4
2019-01-24,3164.4
2019-01-25,3188.8
2019-01-28,3185.2
2019-01-29,3200
2019-01-30,3178.6
2019-01-31,3207.4
2019-02-01,3261.4
2019-02-11,3309.2
2019-02-12,3330
2019-02-13,3405.2
2019-02-14,3411.8
2019-02-15,3352.6
2019-02-18,3447.4
2019-02-19,3438
2019-02-20,3449.6
2019-02-21,3448
2019-02-22,3539.8
2019-02-25,3800.2
2019-02-26,3701.8
2019-02-27,3685.2
2019-02-28,3677.4
2019-03-01,3750
2019-03-04,3786.8
2019-03-05,3822.8
2019-03-06,3846.6
2019-03-07,3808.8
2019-03-08,3673.2
2019-03-11,3721
2019-03-12,3747.4
2019-03-13,3720.8
2019-03-14,3699
2019-03-15,3751.6
2019-03-18,3868.2
2019-03-19,3836
2019-03-20,3837.4
2019-03-21,3830
2019-03-22,3843.4
2019-03-25,3740.8
2019-03-26,3709
2019-03-27,3730
2019-03-28,3721.8
2019-03-29,3876.2
2019-04-01,3982
2019-04-02,3971.2
2019-04-03,4030.8
2019-04-04,4085.6
2019-04-08,4052.2
2019-04-09,4081.6
2019-04-10,4089.6
2019-04-11,4013
2019-04-12,3996.8
2019-04-15,3967.8
2019-04-16,4093
2019-04-17,4080.6
2019-04-18,4070.6
2019-04-19,4130.2
2019-04-22,4020.2
2019-04-23,4018.8
2019-04-24,4025
2019-04-25,3948.6
2019-04-26,3891.4
2019-04-29,3914.8
2019-04-30,3913.8
2019-05-06,3668
2019-05-07,3714.4
2019-05-08,3664.2
2019-05-09,3597.6
2019-05-10,3711
2019-05-13,3657.2
2019-05-14,3638.6
2019-05-15,3715.2
2019-05-16,3703
2019-05-17,3617.4
2019-05-20,3587.8
2019-05-21,3625.2
2019-05-22,3622
2019-05-23,3557.6
2019-05-24,3569.4
2019-05-27,3607.2
2019-05-28,3626
2019-05-29,3627.4
2019-05-30,3619.4
2019-05-31,3594.8
2019-06-03,3613.8
2019-06-04,3586.2
2019-06-05,3574.6
2019-06-06,3544.6
2019-06-10,3591.8
2019-06-11,3706.2
2019-06-12,3676
2019-06-13,3668.6
2019-06-14,3645
2019-06-17,3652
2019-06-18,3661.2
2019-06-19,3718.4
2019-06-20,3821.6
2019-06-21,3809.2
2019-06-24,3814
2019-06-25,3773
2019-06-26,3769
2019-06-27,3813.8
2019-06-28,3817.6
2019-07-01,3911
2019-07-02,3913
2019-07-03,3879.2
2019-07-04,3855.8
2019-07-05,3874.6
2019-07-08,3780
2019-07-09,3771.4
2019-07-10,3772.6
2019-07-11,3769.2
2019-07-12,3799.8
2019-07-15,3817.8
2019-07-16,3803.4
2019-07-17,3794.6
2019-07-18,3770.6
2019-07-19,3799.4
2019-07-22,3769.2
2019-07-23,3780
2019-07-24,3810
2019-07-25,3848.8
2019-07-26,3851.8
2019-07-29,3843.6
2019-07-30,3861.4
2019-07-31,3838
2019-08-01,3798.4
2019-08-02,3740
2019-08-05,3667
2019-08-06,3625.8
2019-08-07,3598.2
2019-08-08,3638.8
2019-08-09,3621.6
2019-08-12,3672.8
2019-08-13,3652.2
2019-08-14,3673.4
2019-08-15,3674.6
2019-08-16,3684.8
2019-08-19,3783.4
2019-08-20,3772
2019-08-21,3775
2019-08-22,3777.2
2019-08-23,3805.2
2019-08-26,3762.2
2019-08-27,3803.4
2019-08-28,3795
2019-08-29,3782.2
2019-08-30,3791.8
2019-09-02,3832.6
2019-09-03,3835
2019-09-04,3888
2019-09-05,3923.6
2019-09-06,3958
2019-09-09,3968.2
2019-09-10,3960.6
2019-09-11,3933.8
2019-09-12,3976.8
2019-09-16,3959.8
2019-09-17,3888.4
2019-09-18,3904.2
2019-09-19,3925
2019-09-20,3926
2019-09-23,3894.8
2019-09-24,3894.6
2019-09-25,3869.6
2019-09-26,3844.4
2019-09-27,3855.8
2019-09-30,3794
2019-10-08,3828
2019-10-09,3832.8
2019-10-10,3863.8
2019-10-11,3913.4
2019-10-14,3945.2
2019-10-15,3934.8
2019-10-16,3917.8
2019-10-17,3926.8
2019-10-18,3854.2
2019-10-21,3866.8
2019-10-22,3878.8
2019-10-23,3862.8
2019-10-24,3870.4
2019-10-25,3899
2019-10-28,3919
2019-10-29,3905
2019-10-30,3877
2019-10-31,3879
2019-11-01,3959.4
2019-11-04,3974.2
2019-11-05,3996.4
2019-11-06,3983
2019-11-07,3990.2
2019-11-08,3968.8
2019-11-11,3906.6
2019-11-12,3897.6
2019-11-13,3900
2019-11-14,3895.4
2019-11-15,3879
2019-11-18,3908.8
2019-11-19,3953.6
2019-11-20,3907.8
2019-11-21,3888.4
2019-11-22,3839.6
2019-11-25,3873.4
2019-11-26,3875.8
2019-11-27,3878.8
2019-11-28,3868.6
2019-11-29,3827.4
2019-12-02,3838
2019-12-03,3856.6
2019-12-04,3852.4
2019-12-05,3880
2019-12-06,3909.6
2019-12-09,3900.4
2019-12-10,3903
2019-12-11,3909.2
2019-12-12,3895.4
2019-12-13,3979.6
2019-12-16,3988
2019-12-17,4048.2
2019-12-18,4038.4
2019-12-19,4028.8
2019-12-20,4035
2019-12-23,3979.4
2019-12-24,3998.4
2019-12-25,4002.8
2019-12-26,4034.6
2019-12-27,4028
2019-12-30,4090.8
2019-12-31,4109.4
2020-01-02,4160.4
2020-01-03,4151.8
2020-01-06,4132.6
2020-01-07,4162.4
2020-01-08,4125.6
2020-01-09,4166.4
2020-01-10,4165
2020-01-13,4210.8
2020-01-14,4198.8
2020-01-15,4163.2
2020-01-16,4157.4
2020-01-17,4172.6
2020-01-20,4202.2
2020-01-21,4123.4
2020-01-22,4136.4
2020-01-23,3994.2
2020-02-03,3591.2
2020-02-04,3766.8
2020-02-05,3800.4
2020-02-06,3891.8
2020-02-07,3892.8
2020-02-10,3891.4
2020-02-11,3935.6
2020-02-12,3966.4
2020-02-13,3953
2020-02-14,3983.8
2020-02-17,4083.8
2020-02-18,4046.4
2020-02-19,4052.6
2020-02-20,4138.4
2020-02-21,4158.6
2020-02-24,4120
2020-02-25,4117
2020-02-26,4076
2020-02-27,4077.8
2020-02-28,3925.8
2020-03-02,4056.4
2020-03-03,4072.4
2020-03-04,4106.2
2020-03-05,4191.8
2020-03-06,4120.8
2020-03-09,3977.8
2020-03-10,4072.2
2020-03-11,4001.4
2020-03-12,3949
2020-03-13,3894.2
2020-03-16,3692
2020-03-17,3682
2020-03-18,3610
2020-03-19,3584
2020-03-20,3624
2020-03-23,3508.6
2020-03-24,3598
2020-03-25,3687.2
2020-03-26,3663.4
2020-03-27,3680.2
2020-03-30,3662.8
2020-03-31,3652
2020-04-01,3648.2
2020-04-02,3726.8
2020-04-03,3694.6
2020-04-07,3775.6
2020-04-08,3764.8
2020-04-09,3779.6
2020-04-10,3763.2
2020-04-13,3745
2020-04-14,3812
2020-04-15,3789.4
2020-04-16,3796.8
2020-04-17,3796.6
2020-04-20,3807.4
2020-04-21,3762.4
2020-04-22,3801.6
2020-04-23,3788.8
2020-04-24,3775
2020-04-27,3795.2
2020-04-28,3816.8
2020-04-29,3838.4
2020-04-30,3904.6
2020-05-06,3916.4
2020-05-07,3908.6
2020-05-08,3949
2020-05-11,3947
2020-05-12,3948
2020-05-13,3958.8
2020-05-14,3928
2020-05-15,3861
2020-05-18,3881.4
2020-05-19,3911.8
2020-05-20,3898.6
2020-05-21,3870.2
2020-05-22,3783
2020-05-25,3792.6
2020-05-26,3828.8
2020-05-27,3811.2
2020-05-28,3815.8
2020-05-29,3820
2020-06-01,3938.8
2020-06-02,3955
2020-06-03,3951
2020-06-04,3952
2020-06-05,3979
2020-06-08,3991.4
2020-06-09,4014.8
2020-06-10,4013.8
2020-06-11,3965
2020-06-12,3986.2
2020-06-15,3929.4
2020-06-16,4000
2020-06-17,4007
2020-06-18,4042
2020-06-19,4046.8
2020-06-22,4051.2
2020-06-23,4074
2020-06-24,4109.6
2020-06-29,4078
2020-06-30,4120.6
2020-07-01,4218.8
2020-07-02,4323.2
2020-07-03,4407
2020-07-06,4734
2020-07-07,4712.2
2020-07-08,4759.6
2020-07-09,4835.8
2020-07-10,4745
2020-07-13,4838
2020-07-14,4793
2020-07-15,4736.2
2020-07-16,4496
2020-07-17,4526.4
2020-07-20,4644.8
2020-07-21,4657.4
2020-07-22,4681
2020-07-23,4688.6
2020-07-24,4465
2020-07-27,4497
2020-07-28,4528.8
2020-07-29,4672.4
2020-07-30,4635
2020-07-31,4659.6
2020-08-03,4740.6
2020-08-04,4756.6
2020-08-05,4742
2020-08-06,4729.4
2020-08-07,4684
2020-08-10,4700
2020-08-11,4652.8
2020-08-12,4626.8
2020-08-13,4606.4
2020-08-14,4717.4
2020-08-17,4812.2
2020-08-18,4803.6
2020-08-19,4729.4
2020-08-20,4682.8
2020-08-21,4693
2020-08-24,4711
2020-08-25,4733.4
2020-08-26,4674
2020-08-27,4710.4
2020-08-28,4843.6
2020-08-31,4786
2020-09-01,4826
2020-09-02,4808.2
2020-09-03,4798.6
2020-09-04,4752.8
2020-09-07,4645.6
2020-09-08,4680.8
2020-09-09,4577.2
2020-09-10,4575.2
2020-09-11,4612.6
2020-09-14,4644.8
2020-09-15,4677.6
2020-09-16,4648.2
2020-09-17,4625.6
2020-09-18,4734.8
2020-09-21,4673.6
2020-09-22,4617.8
2020-09-23,4621.2
2020-09-24,4548.4
2020-09-25,4563.4
2020-09-28,4577
2020-09-29,4586.2
2020-09-30,4555.4
2020-10-09,4660.4
2020-10-12,4819.6
2020-10-13,4832.2
2020-10-14,4813.6
2020-10-15,4802.6
2020-10-16,4767.4
2020-10-19,4731.6
2020-10-20,4762
2020-10-21,4769.6
2020-10-22,4751
2020-10-23,4711
2020-10-26,4670
2020-10-27,4680.6
2020-10-28,4724.2
2020-10-29,4770.4
2020-10-30,4683.6
2020-11-02,4711
2020-11-03,4756.8
2020-11-04,4799.2
2020-11-05,4875
2020-11-06,4879.8
2020-11-09,4974.4
2020-11-10,4950
2020-11-11,4907.4
2020-11-12,4902.6
2020-11-13,4850.6
2020-11-16,4904.6
2020-11-17,4891.6
2020-11-18,4885.6
2020-11-19,4933.6
2020-11-20,4937.2
2020-11-23,4995
2020-11-24,4971.8
2020-11-25,4910
2020-11-26,4914
2020-11-27,4987.8
2020-11-30,4961.2
2020-12-01,5075
2020-12-02,5064.4
2020-12-03,5062.2
2020-12-04,5072.4
2020-12-07,5028.2
2020-12-08,5013.8
2020-12-09,4954
2020-12-10,4943.8
2020-12-11,4887.4
2020-12-14,4931.8
2020-12-15,4943.6
2020-12-16,4955
2020-12-17,5029.8
2020-12-18,4993
2020-12-21,5040.8
2020-12-22,4965
2020-12-23,5001.8
2020-12-24,5002.6
2020-12-25,5043.4
2020-12-28,5064.2
2020-12-29,5052.2
2020-12-30,5115.8
2020-12-31,5227
2021-01-04,5260
2021-01-05,5359.8
2021-01-06,5408.4
2021-01-07,5530
2021-01-08,5505.4
2021-01-11,5436.8
2021-01-12,5596.8
2021-01-13,5578.6
2021-01-14,5478.4
2021-01-15,5448
2021-01-18,5508
2021-01-19,5436.4
2021-01-20,5462.6
2021-01-21,5550
2021-01-22,5544.8
2021-01-25,5589
2021-01-26,5497.6
2021-01-27,5495
2021-01-28,5376
2021-01-29,5342.4
2021-02-01,5406
2021-02-02,5469.6
2021-02-03,5473.8
2021-02-04,5472.2
2021-02-05,5473.8
2021-02-08,5535.8
2021-02-09,5671.4
2021-02-10,5801
2021-02-18,5747.2
2021-02-19,5746.2
2021-02-22,5578
2021-02-23,5563.6
2021-02-24,5419.6
2021-02-25,5466.8
2021-02-26,5315
2021-03-01,5391.2
2021-03-02,5310
2021-03-03,5411
2021-03-04,5268.6
2021-03-05,5255.4
2021-03-08,5049.6
2021-03-09,4966.2
2021-03-10,4981
2021-03-11,5112
2021-03-12,5120
2021-03-15,5028.8
2021-03-16,5053.2
2021-03-17,5074.2
2021-03-18,5134.8
2021-03-19,4941
2021-03-22,5000.6
2021-03-23,4977.4
2021-03-24,4917.4
2021-03-25,4916.6
2021-03-26,5016.4
2021-03-29,5012
2021-03-30,5052
2021-03-31,5017.2
2021-04-01,5093.6
2021-04-02,5140.8
2021-04-06,5101
2021-04-07,5068
2021-04-08,5087.8
2021-04-09,5021.6
2021-04-12,4952.2
2021-04-13,4950.6
2021-04-14,4976.8
2021-04-15,4954
2021-04-16,4938.4
2021-04-19,5072.8
2021-04-20,5063.8
2021-04-21,5068
2021-04-22,5057.2
2021-04-23,5119.4
2021-04-26,5042
2021-04-27,5059.2
2021-04-28,5103.6
2021-04-29,5157.6
2021-04-30,5106.8
2021-05-06,5046
2021-05-07,4981.6
2021-05-10,4988.6
2021-05-11,5017.6
2021-05-12,5045.6
2021-05-13,4992.8
2021-05-14,5121.4
2021-05-17,5186.2
2021-05-18,5186.8
2021-05-19,5173
2021-05-20,5183.8
2021-05-21,5106.4
2021-05-24,5135.2
2021-05-25,5315.8
2021-05-26,5315.8
2021-05-27,5333
2021-05-28,5314
2021-05-31,5319.8
2021-06-01,5323
2021-06-02,5280.8
2021-06-03,5233.2
2021-06-04,5269.2
2021-06-07,5263.8
2021-06-08,5219.8
2021-06-09,5230.6
2021-06-10,5268.6
2021-06-11,5216.2
2021-06-15,5157.2
2021-06-16,5081
2021-06-17,5093
2021-06-18,5062.8
2021-06-21,5062.2
2021-06-22,5080.2
2021-06-23,5116.6
2021-06-24,5133.6
2021-06-25,5220
2021-06-28,5223
2021-06-29,5163.8
2021-06-30,5192.6
2021-07-01,5155.6
2021-07-02,5045.2
2021-07-05,5062
2021-07-06,5067
2021-07-07,5124.2
2021-07-08,5076.4
2021-07-09,5051
2021-07-12,5112
2021-07-13,5134
2021-07-14,5075
2021-07-15,5145.8
2021-07-16,5074.4
2021-07-19,5097.8
2021-07-20,5087.2
2021-07-21,5120.8
2021-07-22,5126.2
2021-07-23,5073.2
2021-07-26,4892
2021-07-27,4720.4
2021-07-28,4737.6
2021-07-29,4804.8
2021-07-30,4773.6
2021-08-02,4891.4
2021-08-03,4903.4
2021-08-04,4923.2
2021-08-05,4893.4
2021-08-06,4891.6
2021-08-09,4943.2
2021-08-10,5013.2
2021-08-11,4973.4
2021-08-12,4949
2021-08-13,4933.4
2021-08-16,4934.2
2021-08-17,4825.8
2021-08-18,4879
2021-08-19,4853
2021-08-20,4718
2021-08-23,4789.8
2021-08-24,4851.8
2021-08-25,4851.2
2021-08-26,4775.8
2021-08-27,4795.2
2021-08-30,4777
2021-08-31,4778.4
2021-09-01,4856.4
2021-09-02,4854.2
2021-09-03,4835.2
2021-09-06,4914
2021-09-07,4984.4
2021-09-08,4961
2021-09-09,4958.8
2021-09-10,5016.8
2021-09-13,4985.2
2021-09-14,4917.2
2021-09-15,4869.8
2021-09-16,4812.6
2021-09-17,4848.2
2021-09-22,4814.6
2021-09-23,4838.4
2021-09-24,4857.2
2021-09-27,4891.4
2021-09-28,4877.2
2021-09-29,4854
2021-09-30,4855.2
2021-10-08,4931.2
2021-10-11,4930.2
2021-10-12,4877.2
2021-10-13,4935.6
2021-10-14,4907.2
2021-10-15,4933
2021-10-18,4860
2021-10-19,4905.8
2021-10-20,4899.6
2021-10-21,4927.6
2021-10-22,4958.8
2021-10-25,4973.8
2021-10-26,4955.4
2021-10-27,4883.2
2021-10-28,4875.4
2021-10-29,4910
2021-11-01,4888.8
2021-11-02,4838.2
2021-11-03,4816.4
2021-11-04,4863.6
2021-11-05,4849.2
2021-11-08,4843.4
2021-11-09,4842
2021-11-10,4811
2021-11-11,4899.6
2021-11-12,4893.8
2021-11-15,4893
2021-11-16,4887.8
2021-11-17,4880.4
2021-11-18,4835.8
2021-11-19,4894.8
2021-11-22,4905
2021-11-23,4907.6
2021-11-24,4916.6
2021-11-25,4896.8
2021-11-26,4856
2021-11-29,4853.2
2021-11-30,4833.2
2021-12-01,4847.2
2021-12-02,4858.6
2021-12-03,4906.2
2021-12-06,4895.2
2021-12-07,4925
2021-12-08,5005.8
2021-12-09,5089.2
2021-12-10,5073
2021-12-13,5080.6
2021-12-14,5059.4
2021-12-15,5009.2
2021-12-16,5035.2
2021-12-17,4976.2
2021-12-20,4904
2021-12-21,4923.2
2021-12-22,4921.4
2021-12-23,4962.4
2021-12-24,4937.6
2021-12-27,4945
2021-12-28,4974.6
2021-12-29,4903
2021-12-30,4940
2021-12-31,4943
2022-01-04,4925.6
2022-01-05,4877
2022-01-06,4818.2
2022-01-07,4829.6
2022-01-10,4845.6
2022-01-11,4800.8
2022-01-12,4852.6
2022-01-13,4767.2
2022-01-14,4723.6
2022-01-17,4763.6
2022-01-18,4812.2
2022-01-19,4788.4
2022-01-20,4825
2022-01-21,4805.2
2022-01-24,4803.4
2022-01-25,4690.8
2022-01-26,4718.4
2022-01-27,4637.8
2022-01-28,4540.6
2022-02-07,4627.2
2022-02-08,4607.2
2022-02-09,4648.4
2022-02-10,4636.2
2022-02-11,4595.2
2022-02-14,4552.6
2022-02-15,4591.2
2022-02-16,4612.4
2022-02-17,4623.8
2022-02-18,4648.8
2022-02-21,4627.4
2022-02-22,4569.4
2022-02-23,4617.2
2022-02-24,4534
2022-02-25,4572
2022-02-28,4574.4
2022-03-01,4608.6
2022-03-02,4575
2022-03-03,4546.8
2022-03-04,4499.4
2022-03-07,4339.4
2022-03-08,4237
2022-03-09,4202
2022-03-10,4266.4
2022-03-11,4311
2022-03-14,4162.4
2022-03-15,3941.4
2022-03-16,4152.2
2022-03-17,4234
2022-03-18,4232.6
2022-03-21,4215
2022-03-22,4213.2
2022-03-23,4241.2
2022-03-24,4218.8
2022-03-25,4137
2022-03-28,4128.2
2022-03-29,4113.2
2022-03-30,4254.2
2022-03-31,4218.8
2022-04-01,4268
2022-04-06,4242
2022-04-07,4195.2
2022-04-08,4233.8
2022-04-11,4100
2022-04-12,4176
2022-04-13,4147.8
2022-04-14,4186.2
2022-04-15,4182.4
2022-04-18,4158.2
2022-04-19,4134.8
2022-04-20,4054.6
2022-04-21,3998.8
2022-04-22,4011.8
2022-04-25,3809.8
2022-04-26,3782
2022-04-27,3885.8
2022-04-28,3916
2022-04-29,4019.4
2022-05-05,3995
2022-05-06,3880.2
2022-05-09,3853.2
2022-05-10,3914
2022-05-11,3955.4
2022-05-12,3943.2
2022-05-13,3975.2
2022-05-16,3932.2
2022-05-17,3994.4
2022-05-18,3982.4
2022-05-19,3997
2022-05-20,4063
2022-05-23,4015
2022-05-24,3938.6
2022-05-25,3958
2022-05-26,3969.6
2022-05-27,3983.2
2022-05-30,4001.8
2022-05-31,4069.2
2022-06-01,4059.2
2022-06-02,4070.6
2022-06-06,4144.4
2022-06-07,4152.4
2022-06-08,4202.6
2022-06-09,4168
2022-06-10,4234
2022-06-13,4183.2
2022-06-14,4229.2
2022-06-15,4277.4
2022-06-16,4248.8
2022-06-17,4277.2
2022-06-20,4282.6
2022-06-21,4286.4
2022-06-22,4231
2022-06-23,4315.8
2022-06-24,4366.2
2022-06-27,4410.6
2022-06-28,4465.4
2022-06-29,4413.4
2022-06-30,4461.8
2022-07-01,4445.2
2022-07-04,4472.2
2022-07-05,4459.4
2022-07-06,4400.4
2022-07-07,4416.6
2022-07-08,4409.6
2022-07-11,4337
2022-07-12,4300.8
2022-07-13,4306.6
2022-07-14,4310
2022-07-15,4210
2022-07-18,4273
2022-07-19,4254.2
2022-07-20,4262.8
2022-07-21,4216.6
2022-07-22,4224.2
2022-07-25,4206.6
2022-07-26,4235.8
2022-07-27,4213
2022-07-28,4214.8
2022-07-29,4152.4
2022-08-01,4174
2022-08-02,4109.4
2022-08-03,4059.8
2022-08-04,4091
2022-08-05,4156.8
2022-08-08,4142.6
2022-08-09,4149.2
2022-08-10,4101.4
2022-08-11,4196
2022-08-12,4195.6
2022-08-15,4182.8
2022-08-16,4173
2022-08-17,4214.2
2022-08-18,4179
2022-08-19,4142
2022-08-22,4168.2
2022-08-23,4154.6
2022-08-24,4080.2
2022-08-25,4115
2022-08-26,4107.4
2022-08-29,4084
2022-08-30,4076.6
2022-08-31,4081.4
2022-09-01,4043.6
2022-09-02,4020.2
2022-09-05,4017.6
2022-09-06,4046.8
2022-09-07,4055.8
2022-09-08,4038.8
2022-09-09,4098.2
2022-09-13,4109.2
2022-09-14,4068.8
2022-09-15,4029.8
2022-09-16,3937.2
2022-09-19,3929
2022-09-20,3928.6
2022-09-21,3896.6
2022-09-22,3870
2022-09-23,3864.4
2022-09-26,3841.4
2022-09-27,3890.2
2022-09-28,3836.6
2022-09-29,3837.6
2022-09-30,3808.4
2022-10-10,3728.2
2022-10-11,3726.8
2022-10-12,3784.6
2022-10-13,3754.8
2022-10-14,3841.4
2022-10-17,3837.4
2022-10-18,3835.4
2022-10-19,3775.2
2022-10-20,3761
2022-10-21,3734.4
2022-10-24,3631
2022-10-25,3626.6
2022-10-26,3656.4
2022-10-27,3633
2022-10-28,3544.6
2022-10-31,3505.4
2022-11-01,3648.4
2022-11-02,3680.2
2022-11-03,3651.4
2022-11-04,3781.2
2022-11-07,3781.8
2022-11-08,3756.6
2022-11-09,3712.2
2022-11-10,3694
2022-11-11,3793.2
2022-11-14,3794
2022-11-15,3868
2022-11-16,3838.8
2022-11-17,3817.2
2022-11-18,3812
2022-11-21,3779.2
2022-11-22,3775.8
2022-11-23,3780.8
2022-11-24,3761
2022-11-25,3782.2
2022-11-28,3737
2022-11-29,3858.6
2022-11-30,3860.4
2022-12-01,3905
2022-12-02,3883.6
2022-12-05,3948
2022-12-06,3969.8
2022-12-07,3958.2
2022-12-08,3970.6
2022-12-09,4005
2022-12-12,3963.2
2022-12-13,3950.6
2022-12-14,3960.8
2022-12-15,3953.4
2022-12-16,3973.4
2022-12-19,3910.8
2022-12-20,3852
2022-12-21,3846
2022-12-22,3855
2022-12-23,3846
2022-12-26,3853
2022-12-27,3900
2022-12-28,3885
2022-12-29,3868.2
2022-12-30,3879.4
2023-01-03,3894.2
2023-01-04,3898
2023-01-05,3974.4
2023-01-06,3990.8
2023-01-09,4011.6
2023-01-10,4018
2023-01-11,4017.2
2023-01-12,4024.6
2023-01-13,4090.8
2023-01-16,4149.6
2023-01-17,4147
2023-01-18,4133.4
2023-01-19,4158
2023-01-20,4192.4
2023-01-30,4208
2023-01-31,4169.6
2023-02-01,4198
2023-02-02,4185.6
2023-02-03,4143.8
2023-02-06,4086.6
2023-02-07,4096.2
2023-02-08,4076.4
2023-02-09,4133.8
2023-02-10,4107.6
2023-02-13,4139
2023-02-14,4150
2023-02-15,4120.4
2023-02-16,4090
2023-02-17,4034.6
2023-02-20,4146.8
2023-02-21,4149.4
2023-02-22,4109.8
2023-02-23,4108.2
2023-02-24,4067.6
2023-02-27,4051.4
2023-02-28,4079.2
2023-03-01,4133.2
2023-03-02,4126.6
2023-03-03,4134.4
2023-03-06,4103
2023-03-07,4047.2
2023-03-08,4034.8
2023-03-09,4023
2023-03-10,3965.6
2023-03-13,4010
2023-03-14,3988.8
2023-03-15,3986.4
2023-03-16,3941
2023-03-17,3964
2023-03-20,3945.6
2023-03-21,3988.6
2023-03-22,4003.2
2023-03-23,4044.6
2023-03-24,4040.6
2023-03-27,4019
2023-03-28,4009.4
2023-03-29,4009
2023-03-30,4052.8
2023-03-31,4063.8
2023-04-03,4091.2
2023-04-04,4111.8
2023-04-06,4098
2023-04-07,4128.2
2023-04-10,4112.4
2023-04-11,4102.2
2023-04-12,4097.2
2023-04-13,4073.8
2023-04-14,4095
2023-04-17,4153.6
2023-04-18,4161.4
2023-04-19,4125.2
2023-04-20,4105.2
2023-04-21,4038.2
2023-04-24,3991
2023-04-25,3970.2
2023-04-26,3964.6
2023-04-27,3998
2023-04-28,4031.6
2023-05-04,4033.6
2023-05-05,4017.8
2023-05-08,4058
2023-05-09,4026.8
2023-05-10,3997.8
2023-05-11,3990.2
2023-05-12,3937.4
2023-05-15,4001
2023-05-16,3986.2
2023-05-17,3960.2
2023-05-18,3953.8
2023-05-19,3937.8
2023-05-22,3957.6
2023-05-23,3896.2
2023-05-24,3847.4
2023-05-25,3833
2023-05-26,3841
2023-05-29,3825
2023-05-30,3825.6
2023-05-31,3790.6
2023-06-01,3798
2023-06-02,3850.4
2023-06-05,3833.8
2023-06-06,3794
2023-06-07,3781.8
2023-06-08,3811
2023-06-09,3832.8
2023-06-12,3833.6
2023-06-13,3862.6
2023-06-14,3860.6
2023-06-15,3924.2
2023-06-16,3931.2
2023-06-19,3901.4
2023-06-20,3893
2023-06-21,3833.8
2023-06-26,3792.8
2023-06-27,3817
2023-06-28,3822
2023-06-29,3805.4
2023-06-30,3827.4
2023-07-03,3871.8
2023-07-04,3880.8
2023-07-05,3849.6
2023-07-06,3821
2023-07-07,3806.2
2023-07-10,3825.4
2023-07-11,3853.2
2023-07-12,3832.2
2023-07-13,3897
2023-07-14,3894.8
2023-07-17,3860
2023-07-18,3855.8
2023-07-19,3854.8
2023-07-20,3824.8
2023-07-21,3834
2023-07-24,3812
2023-07-25,3926.4
2023-07-26,3915.2
2023-07-27,3910.4
2023-07-28,4009.2
2023-07-31,4024.6
2023-08-01,4008.6
2023-08-02,3976.8
2023-08-03,4009.4
2023-08-04,4027.6
2023-08-07,4005.6
2023-08-08,3988.4
2023-08-09,3983
2023-08-10,3979.2
2023-08-11,3882.2
2023-08-14,3856.8
2023-08-15,3851.4
2023-08-16,3821.2
2023-08-17,3846.6
2023-08-18,3789.4
2023-08-21,3734.8
2023-08-22,3761
2023-08-23,3705
2023-08-24,3730
2023-08-25,3720.6
2023-08-28,3757.2
2023-08-29,3796.4
2023-08-30,3794
2023-08-31,3776.8
2023-09-01,3796.8
2023-09-04,3857
2023-09-05,3826.2
2023-09-06,3817.2
2023-09-07,3761.2
2023-09-08,3739.4
2023-09-11,3770
2023-09-12,3766.6
2023-09-13,3739.6
2023-09-14,3737.6
2023-09-15,3726.6
2023-09-18,3743.8
2023-09-19,3736.4
2023-09-20,3720.2
2023-09-21,3684
2023-09-22,3763.2
2023-09-25,3731.4
2023-09-26,3712.6
2023-09-27,3721.6
2023-09-28,3701
2023-10-09,3690.6
2023-10-10,3663.2
2023-10-11,3671
2023-10-12,3710
2023-10-13,3671
2023-10-16,3628.8
2023-10-17,3640.6
2023-10-18,3613.2
2023-10-19,3536.6
2023-10-20,3521.6
2023-10-23,3470.8
2023-10-24,3485.2
2023-10-25,3505.8
2023-10-26,3519.2
2023-10-27,3573
2023-10-30,3588.2
2023-10-31,3580.6
2023-11-01,3577
2023-11-02,3559.2
2023-11-03,3588
2023-11-06,3638
2023-11-07,3626
2023-11-08,3613.6
2023-11-09,3618
2023-11-10,3587.8
2023-11-13,3585.6
2023-11-14,3585
2023-11-15,3610
2023-11-16,3577
2023-11-17,3571
2023-11-20,3582
2023-11-21,3589
2023-11-22,3548.6
2023-11-23,3571.6
2023-11-24,3542.4
2023-11-27,3517.2
2023-11-28,3523.2
2023-11-29,3497.4
2023-11-30,3502.6
2023-12-01,3484
2023-12-04,3458.4
2023-12-05,3380
2023-12-06,3391.4
2023-12-07,3387.6
2023-12-08,3395.6
2023-12-11,3418.6
2023-12-12,3427
2023-12-13,3368
2023-12-14,3352.4
2023-12-15,3342.6
2023-12-18,3335
2023-12-19,3341.8
2023-12-20,3309.6
2023-12-21,3342.4
2023-12-22,3348
2023-12-25,3356.2
2023-12-26,3333.4
2023-12-27,3342.2
2023-12-28,3432.2
2023-12-29,3439.4
2024-01-02,3388.2
2024-01-03,3383
2024-01-04,3350.2
2024-01-05,3334.2
2024-01-08,3279.6
2024-01-09,3292.4
2024-01-10,3278.2
2024-01-11,3297.6
2024-01-12,3286.4
2024-01-15,3280.2
2024-01-16,3301.4
2024-01-17,3222.4
2024-01-18,3249.2
2024-01-19,3242
2024-01-22,3179
2024-01-23,3212.2
2024-01-24,3264
2024-01-25,3334.2
2024-01-26,3327.6
2024-01-29,3294
2024-01-30,3237.4
2024-01-31,3212
2024-02-01,3213.6
2024-02-02,3165.4
2024-02-05,3171.2
2024-02-06,3303
2024-02-07,3316.6
2024-02-08,3353.6
2024-02-19,3373
2024-02-20,3387
2024-02-21,3455
2024-02-22,3484
2024-02-23,3487
2024-02-26,3445.4
2024-02-27,3497.4
2024-02-28,3456.8
2024-02-29,3515.4
2024-03-01,3540
2024-03-04,3531
2024-03-05,3545.6
2024-03-06,3545.2
2024-03-07,3526
2024-03-08,3541
2024-03-11,3590.2
2024-03-12,3598.4
2024-03-13,3577.8
2024-03-14,3566
2024-03-15,3574
2024-03-18,3607.8
2024-03-19,3582.4
2024-03-20,3585
2024-03-21,3584.2
2024-03-22,3540.2
2024-03-25,3532
2024-03-26,3542.8
2024-03-27,3504.8
2024-03-28,3521.8
2024-03-29,3539.2
2024-04-01,3600.4
2024-04-02,3589.6
2024-04-03,3574.6
2024-04-08,3541.8
2024-04-09,3536.4
2024-04-10,3508.6
2024-04-11,3508.8
2024-04-12,3472.4
2024-04-15,3546.4
2024-04-16,3514
2024-04-17,3563.4
2024-04-18,3569
2024-04-19,3542
2024-04-22,3535.6
2024-04-23,3509.6
2024-04-24,3523.6
2024-04-25,3533.4
2024-04-26,3587.6
2024-04-29,3631.6
2024-04-30,3610.2
2024-05-06,3656.2
2024-05-07,3658
2024-05-08,3628.6
2024-05-09,3663.6
2024-05-10,3665
2024-05-13,3661.6
2024-05-14,3655.6
2024-05-15,3629.6
2024-05-16,3623
2024-05-17,3669
2024-05-20,3675
2024-05-21,3662.2
2024-05-22,3666.4
2024-05-23,3629.2
2024-05-24,3589
2024-05-27,3617.4
2024-05-28,3596.4
2024-05-29,3596.2
2024-05-30,3586
2024-05-31,3571.8
2024-06-03,3572.6
2024-06-04,3597.6
2024-06-05,3584
2024-06-06,3584.4
2024-06-07,3558.8
2024-06-11,3536.6
2024-06-12,3531.2
2024-06-13,3517.6
2024-06-14,3533.6
2024-06-17,3527.6
2024-06-18,3537.2
2024-06-19,3527.6
2024-06-20,3505
2024-06-21,3463
2024-06-24,3450
2024-06-25,3427.8
2024-06-26,3447.2
2024-06-27,3430
2024-06-28,3435.4
2024-07-01,3448.6
2024-07-02,3444.6
2024-07-03,3438.2
2024-07-04,3419
2024-07-05,3404.8
2024-07-08,3379.2
2024-07-09,3418.2
2024-07-10,3412.4
2024-07-11,3455.8
2024-07-12,3461.6
2024-07-15,3461
2024-07-16,3485.8
2024-07-17,3493.2
2024-07-18,3515.2
2024-07-19,3510.2
2024-07-22,3492.4
2024-07-23,3429.8
2024-07-24,3402.4
2024-07-25,3380.6
2024-07-26,3397.4
2024-07-29,3382.2
2024-07-30,3359.6
2024-07-31,3444.4
2024-08-01,3417.2
2024-08-02,3379.6
2024-08-05,3342.8
2024-08-06,3336.2
2024-08-07,3332.6
2024-08-08,3339.4
2024-08-09,3325.4
2024-08-12,3325.8
2024-08-13,3330
2024-08-14,3304.2
2024-08-15,3339.8
2024-08-16,3335.2
2024-08-19,3348.2
2024-08-20,3320
2024-08-21,3312.4
2024-08-22,3301.8
2024-08-23,3321.8
2024-08-26,3320.8
2024-08-27,3304.2
2024-08-28,3281.4
2024-08-29,3275.2
2024-08-30,3322.4
2024-09-02,3259.8
2024-09-03,3267
2024-09-04,3250
2024-09-05,3254
2024-09-06,3226.6
2024-09-09,3189.2
2024-09-10,3188.2
2024-09-11,3183
2024-09-12,3174.8
2024-09-13,3158
2024-09-18,3171.6
2024-09-19,3198.4
2024-09-20,3193.6
2024-09-23,3206.8
2024-09-24,3359.8
2024-09-25,3404.6
2024-09-26,3588
2024-09-27,3827.8
2024-09-30,4160.6
2024-10-08,4261.2
2024-10-09,3934
2024-10-10,4010.8
2024-10-11,3904.4
2024-10-14,3963.2
2024-10-15,3852.2
2024-10-16,3832
2024-10-17,3784.4
2024-10-18,3934.4
2024-10-21,3942.4
2024-10-22,3968.8
2024-10-23,3982.8
2024-10-24,3937
2024-10-25,3958
2024-10-28,3972.2
2024-10-29,3940
2024-10-30,3896
2024-10-31,3893
2024-11-01,3905
2024-11-04,3959
2024-11-05,4068
2024-11-06,4040.8
2024-11-07,4183.8
2024-11-08,4112.2
2024-11-11,4133.2
2024-11-12,4083.8
2024-11-13,4112.8
2024-11-14,4041.8
2024-11-15,3975.2
2024-11-18,3954.6
2024-11-19,3973.2
2024-11-20,3980
2024-11-21,3989.2
2024-11-22,3860.8
2024-11-25,3839
2024-11-26,3836
2024-11-27,3901.4
2024-11-28,3872.4
2024-11-29,3911
2024-12-02,3942
2024-12-03,3945.6
2024-12-04,3924.8
2024-12-05,3918.6
2024-12-06,3968
2024-12-09,3963.4
2024-12-10,4000.4
2024-12-11,3994
2024-12-12,4038.8
2024-12-13,3935
2024-12-16,3911.4
2024-12-17,3922.4
2024-12-18,3940.2
2024-12-19,3944.8
2024-12-20,3936
2024-12-23,3937.4
2024-12-24,3988.8
2024-12-25,3986.8
2024-12-26,3990.4
2024-12-27,3987
2024-12-30,4003.4
2024-12-31,3921
2025-01-02,3817.8
2025-01-03,3779
2025-01-06,3762
2025-01-07,3789.6
2025-01-08,3781.2
2025-01-09,3772.2
2025-01-10,3728
2025-01-13,3724
2025-01-14,3816.8
2025-01-15,3794.6
2025-01-16,3792.2
2025-01-17,3807.2
2025-01-20,3827
2025-01-21,3831.6
2025-01-22,3790.8
2025-01-23,3798.6
2025-01-24,3843.8
2025-01-27,3795
2025-02-05,3788.8
2025-02-06,3841.6
2025-02-07,3897.8
2025-02-10,3899
2025-02-11,3883.2
2025-02-12,3918.4
2025-02-13,3910
2025-02-14,3944.4
2025-02-17,3948.2
2025-02-18,3918.2
2025-02-19,3939.4
2025-02-20,3926.8
2025-02-21,3981.6
2025-02-24,3967.2
2025-02-25,3928.6
2025-02-26,3957.2
2025-02-27,3973.6
2025-02-28,3899.8
2025-03-03,3886.6
2025-03-04,3882.2
2025-03-05,3894.6
2025-03-06,3954.2
2025-03-07,3943.8
2025-03-10,3917.8
2025-03-11,3930
2025-03-12,3923.2
2025-03-13,3904.8
2025-03-14,4012.8
2025-03-17,3996
2025-03-18,4005.6
2025-03-19,4013.2
2025-03-20,3977.6
2025-03-21,3882.8
2025-03-24,3900.2
2025-03-25,3904.4
2025-03-26,3891.8
2025-03-27,3904.6
2025-03-28,3884
2025-03-31,3858.6
2025-04-01,3859.6
2025-04-02,3857.6
2025-04-03,3837
2025-04-07,3452.6
2025-04-08,3543.8
2025-04-09,3614
2025-04-10,3673
2025-04-11,3686.6
2025-04-14,3694.8
2025-04-15,3690.4
2025-04-16,3690.8
2025-04-17,3710.6
2025-04-18,3708.8
2025-04-21,3733.2
2025-04-22,3733
2025-04-23,3734
2025-04-24,3736.8
2025-04-25,3739.2
2025-04-28,3730.6
2025-04-29,3724.8
2025-04-30,3716.2
2025-05-06,3766.2
2025-05-07,3785
2025-05-08,3816
2025-05-09,3808.6
2025-05-12,3853
2025-05-13,3851
2025-05-14,3907.4
2025-05-15,3872.8
2025-05-16,3846
2025-05-19,3843.2
2025-05-20,3865.4
2025-05-21,3881.2
2025-05-22,3879.6
2025-05-23,3846.2
2025-05-26,3831.2
2025-05-27,3809.2
2025-05-28,3805
2025-05-29,3832.8
2025-05-30,3822.4
2025-06-03,3824.8
2025-06-04,3842.4
2025-06-05,3852
2025-06-06,3855.4
2025-06-09,3867.8
2025-06-10,3841
2025-06-11,3878.8
2025-06-12,3883.6
2025-06-13,3856.4
2025-06-16,3869.8
2025-06-17,3868.6
2025-06-18,3872.2
2025-06-19,3840.4
2025-06-20,3773.6
2025-06-23,3797.4
2025-06-24,3852.4
2025-06-25,3922.8
2025-06-26,3904.2
2025-06-27,3876.6
2025-06-30,3885.8
2025-07-01,3886
2025-07-02,3894.2
2025-07-03,3918
2025-07-04,3936
2025-07-07,3918
2025-07-08,3958.6
2025-07-09,3952.8
2025-07-10,3972
2025-07-11,3993.4
2025-07-14,3985.8
2025-07-15,3980.6
2025-07-16,3971
2025-07-17,4011.8
2025-07-18,4041.8
2025-07-21,4064.8
2025-07-22,4109.8
2025-07-23,4109.2
2025-07-24,4141.2
2025-07-25,4116
2025-07-28,4122
2025-07-29,4141.4
2025-07-30,4136.4
2025-07-31,4057
2025-08-01,4029.6
2025-08-04,4052.8
2025-08-05,4082
2025-08-06,4097
2025-08-07,4092.6
2025-08-08,4083.2
2025-08-11,4104.8
2025-08-12,4131.2
2025-08-13,4170.8
2025-08-14,4163.8
2025-08-15,4209.4
2025-08-18,4237.8
2025-08-19,4216.2
2025-08-20,4270
2025-08-21,4282.2
2025-08-22,4394
2025-08-25,4474.6
2025-08-26,4449
2025-08-27,4384
2025-08-28,4460.4
2025-08-29,4506.2
2025-09-01,4510.6
2025-09-02,4481.2
2025-09-03,4430
2025-09-04,4349.4
2025-09-05,4456.6
2025-09-08,4453
2025-09-09,4426.2
2025-09-10,4432.4
2025-09-11,4562
2025-09-12,4523.2
2025-09-15,4527.8
2025-09-16,4516.8
2025-09-17,4553.2
2025-09-18,4487.2
2025-09-19,4464.4
2025-09-22,4484
2025-09-23,4483.8
2025-09-24,4530
2025-09-25,4562.2
2025-09-26,4525
2025-09-29,4604.6
2025-09-30,4618
2025-10-09,4689.2
2025-10-10,4592.2
2025-10-13,4562.6
2025-10-14,4507.2
2025-10-15,4576.4
2025-10-16,4590
2025-10-17,4485.2
2025-10-20,4506.8
2025-10-21,4577.6
2025-10-22,4563.4
2025-10-23,4580.8
2025-10-24,4634.8
2025-10-27,4684.4
2025-10-28,4669.6
2025-10-29,4732.6
2025-10-30,4690
2025-10-31,4631.4
2025-11-03,4634.8
2025-11-04,4589
2025-11-05,4596.6
2025-11-06,4670.8
2025-11-07,4659.4
2025-11-10,4672
2025-11-11,4626.8
2025-11-12,4628
2025-11-13,4677
2025-11-14,4600.4
2025-11-17,4581.4
2025-11-18,4555
2025-11-19,4565.2
2025-11-20,4539.2
2025-11-21,4428.4
2025-11-24,4435.2
2025-11-25,4473
2025-11-26,4493
2025-11-27,4492.6
2025-11-28,4505.8
2025-12-01,4555.4
2025-12-02,4535.8
2025-12-03,4518.2
2025-12-04,4530.6
2025-12-05,4574.4
2025-12-08,4613.2
2025-12-09,4583.2
2025-12-10,4574.2
2025-12-11,4539.6
2025-12-12,4574
2025-12-15,4545.6
2025-12-16,4499.4
2025-12-17,4578.2
2025-12-18,4550.4
2025-12-19,4527
2025-12-22,4564.8
2025-12-23,4571.4
2025-12-24,4595
2025-12-25,4610.6
2025-12-26,4638.4
2025-12-29,4610.2
2025-12-30,4622.2
2025-12-31,4599.8
2026-01-05,4697
2026-01-06,4778
2026-01-07,4753
2026-01-08,4718.4
2026-01-09,4743.8
2026-01-12,4774
2026-01-13,4758.6
