时间,市盈率:沪深300指数
2011-07-14,18.27
2011-07-19,18.06
2011-07-20,18.13
2011-07-21,17.94
2011-08-15,17.21
2011-08-16,17.09
2011-08-17,17.02
2011-08-18,16.72
2011-08-19,16.57
2011-08-22,16.39
2011-08-23,16.66
2011-08-24,16.59
2011-08-25,17.17
2011-08-26,17.16
2011-08-29,16.87
2011-08-30,16.81
2011-08-31,16.84
2011-09-01,16.77
2011-09-02,16.59
2011-09-05,16.23
2011-09-06,16.11
2011-09-07,16.44
2011-09-08,16.3
2011-09-09,16.27
2011-09-13,16.09
2011-09-14,16.17
2011-09-15,16.14
2011-09-16,16.17
2011-09-19,15.85
2011-09-20,15.91
2011-09-21,16.39
2011-09-22,15.88
2011-09-23,15.79
2011-09-26,15.44
2011-09-27,15.6
2011-09-28,15.44
2011-09-29,15.31
2011-09-30,15.25
2011-10-10,15.11
2011-10-11,15.09
2011-10-12,15.64
2011-10-13,15.78
2011-10-14,15.73
2011-10-17,15.81
2011-10-18,15.37
2011-10-19,15.31
2011-10-20,14.94
2011-10-21,14.86
2011-10-24,15.27
2011-10-25,15.56
2011-10-26,15.72
2011-10-27,15.75
2011-10-28,16.06
2011-10-31,15.98
2011-11-01,15.98
2011-11-02,16.24
2011-11-03,16.27
2011-11-04,16.39
2011-11-07,16.23
2011-11-08,16.19
2011-11-09,16.33
2011-11-10,16.02
2011-11-11,15.99
2011-11-14,16.32
2011-11-15,16.29
2011-11-16,15.85
2011-11-17,15.8
2011-11-18,15.47
2011-11-21,15.49
2011-11-22,15.49
2011-11-23,15.34
2011-11-24,15.37
2011-11-25,15.25
2011-11-28,15.28
2011-11-29,15.48
2011-11-30,14.97
2011-12-01,15.34
2011-12-02,15.2
2011-12-05,14.99
2011-12-06,14.96
2011-12-07,15.03
2011-12-08,15.01
2011-12-09,14.89
2011-12-12,14.73
2011-12-13,14.4
2011-12-14,14.26
2011-12-15,13.92
2011-12-16,14.22
2011-12-19,14.18
2011-12-20,14.14
2011-12-21,13.91
2011-12-22,13.93
2011-12-23,14.04
2011-12-26,13.89
2011-12-27,13.71
2011-12-28,13.73
2011-12-29,13.75
2011-12-30,13.96
2012-01-04,13.84
2012-01-05,13.7
2012-01-06,13.79
2012-01-09,14.26
2012-01-10,14.73
2012-01-11,14.66
2012-01-12,14.66
2012-01-13,14.41
2012-01-16,14.12
2012-01-17,14.81
2012-01-18,14.58
2012-01-19,14.86
2012-01-20,15.07
2012-01-30,14.81
2012-01-31,14.86
2012-02-01,14.65
2012-02-02,15
2012-02-03,15.11
2012-02-06,15.1
2012-02-07,14.82
2012-02-08,15.25
2012-02-09,15.25
2012-02-10,15.29
2012-02-13,15.28
2012-02-14,15.22
2012-02-15,15.39
2012-02-16,15.31
2012-02-17,15.31
2012-02-20,15.34
2012-02-21,15.46
2012-02-22,15.68
2012-02-23,15.73
2012-02-24,15.99
2012-02-27,16.04
2012-02-28,16.08
2012-02-29,15.92
2012-03-01,15.92
2012-03-02,16.2
2012-03-05,16.1
2012-03-06,15.84
2012-03-07,15.74
2012-03-08,15.94
2012-03-09,16.11
2012-03-12,16.05
2012-03-13,16.19
2012-03-14,15.76
2012-03-15,15.64
2012-03-16,15.87
2012-03-19,15.91
2012-03-20,15.64
2012-03-21,15.65
2012-03-22,15.64
2012-03-23,15.45
2012-03-26,15.47
2012-03-27,15.42
2012-03-28,14.99
2012-03-29,14.83
2012-03-30,14.9
2012-04-05,15.29
2012-04-06,15.33
2012-04-09,15.18
2012-04-10,15.33
2012-04-11,15.33
2012-04-12,15.64
2012-04-13,15.7
2012-04-16,15.66
2012-04-17,15.46
2012-04-18,15.81
2012-04-19,15.79
2012-04-20,15.98
2012-04-23,15.85
2012-04-24,15.85
2012-04-25,15.98
2012-04-26,16.01
2012-04-27,15.98
2012-05-02,13.45
2012-05-03,13.58
2012-05-04,13.62
2012-05-07,13.71
2012-05-08,13.66
2012-05-09,13.41
2012-05-10,13.4
2012-05-11,13.3
2012-05-14,13.19
2012-05-15,13.2
2012-05-16,12.99
2012-05-17,13.19
2012-05-18,12.98
2012-05-21,13.05
2012-05-22,13.25
2012-05-23,13.2
2012-05-24,13.09
2012-05-25,12.98
2012-05-28,13.19
2012-05-29,13.37
2012-05-30,13.33
2012-05-31,13.27
2012-06-01,13.28
2012-06-04,12.91
2012-06-05,12.91
2012-06-06,12.91
2012-06-07,12.81
2012-06-08,12.74
2012-06-11,12.91
2012-06-12,12.82
2012-06-13,13.02
2012-06-14,12.92
2012-06-15,12.96
2012-06-18,12.99
2012-06-19,12.91
2012-06-20,12.88
2012-06-21,12.68
2012-06-25,12.39
2012-06-26,12.39
2012-06-27,12.35
2012-06-28,12.25
2012-06-29,12.43
2012-07-02,12.63
2012-07-03,12.65
2012-07-04,12.63
2012-07-05,12.45
2012-07-06,12.67
2012-07-09,12.38
2012-07-10,12.34
2012-07-11,12.4
2012-07-12,12.55
2012-07-13,12.56
2012-07-16,12.29
2012-07-17,12.38
2012-07-18,12.38
2012-07-19,12.43
2012-07-20,12.3
2012-07-23,12.12
2012-07-24,12.18
2012-07-25,12.1
2012-07-26,12.03
2012-07-27,12.04
2012-07-30,11.98
2012-07-31,11.97
2012-08-01,12.1
2012-08-02,11.98
2012-08-03,12.08
2012-08-06,12.24
2012-08-07,12.26
2012-08-08,12.26
2012-08-09,12.38
2012-08-10,12.31
2012-08-13,12.07
2012-08-14,12.1
2012-08-15,11.97
2012-08-16,11.91
2012-08-17,11.88
2012-08-20,11.82
2012-08-21,11.88
2012-08-22,11.79
2012-08-23,11.82
2012-08-24,11.69
2012-08-27,11.44
2012-08-28,11.54
2012-08-29,11.46
2012-08-30,11.45
2012-08-31,11.41
2012-09-03,11.54
2012-09-04,11.41
2012-09-05,11.39
2012-09-06,11.48
2012-09-07,11.99
2012-09-10,12.04
2012-09-11,11.97
2012-09-12,12.01
2012-09-13,11.9
2012-09-14,11.99
2012-09-17,11.69
2012-09-18,11.57
2012-09-19,11.63
2012-09-20,11.37
2012-09-21,11.38
2012-09-24,11.47
2012-09-25,11.44
2012-09-26,11.31
2012-09-27,11.66
2012-09-28,11.87
2012-10-08,11.75
2012-10-09,12.01
2012-10-10,12.03
2012-10-11,11.92
2012-10-12,11.93
2012-10-15,11.88
2012-10-16,11.89
2012-10-17,11.91
2012-10-18,12.09
2012-10-19,12.07
2012-10-22,12.12
2012-10-23,11.97
2012-10-24,11.94
2012-10-25,11.85
2012-10-26,11.63
2012-10-29,11.57
2012-10-30,11.59
2012-10-31,11.67
2012-11-01,11.89
2012-11-02,11.94
2012-11-05,11.91
2012-11-06,11.86
2012-11-07,11.84
2012-11-08,11.62
2012-11-09,11.6
2012-11-12,11.66
2012-11-13,11.45
2012-11-14,11.51
2012-11-15,11.36
2012-11-16,11.27
2012-11-19,11.26
2012-11-20,11.21
2012-11-21,11.36
2012-11-22,11.28
2012-11-23,11.35
2012-11-26,11.27
2012-11-27,11.14
2012-11-28,11.02
2012-11-29,10.96
2012-11-30,11.08
2012-12-03,10.92
2012-12-04,11.04
2012-12-05,11.43
2012-12-06,11.41
2012-12-07,11.64
2012-12-10,11.76
2012-12-11,11.7
2012-12-12,11.75
2012-12-13,11.62
2012-12-14,12.2
2012-12-17,12.26
2012-12-18,12.27
2012-12-19,12.28
2012-12-20,12.36
2012-12-21,12.29
2012-12-24,12.34
2012-12-25,12.68
2012-12-26,12.73
2012-12-27,12.66
2012-12-28,12.85
2012-12-31,13.07
2013-01-04,13.25
2013-01-07,13.31
2013-01-08,13.26
2013-01-09,13.26
2013-01-10,13.28
2013-01-11,13.12
2013-01-14,13.63
2013-01-15,13.72
2013-01-16,13.63
2013-01-17,13.5
2013-01-18,13.73
2013-01-21,13.81
2013-01-22,13.74
2013-01-23,13.79
2013-01-24,13.66
2013-01-25,13.6
2013-01-28,14.03
2013-01-29,14.16
2013-01-30,14.22
2013-01-31,14.21
2013-02-01,14.51
2013-02-04,14.55
2013-02-05,14.67
2013-02-06,14.7
2013-02-07,14.61
2013-02-08,14.67
2013-02-18,14.49
2013-02-19,14.22
2013-02-20,14.31
2013-02-21,13.82
2013-02-22,13.75
2013-02-25,13.79
2013-02-26,13.59
2013-02-27,13.74
2013-02-28,14.15
2013-03-01,14.13
2013-03-04,13.48
2013-03-05,13.89
2013-03-06,14.04
2013-03-07,13.87
2013-03-08,13.81
2013-03-11,13.73
2013-03-12,13.53
2013-03-13,13.38
2013-03-14,13.42
2013-03-15,13.45
2013-03-18,13.25
2013-03-19,13.37
2013-03-20,13.82
2013-03-21,13.85
2013-03-22,13.86
2013-03-25,13.84
2013-03-26,13.63
2013-03-27,13.68
2013-03-28,13.23
2013-03-29,13.21
2013-04-01,13.21
2013-04-02,13.17
2013-04-03,13.16
2013-04-08,13.1
2013-04-09,13.19
2013-04-10,13.17
2013-04-11,13.13
2013-04-12,13.04
2013-04-15,12.91
2013-04-16,13.03
2013-04-17,13.02
2013-04-18,13.06
2013-04-19,13.42
2013-04-22,13.4
2013-04-23,12.97
2013-04-24,13.22
2013-04-25,13.07
2013-04-26,12.96
2013-05-02,12.03
2013-05-03,12.22
2013-05-06,12.39
2013-05-07,12.41
2013-05-08,12.47
2013-05-09,12.4
2013-05-10,12.46
2013-05-13,12.41
2013-05-14,12.23
2013-05-15,12.27
2013-05-16,12.49
2013-05-17,12.69
2013-05-20,12.75
2013-05-21,12.78
2013-05-22,12.74
2013-05-23,12.57
2013-05-24,12.64
2013-05-27,12.65
2013-05-28,12.85
2013-05-29,12.83
2013-05-30,12.8
2013-05-31,12.65
2013-06-03,12.62
2013-06-04,12.44
2013-06-05,12.41
2013-06-06,12.25
2013-06-07,12.02
2013-06-13,11.62
2013-06-14,11.7
2013-06-17,11.63
2013-06-18,11.71
2013-06-19,11.58
2013-06-20,11.09
2013-06-21,11.08
2013-06-24,10.37
2013-06-25,10.34
2013-06-26,10.35
2013-06-27,10.32
2013-06-28,10.52
2013-07-01,11.03
2013-07-02,11.07
2013-07-03,10.71
2013-07-04,10.8
2013-07-05,10.82
2013-07-08,10.51
2013-07-09,10.5
2013-07-10,10.79
2013-07-11,11.29
2013-07-12,11.04
2013-07-15,11.2
2013-07-16,11.25
2013-07-17,11.07
2013-07-18,10.89
2013-07-19,10.62
2013-07-22,10.68
2013-07-23,10.99
2013-07-24,10.85
2013-07-25,10.8
2013-07-26,10.73
2013-07-29,10.5
2013-07-30,10.57
2013-07-31,10.58
2013-08-01,11.19
2013-08-02,11.2
2013-08-05,11.35
2013-08-06,11.42
2013-08-07,11.36
2013-08-08,11.34
2013-08-09,11.38
2013-08-12,11.72
2013-08-13,11.75
2013-08-14,11.7
2013-08-15,11.55
2013-08-16,11.47
2013-08-19,11.6
2013-08-20,11.5
2013-08-21,11.48
2013-08-22,11.46
2013-08-23,11.38
2013-08-26,11.62
2013-08-27,11.64
2013-08-28,11.58
2013-08-29,11.53
2013-08-30,11.51
2013-09-02,11.56
2013-09-03,11.73
2013-09-04,11.71
2013-09-05,11.58
2013-09-06,11.66
2013-09-09,12.07
2013-09-10,12.24
2013-09-11,12.28
2013-09-12,12.41
2013-09-13,12.32
2013-09-16,12.26
2013-09-17,12.01
2013-09-18,12.03
2013-09-23,12.38
2013-09-24,12.24
2013-09-25,12.16
2013-09-26,11.94
2013-09-27,11.99
2013-09-30,12.06
2013-10-08,12.22
2013-10-09,12.26
2013-10-10,12.12
2013-10-11,12.32
2013-10-14,12.33
2013-10-15,12.31
2013-10-16,12.08
2013-10-17,12.04
2013-10-18,12.11
2013-10-21,12.33
2013-10-22,12.2
2013-10-23,12.07
2013-10-24,11.99
2013-10-25,11.84
2013-10-28,11.82
2013-10-29,11.86
2013-10-30,12.03
2013-10-31,11.87
2013-11-01,11.92
2013-11-04,11.9
2013-11-05,11.91
2013-11-06,11.76
2013-11-07,11.7
2013-11-08,11.53
2013-11-11,11.58
2013-11-12,11.7
2013-11-13,11.44
2013-11-14,11.52
2013-11-15,11.75
2013-11-18,12.14
2013-11-19,12.06
2013-11-20,12.12
2013-11-21,12.04
2013-11-22,11.98
2013-11-25,11.94
2013-11-26,11.93
2013-11-27,12.07
2013-11-28,12.2
2013-11-29,12.19
2013-12-02,12.1
2013-12-03,12.21
2013-12-04,12.38
2013-12-05,12.34
2013-12-06,12.27
2013-12-09,12.26
2013-12-10,12.27
2013-12-11,12.07
2013-12-12,12.05
2013-12-13,12.04
2013-12-16,12.2
2013-12-17,12.14
2013-12-18,12.15
2013-12-19,12.08
2013-12-20,11.8
2013-12-23,11.83
2013-12-24,11.85
2013-12-25,11.94
2013-12-26,11.74
2013-12-27,11.94
2013-12-30,11.92
2013-12-31,12.08
2014-01-02,12.07
2014-01-03,11.9
2014-01-06,11.63
2014-01-07,11.63
2014-01-08,11.65
2014-01-09,11.54
2014-01-10,11.45
2014-01-13,11.39
2014-01-14,11.49
2014-01-15,11.47
2014-01-16,11.49
2014-01-17,11.35
2014-01-20,11.28
2014-01-21,11.39
2014-01-22,11.69
2014-01-23,11.62
2014-01-24,11.69
2014-01-27,11.55
2014-01-28,11.57
2014-01-29,11.61
2014-01-30,11.48
2014-02-07,11.53
2014-02-10,11.82
2014-02-11,11.91
2014-02-12,11.94
2014-02-13,11.88
2014-02-14,11.97
2014-02-17,12.05
2014-02-18,11.9
2014-02-19,12.03
2014-02-20,11.92
2014-02-21,11.8
2014-02-24,11.54
2014-02-25,11.25
2014-02-26,11.28
2014-02-27,11.23
2014-02-28,11.36
2014-03-03,11.41
2014-03-04,11.38
2014-03-05,11.27
2014-03-06,11.33
2014-03-07,11.3
2014-03-10,10.94
2014-03-11,10.99
2014-03-12,11.02
2014-03-13,11.16
2014-03-14,11.07
2014-03-17,11.17
2014-03-18,11.15
2014-03-19,11.06
2014-03-20,10.88
2014-03-21,11.26
2014-03-24,11.35
2014-03-25,11.34
2014-03-26,11.32
2014-03-27,11.24
2014-03-28,11.23
2014-03-31,11.2
2014-04-01,11.29
2014-04-02,11.38
2014-04-03,11.3
2014-04-04,11.41
2014-04-08,11.69
2014-04-09,11.69
2014-04-10,11.88
2014-04-11,11.87
2014-04-14,11.85
2014-04-15,11.65
2014-04-16,11.67
2014-04-17,11.62
2014-04-18,11.62
2014-04-21,11.43
2014-04-22,11.48
2014-04-23,11.47
2014-04-24,11.45
2014-04-25,11.33
2014-04-28,11.16
2014-04-29,11.28
2014-04-30,11.23
2014-05-05,10.04
2014-05-06,10.05
2014-05-07,9.95
2014-05-08,9.94
2014-05-09,9.94
2014-05-12,10.15
2014-05-13,10.13
2014-05-14,10.11
2014-05-15,9.98
2014-05-16,9.99
2014-05-19,9.85
2014-05-20,9.85
2014-05-21,9.94
2014-05-22,9.92
2014-05-23,10
2014-05-26,10.04
2014-05-27,10
2014-05-28,10.11
2014-05-29,10.04
2014-05-30,10.05
2014-06-03,10.02
2014-06-04,9.92
2014-06-05,10.02
2014-06-06,9.95
2014-06-09,9.95
2014-06-10,10.07
2014-06-11,10.07
2014-06-12,10.04
2014-06-13,10.15
2014-06-16,10.5
2014-06-17,10.39
2014-06-18,10.35
2014-06-19,10.19
2014-06-20,10.24
2014-06-23,10.22
2014-06-24,10.27
2014-06-25,10.22
2014-06-26,10.29
2014-06-27,10.3
2014-06-30,10.37
2014-07-01,10.37
2014-07-02,10.4
2014-07-03,10.44
2014-07-04,10.44
2014-07-07,10.43
2014-07-08,10.45
2014-07-09,10.29
2014-07-10,10.26
2014-07-11,10.29
2014-07-14,10.4
2014-07-15,10.42
2014-07-16,10.4
2014-07-17,10.33
2014-07-18,10.37
2014-07-21,10.38
2014-07-22,10.51
2014-07-23,10.54
2014-07-24,10.73
2014-07-25,10.84
2014-07-28,11.14
2014-07-29,11.18
2014-07-30,11.14
2014-07-31,11.27
2014-08-01,11.17
2014-08-04,11.39
2014-08-05,11.36
2014-08-06,11.33
2014-08-07,11.16
2014-08-08,11.17
2014-08-11,11.34
2014-08-12,11.3
2014-08-13,11.31
2014-08-14,11.2
2014-08-15,11.32
2014-08-18,11.39
2014-08-19,11.39
2014-08-20,11.35
2014-08-21,11.29
2014-08-22,11.34
2014-08-25,11.23
2014-08-26,11.15
2014-08-27,11.16
2014-08-28,11.09
2014-08-29,11.22
2014-09-01,11.3
2014-09-02,11.45
2014-09-03,11.55
2014-09-04,11.64
2014-09-05,11.75
2014-09-09,11.73
2014-09-10,11.67
2014-09-11,11.63
2014-09-12,11.7
2014-09-15,11.69
2014-09-16,11.46
2014-09-17,11.52
2014-09-18,11.56
2014-09-19,11.63
2014-09-22,11.42
2014-09-23,11.52
2014-09-24,11.72
2014-09-25,11.7
2014-09-26,11.7
2014-09-29,11.75
2014-09-30,11.76
2014-10-08,11.9
2014-10-09,11.91
2014-10-10,11.84
2014-10-13,11.79
2014-10-14,11.74
2014-10-15,11.83
2014-10-16,11.73
2014-10-17,11.72
2014-10-20,11.78
2014-10-21,11.68
2014-10-22,11.61
2014-10-23,11.51
2014-10-24,11.48
2014-10-27,11.37
2014-10-28,11.6
2014-10-29,11.77
2014-10-30,11.85
2014-10-31,12.04
2014-11-03,12.06
2014-11-04,12.06
2014-11-05,12.02
2014-11-06,12.03
2014-11-07,12.01
2014-11-10,12.32
2014-11-11,12.29
2014-11-12,12.46
2014-11-13,12.39
2014-11-14,12.39
2014-11-17,12.33
2014-11-18,12.2
2014-11-19,12.18
2014-11-20,12.18
2014-11-21,12.41
2014-11-24,12.73
2014-11-25,12.9
2014-11-26,13.08
2014-11-27,13.23
2014-11-28,13.49
2014-12-01,13.55
2014-12-02,14.05
2014-12-03,14.26
2014-12-04,14.91
2014-12-05,15.01
2014-12-08,15.63
2014-12-09,14.93
2014-12-10,15.48
2014-12-11,15.33
2014-12-12,15.38
2014-12-15,16
2014-12-16,16.42
2014-12-17,16.71
2014-12-18,16.63
2014-12-19,16.82
2014-12-22,16.88
2014-12-23,16.53
2014-12-24,16.06
2014-12-25,16.59
2014-12-26,17.14
2014-12-29,17.19
2014-12-30,17.21
2014-12-31,17.59
2015-01-05,18.13
2015-01-06,18.13
2015-01-07,18.16
2015-01-08,17.74
2015-01-09,17.67
2015-01-12,17.51
2015-01-13,17.51
2015-01-14,17.52
2015-01-15,18.02
2015-01-16,18.18
2015-01-19,16.78
2015-01-20,16.98
2015-01-21,17.75
2015-01-22,17.84
2015-01-23,17.86
2015-01-26,18.08
2015-01-27,17.92
2015-01-28,17.67
2015-01-29,17.45
2015-01-30,17.21
2015-02-02,16.8
2015-02-03,17.22
2015-02-04,17.04
2015-02-05,16.87
2015-02-06,16.6
2015-02-09,16.77
2015-02-10,17.08
2015-02-11,17.21
2015-02-12,17.26
2015-02-13,17.4
2015-02-16,17.55
2015-02-17,17.67
2015-02-25,17.46
2015-02-26,17.92
2015-02-27,17.95
2015-03-02,18.09
2015-03-03,17.63
2015-03-04,17.74
2015-03-05,17.56
2015-03-06,17.47
2015-03-09,17.77
2015-03-10,17.69
2015-03-11,17.51
2015-03-12,17.86
2015-03-13,17.98
2015-03-16,18.42
2015-03-17,18.67
2015-03-18,19.13
2015-03-19,19.09
2015-03-20,19.36
2015-03-23,19.76
2015-03-24,19.76
2015-03-25,19.59
2015-03-26,19.64
2015-03-27,19.75
2015-03-30,20.33
2015-03-31,20.15
2015-04-01,20.51
2015-04-02,20.51
2015-04-03,20.74
2015-04-07,21.18
2015-04-08,21.37
2015-04-09,21.2
2015-04-10,21.6
2015-04-13,22.02
2015-04-14,22.1
2015-04-15,21.81
2015-04-16,22.46
2015-04-17,22.87
2015-04-20,22.5
2015-04-21,22.98
2015-04-22,23.59
2015-04-23,23.6
2015-04-24,23.4
2015-04-27,23.92
2015-04-28,23.59
2015-04-29,23.75
2015-04-30,23.63
2015-05-04,20.78
2015-05-05,19.95
2015-05-06,19.77
2015-05-07,19.41
2015-05-08,19.79
2015-05-11,20.35
2015-05-12,20.59
2015-05-13,20.55
2015-05-14,20.46
2015-05-15,20.09
2015-05-18,19.91
2015-05-19,20.6
2015-05-20,20.64
2015-05-21,21.09
2015-05-22,21.56
2015-05-25,22.19
2015-05-26,22.61
2015-05-27,22.53
2015-05-28,20.87
2015-05-29,20.92
2015-06-01,21.93
2015-06-02,22.3
2015-06-03,22.21
2015-06-04,22.35
2015-06-05,22.56
2015-06-08,23.09
2015-06-09,22.91
2015-06-10,22.77
2015-06-11,22.75
2015-06-12,22.86
2015-06-15,23.13
2015-06-16,22.38
2015-06-17,22.71
2015-06-18,21.76
2015-06-19,20.46
2015-06-23,21.12
2015-06-24,21.53
2015-06-25,20.75
2015-06-26,19.04
2015-06-29,18.2
2015-06-30,19.44
2015-07-01,18.49
2015-07-02,17.87
2015-07-03,16.59
2015-07-06,17.08
2015-07-07,16.79
2015-07-08,15.61
2015-07-09,16.61
2015-07-10,17.5
2015-07-13,17.94
2015-07-14,17.52
2015-07-15,16.88
2015-07-16,16.94
2015-07-17,17.48
2015-07-20,17.51
2015-07-21,17.54
2015-07-22,17.48
2015-07-23,17.87
2015-07-24,17.56
2015-07-27,15.47
2015-07-28,15.44
2015-07-29,15.92
2015-07-30,15.45
2015-07-31,15.46
2015-08-03,15.51
2015-08-04,15.99
2015-08-05,15.66
2015-08-06,15.52
2015-08-07,15.82
2015-08-10,16.54
2015-08-11,16.46
2015-08-12,16.26
2015-08-13,16.5
2015-08-14,16.49
2015-08-17,16.5
2015-08-18,15.48
2015-08-19,15.72
2015-08-20,15.15
2015-08-21,14.46
2015-08-24,13.2
2015-08-25,12.27
2015-08-26,12.21
2015-08-27,12.93
2015-08-28,13.48
2015-08-31,13.58
2015-09-01,15.23
2015-09-02,15.25
2015-09-07,14.73
2015-09-08,15.1
2015-09-09,15.4
2015-09-10,15.21
2015-09-11,15.16
2015-09-14,14.87
2015-09-15,14.28
2015-09-16,14.93
2015-09-17,14.6
2015-09-18,14.66
2015-09-21,14.92
2015-09-22,15.05
2015-09-23,14.7
2015-09-24,14.79
2015-09-25,14.55
2015-09-28,14.6
2015-09-29,14.3
2015-09-30,14.4
2015-10-08,14.82
2015-10-09,15.01
2015-10-12,15.49
2015-10-13,15.43
2015-10-14,15.25
2015-10-15,15.61
2015-10-16,15.82
2015-10-19,15.82
2015-10-20,16.02
2015-10-21,15.55
2015-10-22,15.77
2015-10-23,15.98
2015-10-26,16.06
2015-10-27,16.08
2015-10-28,15.77
2015-10-29,15.81
2015-10-30,15.82
2015-11-02,15.76
2015-11-03,15.71
2015-11-04,16.45
2015-11-05,16.79
2015-11-06,17.19
2015-11-09,17.4
2015-11-10,17.37
2015-11-11,17.37
2015-11-12,17.2
2015-11-13,16.96
2015-11-16,17.04
2015-11-17,17.01
2015-11-18,16.82
2015-11-19,17.09
2015-11-20,17.09
2015-11-23,17
2015-11-24,17
2015-11-25,17.13
2015-11-26,17.02
2015-11-27,16.11
2015-11-30,16.16
2015-12-01,16.27
2015-12-02,16.86
2015-12-03,16.99
2015-12-04,16.66
2015-12-07,16.71
2015-12-08,16.42
2015-12-09,16.48
2015-12-10,16.42
2015-12-11,16.35
2015-12-14,17.33
2015-12-15,17.25
2015-12-16,17.2
2015-12-17,17.53
2015-12-18,17.57
2015-12-21,18.03
2015-12-22,18.08
2015-12-23,18.03
2015-12-24,17.86
2015-12-25,17.9
2015-12-28,17.38
2015-12-29,17.54
2015-12-30,17.54
2015-12-31,17.4
2016-01-04,16.18
2016-01-05,16.22
2016-01-06,16.5
2016-01-07,15.37
2016-01-08,15.68
2016-01-11,14.9
2016-01-12,15.01
2016-01-13,14.73
2016-01-14,15.03
2016-01-15,14.55
2016-01-18,14.61
2016-01-19,15.04
2016-01-20,14.81
2016-01-21,14.38
2016-01-22,14.52
2016-01-25,14.6
2016-01-26,13.72
2016-01-27,13.68
2016-01-28,13.32
2016-01-29,13.75
2016-02-01,13.55
2016-02-02,13.82
2016-02-03,13.76
2016-02-04,13.93
2016-02-05,13.84
2016-02-15,13.75
2016-02-16,14.18
2016-02-17,14.3
2016-02-18,14.25
2016-02-19,14.25
2016-02-22,14.56
2016-02-23,14.41
2016-02-24,14.51
2016-02-25,13.62
2016-02-26,13.75
2016-02-29,13.42
2016-03-01,13.66
2016-03-02,14.22
2016-03-03,14.26
2016-03-04,14.43
2016-03-07,14.47
2016-03-08,14.49
2016-03-09,14.33
2016-03-10,14.06
2016-03-11,14.08
2016-03-14,14.3
2016-03-15,14.35
2016-03-16,14.42
2016-03-17,14.58
2016-03-18,14.8
2016-03-21,15.16
2016-03-22,15.05
2016-03-23,15.1
2016-03-24,14.85
2016-03-25,14.93
2016-03-28,14.8
2016-03-29,14.64
2016-03-30,15.01
2016-03-31,15.02
2016-04-01,15.03
2016-04-05,15.23
2016-04-06,15.19
2016-04-07,14.97
2016-04-08,14.86
2016-04-11,15.07
2016-04-12,15.01
2016-04-13,15.21
2016-04-14,15.28
2016-04-15,15.26
2016-04-18,15.03
2016-04-19,15.07
2016-04-20,14.81
2016-04-21,14.71
2016-04-22,14.78
2016-04-25,14.72
2016-04-26,14.8
2016-04-27,14.72
2016-04-28,14.69
2016-04-29,14.68
2016-05-03,13.33
2016-05-04,13.25
2016-05-05,13.27
2016-05-06,12.86
2016-05-09,12.6
2016-05-10,12.61
2016-05-11,12.66
2016-05-12,12.69
2016-05-13,12.62
2016-05-16,12.68
2016-05-17,12.65
2016-05-18,12.56
2016-05-19,12.53
2016-05-20,12.59
2016-05-23,12.62
2016-05-24,12.52
2016-05-25,12.51
2016-05-26,12.52
2016-05-27,12.52
2016-05-30,12.53
2016-05-31,12.92
2016-06-01,12.88
2016-06-02,12.89
2016-06-03,12.97
2016-06-06,12.93
2016-06-07,12.85
2016-06-08,12.8
2016-06-13,12.63
2016-06-14,12.68
2016-06-15,12.84
2016-06-16,12.71
2016-06-17,12.77
2016-06-20,12.78
2016-06-21,12.75
2016-06-22,12.86
2016-06-23,12.73
2016-06-24,12.56
2016-06-27,12.73
2016-06-28,12.78
2016-06-29,12.84
2016-06-30,12.84
2016-07-01,12.84
2016-07-04,13.04
2016-07-05,13.04
2016-07-06,13.05
2016-07-07,13.02
2016-07-08,12.95
2016-07-11,12.93
2016-07-12,13.21
2016-07-13,13.25
2016-07-14,13.23
2016-07-15,13.22
2016-07-18,13.17
2016-07-19,13.11
2016-07-20,13.07
2016-07-21,13.12
2016-07-22,13.01
2016-07-25,13.03
2016-07-26,13.19
2016-07-27,12.99
2016-07-28,13
2016-07-29,12.92
2016-08-01,12.81
2016-08-02,12.86
2016-08-03,12.88
2016-08-04,12.91
2016-08-05,12.93
2016-08-08,13.04
2016-08-09,13.14
2016-08-10,13.08
2016-08-11,13.04
2016-08-12,13.29
2016-08-15,13.69
2016-08-16,13.63
2016-08-17,13.6
2016-08-18,13.57
2016-08-19,13.57
2016-08-22,13.46
2016-08-23,13.48
2016-08-24,13.43
2016-08-25,13.35
2016-08-26,13.34
2016-08-29,13.34
2016-08-30,13.36
2016-08-31,13.42
2016-09-01,13.32
2016-09-02,14.06
2016-09-05,14.08
2016-09-06,14.18
2016-09-07,14.17
2016-09-08,14.16
2016-09-09,14.07
2016-09-12,13.84
2016-09-13,13.83
2016-09-14,13.74
2016-09-19,13.84
2016-09-20,13.82
2016-09-21,13.86
2016-09-22,13.96
2016-09-23,13.9
2016-09-26,13.66
2016-09-27,13.74
2016-09-28,13.69
2016-09-29,13.75
2016-09-30,13.79
2016-10-10,13.95
2016-10-11,14
2016-10-12,13.98
2016-10-13,13.98
2016-10-14,14
2016-10-17,13.88
2016-10-18,14.06
2016-10-19,14.04
2016-10-20,14.05
2016-10-21,14.09
2016-10-24,14.25
2016-10-25,14.25
2016-10-26,14.2
2016-10-27,14.16
2016-10-28,14.14
2016-10-31,14.12
2016-11-01,14.28
2016-11-02,14.17
2016-11-03,14.31
2016-11-04,14.26
2016-11-07,14.27
2016-11-08,14.33
2016-11-09,14.25
2016-11-10,14.41
2016-11-11,14.51
2016-11-14,14.57
2016-11-15,14.57
2016-11-16,14.57
2016-11-17,14.59
2016-11-18,14.51
2016-11-21,14.61
2016-11-22,14.73
2016-11-23,14.76
2016-11-24,14.82
2016-11-25,14.96
2016-11-28,15.02
2016-11-29,15.14
2016-11-30,15.03
2016-12-01,15.14
2016-12-02,14.99
2016-12-05,14.73
2016-12-06,14.69
2016-12-07,14.75
2016-12-08,14.73
2016-12-09,14.83
2016-12-12,14.87
2016-12-13,14.84
2016-12-14,14.73
2016-12-15,14.56
2016-12-16,14.59
2016-12-19,14.51
2016-12-20,14.43
2016-12-21,14.55
2016-12-22,14.54
2016-12-23,14.42
2016-12-26,14.48
2016-12-27,14.46
2016-12-28,14.39
2016-12-29,14.38
2016-12-30,14.43
2017-01-03,14.57
2017-01-04,14.69
2017-01-05,14.68
2017-01-06,14.59
2017-01-09,14.66
2017-01-10,14.64
2017-01-11,14.53
2017-01-12,14.46
2017-01-13,14.47
2017-01-16,14.47
2017-01-17,14.5
2017-01-18,14.56
2017-01-19,14.52
2017-01-20,14.63
2017-01-23,14.67
2017-01-24,14.67
2017-01-25,14.72
2017-01-26,14.77
2017-02-03,14.66
2017-02-06,14.7
2017-02-07,14.67
2017-02-08,14.75
2017-02-09,14.8
2017-02-10,14.87
2017-02-13,14.97
2017-02-14,14.97
2017-02-15,14.91
2017-02-16,14.99
2017-02-17,14.91
2017-02-20,15.13
2017-02-21,15.18
2017-02-22,15.21
2017-02-23,15.14
2017-02-24,15.14
2017-02-27,14.97
2017-02-28,15
2017-03-01,15.02
2017-03-02,14.92
2017-03-03,14.89
2017-03-06,14.95
2017-03-07,14.99
2017-03-08,14.96
2017-03-09,14.87
2017-03-10,14.88
2017-03-13,15.01
2017-03-14,15
2017-03-15,15.03
2017-03-16,15.11
2017-03-17,14.96
2017-03-20,14.97
2017-03-21,15.05
2017-03-22,14.98
2017-03-23,15.03
2017-03-24,15.15
2017-03-27,15.1
2017-03-28,15.07
2017-03-29,15.04
2017-03-30,14.92
2017-03-31,15.01
2017-04-05,15.21
2017-04-06,15.25
2017-04-07,15.27
2017-04-10,15.21
2017-04-11,15.26
2017-04-12,15.26
2017-04-13,15.29
2017-04-14,15.16
2017-04-17,15.14
2017-04-18,15.06
2017-04-19,14.99
2017-04-20,15.06
2017-04-21,15.08
2017-04-24,14.93
2017-04-25,14.95
2017-04-26,14.97
2017-04-27,14.98
2017-04-28,14.93
2017-05-02,15.09
2017-05-03,15.03
2017-05-04,14.99
2017-05-05,14.89
2017-05-08,14.79
2017-05-09,14.76
2017-05-10,14.7
2017-05-11,14.78
2017-05-12,14.91
2017-05-15,14.97
2017-05-16,15.07
2017-05-17,14.99
2017-05-18,14.92
2017-05-19,14.94
2017-05-22,14.97
2017-05-23,15.03
2017-05-24,15.01
2017-05-25,15.12
2017-05-26,15.1
2017-05-31,15.14
2017-06-01,15.17
2017-06-02,15.12
2017-06-05,15.02
2017-06-06,15.12
2017-06-07,15.29
2017-06-08,15.4
2017-06-09,15.46
2017-06-12,15.53
2017-06-13,15.55
2017-06-14,15.34
2017-06-15,15.31
2017-06-16,15.24
2017-06-19,15.38
2017-06-20,15.35
2017-06-21,15.53
2017-06-22,15.54
2017-06-23,15.68
2017-06-26,15.88
2017-06-27,15.91
2017-06-28,15.78
2017-06-29,15.83
2017-06-30,15.82
2017-07-03,15.75
2017-07-04,15.62
2017-07-05,15.79
2017-07-06,15.78
2017-07-07,15.76
2017-07-10,15.76
2017-07-11,15.8
2017-07-12,15.68
2017-07-13,15.8
2017-07-14,15.87
2017-07-17,15.7
2017-07-18,15.66
2017-07-19,15.93
2017-07-20,15.99
2017-07-21,15.87
2017-07-24,15.93
2017-07-25,15.84
2017-07-26,15.77
2017-07-27,15.79
2017-07-28,15.83
2017-07-31,15.89
2017-08-01,16.03
2017-08-02,15.99
2017-08-03,15.85
2017-08-04,15.77
2017-08-07,15.84
2017-08-08,15.86
2017-08-09,15.86
2017-08-10,15.8
2017-08-11,15.51
2017-08-14,15.71
2017-08-15,15.76
2017-08-16,15.74
2017-08-17,15.82
2017-08-18,15.83
2017-08-21,15.9
2017-08-22,15.95
2017-08-23,15.97
2017-08-24,15.87
2017-08-25,16.12
2017-08-28,16.32
2017-08-29,16.28
2017-08-30,16.28
2017-08-31,16.23
2017-09-01,16.98
2017-09-04,17.04
2017-09-05,17.1
2017-09-06,17.06
2017-09-07,16.98
2017-09-08,16.95
2017-09-11,16.95
2017-09-12,17.01
2017-09-13,17.03
2017-09-14,16.97
2017-09-15,16.98
2017-09-18,17.03
2017-09-19,16.99
2017-09-20,17.03
2017-09-21,17.01
2017-09-22,17.01
2017-09-25,16.92
2017-09-26,16.93
2017-09-27,16.93
2017-09-28,16.94
2017-09-29,17
2017-10-09,17.19
2017-10-10,17.22
2017-10-11,17.29
2017-10-12,17.33
2017-10-13,17.37
2017-10-16,17.33
2017-10-17,17.33
2017-10-18,17.47
2017-10-19,17.42
2017-10-20,17.4
2017-10-23,17.42
2017-10-24,17.55
2017-10-25,17.62
2017-10-26,17.69
2017-10-27,17.81
2017-10-30,17.75
2017-10-31,17.74
2017-11-01,17.73
2017-11-02,17.73
2017-11-03,17.72
2017-11-06,17.84
2017-11-07,17.99
2017-11-08,17.97
2017-11-09,18.08
2017-11-10,18.24
2017-11-13,18.31
2017-11-14,18.18
2017-11-15,18.07
2017-11-16,18.21
2017-11-17,18.29
2017-11-20,18.38
2017-11-21,18.71
2017-11-22,18.75
2017-11-23,18.2
2017-11-24,18.2
2017-11-27,17.97
2017-11-28,18
2017-11-29,17.99
2017-11-30,17.78
2017-12-01,17.74
2017-12-04,17.83
2017-12-05,17.93
2017-12-06,17.82
2017-12-07,17.62
2017-12-08,17.76
2017-12-11,18.29
2017-12-12,18.05
2017-12-13,18.2
2017-12-14,18.09
2017-12-15,17.89
2017-12-18,17.92
2017-12-19,18.14
2017-12-20,18.12
2017-12-21,18.28
2017-12-22,18.22
2017-12-25,17.92
2017-12-26,17.97
2017-12-27,17.7
2017-12-28,17.82
2017-12-29,17.87
2018-01-02,18.12
2018-01-03,18.22
2018-01-04,18.3
2018-01-05,18.34
2018-01-08,18.44
2018-01-09,18.57
2018-01-10,18.65
2018-01-11,18.64
2018-01-12,18.73
2018-01-15,18.73
2018-01-16,18.87
2018-01-17,18.83
2018-01-18,18.94
2018-01-19,19
2018-01-22,19.49
2018-01-23,19.7
2018-01-24,19.73
2018-01-25,19.62
2018-01-26,19.69
2018-01-29,19.35
2018-01-30,19.14
2018-01-31,19.23
2018-02-01,19.11
2018-02-02,19.23
2018-02-05,19.24
2018-02-06,18.68
2018-02-07,18.23
2018-02-08,18.05
2018-02-09,17.28
2018-02-12,17.5
2018-02-13,17.7
2018-02-14,17.84
2018-02-22,18.23
2018-02-23,18.31
2018-02-26,18.52
2018-02-27,18.25
2018-02-28,18.09
2018-03-01,18.21
2018-03-02,18.06
2018-03-05,18.07
2018-03-06,18.28
2018-03-07,18.14
2018-03-08,18.33
2018-03-09,18.47
2018-03-12,18.55
2018-03-13,18.39
2018-03-14,18.31
2018-03-15,18.41
2018-03-16,18.23
2018-03-19,18.32
2018-03-20,18.33
2018-03-21,18.26
2018-03-22,18.07
2018-03-23,17.56
2018-03-26,17.45
2018-03-27,17.59
2018-03-28,17.28
2018-03-29,17.51
2018-03-30,17.53
2018-04-02,17.47
2018-04-03,17.37
2018-04-04,17.33
2018-04-09,17.32
2018-04-10,17.66
2018-04-11,17.7
2018-04-12,17.53
2018-04-13,17.4
2018-04-16,17.12
2018-04-17,16.85
2018-04-18,16.92
2018-04-19,17.13
2018-04-20,16.9
2018-04-23,16.92
2018-04-24,17.27
2018-04-25,17.21
2018-04-26,16.88
2018-04-27,16.88
2018-05-02,14.7
2018-05-03,14.81
2018-05-04,14.74
2018-05-07,14.97
2018-05-08,15.14
2018-05-09,15.12
2018-05-10,15.2
2018-05-11,15.12
2018-05-14,15.26
2018-05-15,15.32
2018-05-16,15.19
2018-05-17,15.06
2018-05-18,15.22
2018-05-21,15.28
2018-05-22,15.23
2018-05-23,15.02
2018-05-24,14.91
2018-05-25,14.87
2018-05-28,14.94
2018-05-29,14.79
2018-05-30,14.46
2018-05-31,14.77
2018-06-01,14.65
2018-06-04,14.79
2018-06-05,14.93
2018-06-06,14.9
2018-06-07,14.88
2018-06-08,14.68
2018-06-11,14.82
2018-06-12,15
2018-06-13,14.84
2018-06-14,14.78
2018-06-15,14.7
2018-06-19,14.18
2018-06-20,14.24
2018-06-21,14.07
2018-06-22,14.14
2018-06-25,13.95
2018-06-26,13.83
2018-06-27,13.55
2018-06-28,13.41
2018-06-29,13.62
2018-07-02,13.21
2018-07-03,13.21
2018-07-04,13.02
2018-07-05,12.83
2018-07-06,12.92
2018-07-09,13.28
2018-07-10,13.3
2018-07-11,13.07
2018-07-12,13.35
2018-07-13,13.39
2018-07-16,13.31
2018-07-17,13.17
2018-07-18,13.1
2018-07-19,13.09
2018-07-20,13.34
2018-07-23,13.46
2018-07-24,13.68
2018-07-25,13.66
2018-07-26,13.5
2018-07-27,13.45
2018-07-30,13.42
2018-07-31,13.43
2018-08-01,13.16
2018-08-02,12.87
2018-08-03,12.66
2018-08-06,12.5
2018-08-07,12.87
2018-08-08,12.65
2018-08-09,12.97
2018-08-10,13
2018-08-13,12.94
2018-08-14,12.87
2018-08-15,12.56
2018-08-16,12.5
2018-08-17,12.32
2018-08-20,12.47
2018-08-21,12.69
2018-08-22,12.62
2018-08-23,12.67
2018-08-24,12.69
2018-08-27,13
2018-08-28,12.97
2018-08-29,12.92
2018-08-30,12.78
2018-08-31,12.72
2018-09-03,13.15
2018-09-04,13.32
2018-09-05,13.06
2018-09-06,12.92
2018-09-07,12.98
2018-09-10,12.79
2018-09-11,12.76
2018-09-12,12.68
2018-09-13,12.81
2018-09-14,12.84
2018-09-17,12.69
2018-09-18,12.94
2018-09-19,13.11
2018-09-20,13.1
2018-09-21,13.5
2018-09-25,13.38
2018-09-26,13.53
2018-09-27,13.48
2018-09-28,13.61
2018-10-08,13.03
2018-10-09,13.02
2018-10-10,12.99
2018-10-11,12.37
2018-10-12,12.55
2018-10-15,12.38
2018-10-16,12.28
2018-10-17,12.35
2018-10-18,12.05
2018-10-19,12.41
2018-10-22,12.95
2018-10-23,12.61
2018-10-24,12.62
2018-10-25,12.65
2018-10-26,12.57
2018-10-29,12.18
2018-10-30,12.32
2018-10-31,12.49
2018-11-01,12.6
2018-11-02,13.05
2018-11-05,12.94
2018-11-06,12.86
2018-11-07,12.78
2018-11-08,12.74
2018-11-09,12.56
2018-11-12,12.71
2018-11-13,12.84
2018-11-14,12.71
2018-11-15,12.86
2018-11-16,12.92
2018-11-19,13.06
2018-11-20,12.76
2018-11-21,12.79
2018-11-22,12.75
2018-11-23,12.46
2018-11-26,12.45
2018-11-27,12.44
2018-11-28,12.6
2018-11-29,12.44
2018-11-30,12.58
2018-12-03,12.93
2018-12-04,12.96
2018-12-05,12.9
2018-12-06,12.62
2018-12-07,12.62
2018-12-10,12.47
2018-12-11,12.53
2018-12-12,12.57
2018-12-13,12.77
2018-12-14,12.55
2018-12-17,12.75
2018-12-18,12.61
2018-12-19,12.46
2018-12-20,12.37
2018-12-21,12.21
2018-12-24,12.25
2018-12-25,12.16
2018-12-26,12.1
2018-12-27,12.06
2018-12-28,12.14
2019-01-02,11.97
2019-01-03,11.96
2019-01-04,12.24
2019-01-07,12.32
2019-01-08,12.29
2019-01-09,12.41
2019-01-10,12.39
2019-01-11,12.48
2019-01-14,12.38
2019-01-15,12.62
2019-01-16,12.62
2019-01-17,12.55
2019-01-18,12.78
2019-01-21,12.85
2019-01-22,12.68
2019-01-23,12.67
2019-01-24,12.74
2019-01-25,12.85
2019-01-28,12.85
2019-01-29,12.89
2019-01-30,12.78
2019-01-31,12.92
2019-02-01,13.1
2019-02-11,13.34
2019-02-12,13.44
2019-02-13,13.71
2019-02-14,13.73
2019-02-15,13.47
2019-02-18,13.9
2019-02-19,13.88
2019-02-20,13.93
2019-02-21,13.89
2019-02-22,14.21
2019-02-25,15.05
2019-02-26,14.87
2019-02-27,14.84
2019-02-28,14.8
2019-03-01,15.13
2019-03-04,15.31
2019-03-05,15.39
2019-03-06,15.52
2019-03-07,15.36
2019-03-08,14.75
2019-03-11,15.05
2019-03-12,15.15
2019-03-13,15.03
2019-03-14,14.92
2019-03-15,15.11
2019-03-18,15.54
2019-03-19,15.47
2019-03-20,15.48
2019-03-21,15.48
2019-03-22,15.47
2019-03-25,15.1
2019-03-26,14.93
2019-03-27,15.1
2019-03-28,15.03
2019-03-29,15.61
2019-04-01,16.02
2019-04-02,16.01
2019-04-03,16.22
2019-04-04,16.38
2019-04-08,16.36
2019-04-09,16.43
2019-04-10,16.48
2019-04-11,16.12
2019-04-12,16.08
2019-04-15,16.03
2019-04-16,16.48
2019-04-17,16.47
2019-04-18,16.41
2019-04-19,16.6
2019-04-22,16.22
2019-04-23,16.2
2019-04-24,16.24
2019-04-25,15.88
2019-04-26,15.67
2019-04-29,15.72
2019-04-30,15.77
2019-05-01,15.77
2019-05-02,15.77
2019-05-03,15.77
2019-05-06,13.69
2019-05-07,13.82
2019-05-08,13.62
2019-05-09,13.37
2019-05-10,13.85
2019-05-13,13.63
2019-05-14,13.54
2019-05-15,13.84
2019-05-16,13.91
2019-05-17,13.55
2019-05-20,13.44
2019-05-21,13.62
2019-05-22,13.55
2019-05-23,13.31
2019-05-24,13.35
2019-05-27,13.5
2019-05-28,13.64
2019-05-29,13.6
2019-05-30,13.52
2019-05-31,13.48
2019-06-03,13.49
2019-06-04,13.36
2019-06-05,13.33
2019-06-06,13.22
2019-06-10,13.39
2019-06-11,13.79
2019-06-12,13.68
2019-06-13,13.66
2019-06-14,13.55
2019-06-17,13.69
2019-06-18,13.74
2019-06-19,13.92
2019-06-20,14.35
2019-06-21,14.32
2019-06-24,14.35
2019-06-25,14.2
2019-06-26,14.17
2019-06-27,14.32
2019-06-28,14.25
2019-07-01,14.66
2019-07-02,14.66
2019-07-03,14.45
2019-07-04,14.37
2019-07-05,14.44
2019-07-08,14.11
2019-07-09,14.07
2019-07-10,14.05
2019-07-11,14.04
2019-07-12,14.13
2019-07-15,14.18
2019-07-16,14.12
2019-07-17,14.11
2019-07-18,13.98
2019-07-19,14.13
2019-07-22,14.03
2019-07-23,14.06
2019-07-24,14.17
2019-07-25,14.29
2019-07-26,14.31
2019-07-29,14.3
2019-07-30,14.36
2019-07-31,14.23
2019-08-01,14.11
2019-08-02,13.9
2019-08-05,13.64
2019-08-06,13.49
2019-08-07,13.44
2019-08-08,13.62
2019-08-09,13.49
2019-08-12,13.73
2019-08-13,13.61
2019-08-14,13.67
2019-08-15,13.71
2019-08-16,13.77
2019-08-19,14.06
2019-08-20,14.05
2019-08-21,14.02
2019-08-22,14.07
2019-08-23,14.17
2019-08-26,13.97
2019-08-27,14.16
2019-08-28,14.1
2019-08-29,14.06
2019-08-30,14.1
2019-09-02,14.48
2019-09-03,14.49
2019-09-04,14.62
2019-09-05,14.76
2019-09-06,14.84
2019-09-09,14.92
2019-09-10,14.87
2019-09-11,14.77
2019-09-12,14.92
2019-09-13,14.92
2019-09-16,14.87
2019-09-17,14.62
2019-09-18,14.69
2019-09-19,14.74
2019-09-20,14.78
2019-09-23,14.61
2019-09-24,14.65
2019-09-25,14.54
2019-09-26,14.43
2019-09-27,14.47
2019-09-30,14.33
2019-10-01,14.33
2019-10-02,14.33
2019-10-03,14.33
2019-10-04,14.33
2019-10-07,14.33
2019-10-08,14.41
2019-10-09,14.44
2019-10-10,14.55
2019-10-11,14.69
2019-10-14,14.85
2019-10-15,14.79
2019-10-16,14.74
2019-10-17,14.75
2019-10-18,14.54
2019-10-21,14.58
2019-10-22,14.64
2019-10-23,14.54
2019-10-24,14.54
2019-10-25,14.64
2019-10-28,14.75
2019-10-29,14.69
2019-10-30,14.62
2019-10-31,14.6
2019-11-01,14.89
2019-11-04,14.98
2019-11-05,15.08
2019-11-06,15.01
2019-11-07,15.04
2019-11-08,14.97
2019-11-11,14.71
2019-11-12,14.71
2019-11-13,14.69
2019-11-14,14.71
2019-11-15,14.61
2019-11-18,14.72
2019-11-19,14.87
2019-11-20,14.72
2019-11-21,14.66
2019-11-22,14.51
2019-11-25,14.62
2019-11-26,14.67
2019-11-27,14.61
2019-11-28,14.56
2019-11-29,14.43
2019-12-02,14.46
2019-12-03,14.51
2019-12-04,14.51
2019-12-05,14.62
2019-12-06,14.7
2019-12-09,14.67
2019-12-10,14.69
2019-12-11,14.7
2019-12-12,14.65
2019-12-13,14.94
2019-12-16,15.29
2019-12-17,15.5
2019-12-18,15.47
2019-12-19,15.44
2019-12-20,15.41
2019-12-23,15.22
2019-12-24,15.32
2019-12-25,15.31
2019-12-26,15.44
2019-12-27,15.43
2019-12-30,15.66
2019-12-31,15.71
2020-01-02,15.92
2020-01-03,15.89
2020-01-06,15.83
2020-01-07,15.96
2020-01-08,15.78
2020-01-09,15.97
2020-01-10,15.97
2020-01-13,16.13
2020-01-14,16.08
2020-01-15,15.98
2020-01-16,15.91
2020-01-17,15.93
2020-01-20,16.04
2020-01-21,15.77
2020-01-22,15.83
2020-01-23,15.34
2020-01-24,15.34
2020-01-27,15.34
2020-01-28,15.34
2020-01-29,15.34
2020-01-30,15.34
2020-01-31,15.34
2020-02-03,14.14
2020-02-04,14.51
2020-02-05,14.67
2020-02-06,14.94
2020-02-07,14.94
2020-02-10,15
2020-02-11,15.14
2020-02-12,15.27
2020-02-13,15.17
2020-02-14,15.28
2020-02-17,15.61
2020-02-18,15.53
2020-02-19,15.51
2020-02-20,15.87
2020-02-21,15.88
2020-02-24,15.8
2020-02-25,15.75
2020-02-26,15.57
2020-02-27,15.61
2020-02-28,15.06
2020-03-02,15.55
2020-03-03,15.64
2020-03-04,15.74
2020-03-05,16.09
2020-03-06,15.83
2020-03-09,15.29
2020-03-10,15.61
2020-03-11,15.4
2020-03-12,15.11
2020-03-13,14.89
2020-03-16,14.28
2020-03-17,14.23
2020-03-18,13.95
2020-03-19,13.76
2020-03-20,14.01
2020-03-23,13.54
2020-03-24,13.91
2020-03-25,14.28
2020-03-26,14.19
2020-03-27,14.24
2020-03-30,14.1
2020-03-31,14.15
2020-04-01,14.11
2020-04-02,14.33
2020-04-03,14.26
2020-04-06,14.26
2020-04-07,14.58
2020-04-08,14.52
2020-04-09,14.56
2020-04-10,14.48
2020-04-13,14.42
2020-04-14,14.7
2020-04-15,14.59
2020-04-16,14.61
2020-04-17,14.75
2020-04-20,14.8
2020-04-21,14.63
2020-04-22,14.75
2020-04-23,14.71
2020-04-24,14.59
2020-04-27,14.69
2020-04-28,14.79
2020-04-29,14.86
2020-04-30,15.03
2020-05-01,15.03
2020-05-04,15.03
2020-05-05,15.03
2020-05-06,13.55
2020-05-07,13.5
2020-05-08,13.63
2020-05-11,13.62
2020-05-12,13.62
2020-05-13,13.64
2020-05-14,13.49
2020-05-15,13.45
2020-05-18,13.48
2020-05-19,13.6
2020-05-20,13.53
2020-05-21,13.45
2020-05-22,13.14
2020-05-25,13.15
2020-05-26,13.3
2020-05-27,13.2
2020-05-28,13.23
2020-05-29,13.26
2020-06-01,13.62
2020-06-02,13.66
2020-06-03,13.65
2020-06-04,13.61
2020-06-05,13.68
2020-06-08,13.75
2020-06-09,13.82
2020-06-10,13.79
2020-06-11,13.61
2020-06-12,13.63
2020-06-15,13.91
2020-06-16,14.11
2020-06-17,14.11
2020-06-18,14.21
2020-06-19,14.4
2020-06-22,14.41
2020-06-23,14.48
2020-06-24,14.55
2020-06-25,14.55
2020-06-26,14.55
2020-06-29,14.44
2020-06-30,14.63
2020-07-01,14.93
2020-07-02,15.24
2020-07-03,15.53
2020-07-06,16.41
2020-07-07,16.51
2020-07-08,16.77
2020-07-09,17.01
2020-07-10,16.67
2020-07-13,17.01
2020-07-14,16.85
2020-07-15,16.63
2020-07-16,15.83
2020-07-17,15.93
2020-07-20,16.4
2020-07-21,16.43
2020-07-22,16.51
2020-07-23,16.51
2020-07-24,15.78
2020-07-27,15.86
2020-07-28,16
2020-07-29,16.39
2020-07-30,16.31
2020-07-31,16.45
2020-08-03,16.7
2020-08-04,16.72
2020-08-05,16.72
2020-08-06,16.67
2020-08-07,16.48
2020-08-10,16.54
2020-08-11,16.39
2020-08-12,16.27
2020-08-13,16.23
2020-08-14,16.47
2020-08-17,16.85
2020-08-18,16.85
2020-08-19,16.59
2020-08-20,16.38
2020-08-21,16.51
2020-08-24,16.64
2020-08-25,16.66
2020-08-26,16.46
2020-08-27,16.55
2020-08-28,16.94
2020-08-31,16.85
2020-09-01,17.28
2020-09-02,17.29
2020-09-03,17.19
2020-09-04,17.03
2020-09-07,16.67
2020-09-08,16.76
2020-09-09,16.36
2020-09-10,16.36
2020-09-11,16.52
2020-09-14,16.61
2020-09-15,16.74
2020-09-16,16.63
2020-09-17,16.54
2020-09-18,16.91
2020-09-21,16.75
2020-09-22,16.56
2020-09-23,16.62
2020-09-24,16.3
2020-09-25,16.32
2020-09-28,16.37
2020-09-29,16.4
2020-09-30,16.39
2020-10-01,16.39
2020-10-02,16.39
2020-10-05,16.39
2020-10-06,16.39
2020-10-07,16.39
2020-10-08,16.39
2020-10-09,16.72
2020-10-12,17.23
2020-10-13,17.29
2020-10-14,17.18
2020-10-15,17.15
2020-10-16,17.13
2020-10-19,17
2020-10-20,17.13
2020-10-21,17.13
2020-10-22,17.06
2020-10-23,16.85
2020-10-26,16.75
2020-10-27,16.78
2020-10-28,16.91
2020-10-29,17.04
2020-10-30,16.76
2020-11-02,16.88
2020-11-03,17.09
2020-11-04,17.22
2020-11-05,17.48
2020-11-06,17.48
2020-11-09,17.82
2020-11-10,17.72
2020-11-11,17.55
2020-11-12,17.56
2020-11-13,17.37
2020-11-16,17.54
2020-11-17,17.5
2020-11-18,17.49
2020-11-19,17.62
2020-11-20,17.68
2020-11-23,17.89
2020-11-24,17.78
2020-11-25,17.55
2020-11-26,17.58
2020-11-27,17.8
2020-11-30,17.72
2020-12-01,18.1
2020-12-02,18.1
2020-12-03,18.07
2020-12-04,18.1
2020-12-07,17.95
2020-12-08,17.9
2020-12-09,17.66
2020-12-10,17.66
2020-12-11,17.48
2020-12-14,18.36
2020-12-15,18.39
2020-12-16,18.43
2020-12-17,18.61
2020-12-18,18.55
2020-12-21,18.72
2020-12-22,18.42
2020-12-23,18.58
2020-12-24,18.51
2020-12-25,18.67
2020-12-28,18.75
2020-12-29,18.67
2020-12-30,18.94
2020-12-31,19.3
2021-01-01,19.3
2021-01-04,19.51
2021-01-05,19.88
2021-01-06,20.06
2021-01-07,20.42
2021-01-08,20.35
2021-01-11,20.15
2021-01-12,20.73
2021-01-13,20.66
2021-01-14,20.26
2021-01-15,20.21
2021-01-18,20.44
2021-01-19,20.14
2021-01-20,20.28
2021-01-21,20.61
2021-01-22,20.63
2021-01-25,20.84
2021-01-26,20.42
2021-01-27,20.47
2021-01-28,19.92
2021-01-29,19.83
2021-02-01,20.07
2021-02-02,20.37
2021-02-03,20.31
2021-02-04,20.27
2021-02-05,20.31
2021-02-08,20.61
2021-02-09,21.06
2021-02-10,21.51
2021-02-11,21.51
2021-02-12,21.51
2021-02-15,21.51
2021-02-16,21.51
2021-02-17,21.51
2021-02-18,21.36
2021-02-19,21.4
2021-02-22,20.72
2021-02-23,20.67
2021-02-24,20.14
2021-02-25,20.26
2021-02-26,19.77
2021-03-01,20.07
2021-03-02,19.82
2021-03-03,20.2
2021-03-04,19.56
2021-03-05,19.49
2021-03-08,18.82
2021-03-09,18.42
2021-03-10,18.54
2021-03-11,19
2021-03-12,19.07
2021-03-15,18.66
2021-03-16,18.82
2021-03-17,18.9
2021-03-18,19.06
2021-03-19,18.56
2021-03-22,18.74
2021-03-23,18.56
2021-03-24,18.27
2021-03-25,18.26
2021-03-26,18.67
2021-03-29,18.7
2021-03-30,18.88
2021-03-31,18.71
2021-04-01,18.94
2021-04-02,19.13
2021-04-05,19.13
2021-04-06,19.05
2021-04-07,18.92
2021-04-08,18.95
2021-04-09,18.67
2021-04-12,18.35
2021-04-13,18.32
2021-04-14,18.47
2021-04-15,18.35
2021-04-16,18.41
2021-04-19,18.86
2021-04-20,18.84
2021-04-21,18.9
2021-04-22,18.86
2021-04-23,19.04
2021-04-26,18.82
2021-04-27,18.87
2021-04-28,18.98
2021-04-29,19.15
2021-04-30,19
2021-05-03,19
2021-05-04,19
2021-05-05,19
2021-05-06,17.71
2021-05-07,17.48
2021-05-10,17.47
2021-05-11,17.57
2021-05-12,17.65
2021-05-13,17.47
2021-05-14,17.88
2021-05-17,18.13
2021-05-18,18.14
2021-05-19,18.08
2021-05-20,18.13
2021-05-21,17.94
2021-05-24,18.02
2021-05-25,18.59
2021-05-26,18.6
2021-05-27,18.64
2021-05-28,18.58
2021-05-31,18.63
2021-06-01,18.64
2021-06-02,18.46
2021-06-03,18.24
2021-06-04,18.32
2021-06-07,18.31
2021-06-08,18.14
2021-06-09,18.16
2021-06-10,18.27
2021-06-11,18.11
2021-06-14,18.74
2021-06-15,19.05
2021-06-16,18.73
2021-06-17,18.81
2021-06-18,18.79
2021-06-21,18.75
2021-06-22,18.87
2021-06-23,18.9
2021-06-24,18.92
2021-06-25,19.24
2021-06-28,19.28
2021-06-29,19.05
2021-06-30,19.18
2021-07-01,19.19
2021-07-02,18.64
2021-07-05,18.65
2021-07-06,18.64
2021-07-07,18.85
2021-07-08,18.66
2021-07-09,18.59
2021-07-12,18.82
2021-07-13,18.85
2021-07-14,18.62
2021-07-15,18.87
2021-07-16,18.65
2021-07-19,18.72
2021-07-20,18.7
2021-07-21,18.83
2021-07-22,18.86
2021-07-23,18.64
2021-07-26,18.04
2021-07-27,17.4
2021-07-28,17.44
2021-07-29,17.77
2021-07-30,17.63
2021-08-02,18.08
2021-08-03,18.08
2021-08-04,18.25
2021-08-05,18.14
2021-08-06,18.04
2021-08-09,18.27
2021-08-10,18.49
2021-08-11,18.38
2021-08-12,18.23
2021-08-13,18.13
2021-08-16,18.11
2021-08-17,17.72
2021-08-18,17.93
2021-08-19,17.81
2021-08-20,17.47
2021-08-23,17.71
2021-08-24,17.9
2021-08-25,17.93
2021-08-26,17.57
2021-08-27,17.66
2021-08-30,17.62
2021-08-31,17.58
2021-09-01,18.17
2021-09-02,18.17
2021-09-03,18.06
2021-09-06,18.41
2021-09-07,18.63
2021-09-08,18.55
2021-09-09,18.54
2021-09-10,18.7
2021-09-13,18.62
2021-09-14,18.35
2021-09-15,18.16
2021-09-16,17.94
2021-09-17,18.12
2021-09-20,18.12
2021-09-21,18.12
2021-09-22,17.99
2021-09-23,18.1
2021-09-24,18.08
2021-09-27,18.19
2021-09-28,18.22
2021-09-29,18.03
2021-09-30,18.12
2021-10-01,18.12
2021-10-04,18.12
2021-10-05,18.12
2021-10-06,18.12
2021-10-07,18.12
2021-10-08,18.35
2021-10-11,18.37
2021-10-12,18.17
2021-10-13,18.38
2021-10-14,18.28
2021-10-15,18.35
2021-10-18,18.14
2021-10-19,18.32
2021-10-20,18.27
2021-10-21,18.34
2021-10-22,18.47
2021-10-25,18.54
2021-10-26,18.48
2021-10-27,18.24
2021-10-28,18.11
2021-10-29,18.27
2021-11-01,18.24
2021-11-02,18.04
2021-11-03,17.97
2021-11-04,18.15
2021-11-05,18.05
2021-11-08,18.07
2021-11-09,18.07
2021-11-10,17.99
2021-11-11,18.28
2021-11-12,18.23
2021-11-15,18.21
2021-11-16,18.22
2021-11-17,18.23
2021-11-18,18.05
2021-11-19,18.25
2021-11-22,18.33
2021-11-23,18.34
2021-11-24,18.35
2021-11-25,18.28
2021-11-26,18.14
2021-11-29,18.12
2021-11-30,18.05
2021-12-01,18.09
2021-12-02,18.13
2021-12-03,18.29
2021-12-06,18.26
2021-12-07,18.37
2021-12-08,18.65
2021-12-09,18.96
2021-12-10,18.87
2021-12-13,20.58
2021-12-14,20.44
2021-12-15,20.27
2021-12-16,20.37
2021-12-17,20.05
2021-12-20,19.75
2021-12-21,19.88
2021-12-22,19.89
2021-12-23,20.03
2021-12-24,19.92
2021-12-27,19.91
2021-12-28,20.05
2021-12-29,19.75
2021-12-30,19.9
2021-12-31,19.97
2022-01-03,19.97
2022-01-04,19.88
2022-01-05,19.68
2022-01-06,19.47
2022-01-07,19.5
2022-01-10,19.58
2022-01-11,19.39
2022-01-12,19.59
2022-01-13,19.27
2022-01-14,19.11
2022-01-17,19.28
2022-01-18,19.46
2022-01-19,19.33
2022-01-20,19.51
2022-01-21,19.32
2022-01-24,19.35
2022-01-25,18.91
2022-01-26,19.05
2022-01-27,18.66
2022-01-28,18.43
2022-01-31,18.43
2022-02-01,18.43
2022-02-02,18.43
2022-02-03,18.43
2022-02-04,18.43
2022-02-07,18.72
2022-02-08,18.61
2022-02-09,18.79
2022-02-10,18.73
2022-02-11,18.58
2022-02-14,18.37
2022-02-15,18.58
2022-02-16,18.65
2022-02-17,18.69
2022-02-18,18.78
2022-02-21,18.71
2022-02-22,18.46
2022-02-23,18.67
2022-02-24,18.29
2022-02-25,18.47
2022-02-28,18.5
2022-03-01,18.66
2022-03-02,18.49
2022-03-03,18.37
2022-03-04,18.15
2022-03-07,17.58
2022-03-08,17.23
2022-03-09,17.07
2022-03-10,17.34
2022-03-11,17.4
2022-03-14,16.88
2022-03-15,16.1
2022-03-16,16.79
2022-03-17,17.13
2022-03-18,17.24
2022-03-21,17.21
2022-03-22,17.2
2022-03-23,17.29
2022-03-24,17.19
2022-03-25,16.88
2022-03-28,16.77
2022-03-29,16.72
2022-03-30,17.2
2022-03-31,17.08
2022-04-01,17.29
2022-04-04,17.29
2022-04-05,17.29
2022-04-06,17.24
2022-04-07,17.02
2022-04-08,17.11
2022-04-11,16.59
2022-04-12,16.9
2022-04-13,16.74
2022-04-14,16.94
2022-04-15,16.93
2022-04-18,16.84
2022-04-19,16.71
2022-04-20,16.44
2022-04-21,16.14
2022-04-22,16.21
2022-04-25,15.41
2022-04-26,15.29
2022-04-27,15.74
2022-04-28,15.85
2022-04-29,16.22
2022-05-02,16.22
2022-05-03,16.22
2022-05-04,16.22
2022-05-05,14.01
2022-05-06,13.66
2022-05-09,13.55
2022-05-10,13.7
2022-05-11,13.9
2022-05-12,13.84
2022-05-13,13.95
2022-05-16,13.81
2022-05-17,13.99
2022-05-18,13.94
2022-05-19,13.97
2022-05-20,14.24
2022-05-23,14.16
2022-05-24,13.83
2022-05-25,13.89
2022-05-26,13.93
2022-05-27,13.96
2022-05-30,14.05
2022-05-31,14.27
2022-06-01,14.24
2022-06-02,14.26
2022-06-03,14.26
2022-06-06,14.5
2022-06-07,14.54
2022-06-08,14.67
2022-06-09,14.51
2022-06-10,14.74
2022-06-13,14.87
2022-06-14,14.98
2022-06-15,15.19
2022-06-16,15.07
2022-06-17,15.28
2022-06-20,15.35
2022-06-21,15.33
2022-06-22,15.12
2022-06-23,15.39
2022-06-24,15.57
2022-06-27,15.73
2022-06-28,15.89
2022-06-29,15.65
2022-06-30,15.87
2022-07-01,15.81
2022-07-04,15.88
2022-07-05,15.86
2022-07-06,15.63
2022-07-07,15.7
2022-07-08,15.64
2022-07-11,15.36
2022-07-12,15.22
2022-07-13,15.25
2022-07-14,15.25
2022-07-15,14.99
2022-07-18,15.15
2022-07-19,15.06
2022-07-20,15.12
2022-07-21,14.95
2022-07-22,14.95
2022-07-25,14.86
2022-07-26,14.98
2022-07-27,14.91
2022-07-28,14.9
2022-07-29,14.7
2022-08-01,14.77
2022-08-02,14.48
2022-08-03,14.34
2022-08-04,14.46
2022-08-05,14.66
2022-08-08,14.63
2022-08-09,14.66
2022-08-10,14.49
2022-08-11,14.79
2022-08-12,14.78
2022-08-15,14.76
2022-08-16,14.73
2022-08-17,14.87
2022-08-18,14.74
2022-08-19,14.62
2022-08-22,14.73
2022-08-23,14.65
2022-08-24,14.36
2022-08-25,14.47
2022-08-26,14.44
2022-08-29,14.36
2022-08-30,14.31
2022-08-31,14.32
2022-09-01,14.43
2022-09-02,14.35
2022-09-05,14.32
2022-09-06,14.45
2022-09-07,14.46
2022-09-08,14.4
2022-09-09,14.6
2022-09-12,14.6
2022-09-13,14.66
2022-09-14,14.5
2022-09-15,14.37
2022-09-16,14.03
2022-09-19,14.01
2022-09-20,14.03
2022-09-21,13.93
2022-09-22,13.8
2022-09-23,13.76
2022-09-26,13.69
2022-09-27,13.89
2022-09-28,13.66
2022-09-29,13.66
2022-09-30,13.58
2022-10-03,13.58
2022-10-04,13.58
2022-10-05,13.58
2022-10-06,13.58
2022-10-07,13.58
2022-10-10,13.26
2022-10-11,13.28
2022-10-12,13.49
2022-10-13,13.36
2022-10-14,13.69
2022-10-17,13.7
2022-10-18,13.67
2022-10-19,13.45
2022-10-20,13.37
2022-10-21,13.32
2022-10-24,12.94
2022-10-25,12.91
2022-10-26,13.02
2022-10-27,12.93
2022-10-28,12.61
2022-10-31,12.5
2022-11-01,12.96
2022-11-02,13.12
2022-11-03,13.01
2022-11-04,13.44
2022-11-07,13.47
2022-11-08,13.37
2022-11-09,13.25
2022-11-10,13.14
2022-11-11,13.51
2022-11-14,13.54
2022-11-15,13.8
2022-11-16,13.69
2022-11-17,13.63
2022-11-18,13.57
2022-11-21,13.45
2022-11-22,13.46
2022-11-23,13.47
2022-11-24,13.41
2022-11-25,13.48
2022-11-28,13.32
2022-11-29,13.74
2022-11-30,13.75
2022-12-01,13.9
2022-12-02,13.82
2022-12-05,14.09
2022-12-06,14.17
2022-12-07,14.13
2022-12-08,14.14
2022-12-09,14.29
2022-12-12,14.4
2022-12-13,14.37
2022-12-14,14.4
2022-12-15,14.39
2022-12-16,14.4
2022-12-19,14.18
2022-12-20,13.94
2022-12-21,13.94
2022-12-22,13.96
2022-12-23,13.94
2022-12-26,13.99
2022-12-27,14.15
2022-12-28,14.09
2022-12-29,14.04
2022-12-30,14.09
2023-01-02,14.09
2023-01-03,14.16
2023-01-04,14.17
2023-01-05,14.45
2023-01-06,14.5
2023-01-09,14.62
2023-01-10,14.64
2023-01-11,14.61
2023-01-12,14.64
2023-01-13,14.85
2023-01-16,15.08
2023-01-17,15.08
2023-01-18,15.05
2023-01-19,15.15
2023-01-20,15.24
2023-01-23,15.24
2023-01-24,15.24
2023-01-25,15.24
2023-01-26,15.24
2023-01-27,15.24
2023-01-30,15.32
2023-01-31,15.15
2023-02-01,15.3
2023-02-02,15.24
2023-02-03,15.1
2023-02-06,14.89
2023-02-07,14.92
2023-02-08,14.85
2023-02-09,15.06
2023-02-10,14.97
2023-02-13,15.1
2023-02-14,15.11
2023-02-15,15.03
2023-02-16,14.92
2023-02-17,14.7
2023-02-20,15.07
2023-02-21,15.1
2023-02-22,14.97
2023-02-23,14.96
2023-02-24,14.8
2023-02-27,14.73
2023-02-28,14.83
2023-03-01,15.04
2023-03-02,15
2023-03-03,15.05
2023-03-06,14.97
2023-03-07,14.75
2023-03-08,14.7
2023-03-09,14.65
2023-03-10,14.45
2023-03-13,14.6
2023-03-14,14.51
2023-03-15,14.52
2023-03-16,14.35
2023-03-17,14.42
2023-03-20,14.35
2023-03-21,14.51
2023-03-22,14.57
2023-03-23,14.67
2023-03-24,14.63
2023-03-27,14.57
2023-03-28,14.53
2023-03-29,14.55
2023-03-30,14.67
2023-03-31,14.71
2023-04-03,14.85
2023-04-04,14.89
2023-04-05,14.89
2023-04-06,14.86
2023-04-07,14.96
2023-04-10,14.89
2023-04-11,14.88
2023-04-12,14.87
2023-04-13,14.76
2023-04-14,14.85
2023-04-17,15.06
2023-04-18,15.09
2023-04-19,14.96
2023-04-20,14.91
2023-04-21,14.62
2023-04-24,14.44
2023-04-25,14.36
2023-04-26,14.26
2023-04-27,14.37
2023-04-28,14.52
2023-05-01,14.52
2023-05-02,14.52
2023-05-03,14.52
2023-05-04,14
2023-05-05,13.94
2023-05-08,14.11
2023-05-09,13.98
2023-05-10,13.88
2023-05-11,13.85
2023-05-12,13.67
2023-05-15,13.88
2023-05-16,13.81
2023-05-17,13.74
2023-05-18,13.73
2023-05-19,13.69
2023-05-22,13.77
2023-05-23,13.58
2023-05-24,13.39
2023-05-25,13.36
2023-05-26,13.36
2023-05-29,13.29
2023-05-30,13.3
2023-05-31,13.15
2023-06-01,13.18
2023-06-02,13.37
2023-06-05,13.3
2023-06-06,13.18
2023-06-07,13.11
2023-06-08,13.21
2023-06-09,13.27
2023-06-12,13.3
2023-06-13,13.38
2023-06-14,13.38
2023-06-15,13.58
2023-06-16,13.67
2023-06-19,13.56
2023-06-20,13.53
2023-06-21,13.32
2023-06-22,13.32
2023-06-23,13.32
2023-06-26,13.14
2023-06-27,13.26
2023-06-28,13.24
2023-06-29,13.18
2023-06-30,13.25
2023-07-03,13.42
2023-07-04,13.44
2023-07-05,13.33
2023-07-06,13.24
2023-07-07,13.17
2023-07-10,13.24
2023-07-11,13.32
2023-07-12,13.24
2023-07-13,13.43
2023-07-14,13.43
2023-07-17,13.29
2023-07-18,13.2
2023-07-19,13.19
2023-07-20,13.1
2023-07-21,13.09
2023-07-24,13.03
2023-07-25,13.41
2023-07-26,13.38
2023-07-27,13.36
2023-07-28,13.68
2023-07-31,13.75
2023-08-01,13.69
2023-08-02,13.6
2023-08-03,13.72
2023-08-04,13.78
2023-08-07,13.67
2023-08-08,13.64
2023-08-09,13.6
2023-08-10,13.62
2023-08-11,13.3
2023-08-14,13.2
2023-08-15,13.17
2023-08-16,13.07
2023-08-17,13.12
2023-08-18,12.96
2023-08-21,12.77
2023-08-22,12.87
2023-08-23,12.66
2023-08-24,12.76
2023-08-25,12.71
2023-08-28,12.86
2023-08-29,12.99
2023-08-30,12.98
2023-08-31,12.91
2023-09-01,13
2023-09-04,13.2
2023-09-05,13.1
2023-09-06,13.08
2023-09-07,12.89
2023-09-08,12.83
2023-09-11,12.92
2023-09-12,12.89
2023-09-13,12.81
2023-09-14,12.8
2023-09-15,12.71
2023-09-18,12.78
2023-09-19,12.75
2023-09-20,12.71
2023-09-21,12.59
2023-09-22,12.82
2023-09-25,12.74
2023-09-26,12.66
2023-09-27,12.69
2023-09-28,12.65
2023-09-29,12.65
2023-10-02,12.65
2023-10-03,12.65
2023-10-04,12.65
2023-10-05,12.65
2023-10-06,12.65
2023-10-09,12.64
2023-10-10,12.54
2023-10-11,12.58
2023-10-12,12.7
2023-10-13,12.57
2023-10-16,12.44
2023-10-17,12.49
2023-10-18,12.37
2023-10-19,12.11
2023-10-20,12.03
2023-10-23,11.91
2023-10-24,11.95
2023-10-25,12
2023-10-26,12.03
2023-10-27,12.2
2023-10-30,12.27
2023-10-31,12.23
2023-11-01,12.23
2023-11-02,12.17
2023-11-03,12.28
2023-11-06,12.44
2023-11-07,12.4
2023-11-08,12.37
2023-11-09,12.38
2023-11-10,12.29
2023-11-13,12.26
2023-11-14,12.27
2023-11-15,12.36
2023-11-16,12.24
2023-11-17,12.22
2023-11-20,12.25
2023-11-21,12.26
2023-11-22,12.14
2023-11-23,12.19
2023-11-24,12.11
2023-11-27,12.02
2023-11-28,12.05
2023-11-29,11.94
2023-11-30,11.97
2023-12-01,11.92
2023-12-04,11.84
2023-12-05,11.61
2023-12-06,11.63
2023-12-07,11.6
2023-12-08,11.63
2023-12-11,11.9
2023-12-12,11.93
2023-12-13,11.73
2023-12-14,11.67
2023-12-15,11.63
2023-12-18,11.59
2023-12-19,11.61
2023-12-20,11.48
2023-12-21,11.6
2023-12-22,11.63
2023-12-25,11.66
2023-12-26,11.58
2023-12-27,11.62
2023-12-28,11.9
2023-12-29,11.96
2024-01-01,11.96
2024-01-02,11.8
2024-01-03,11.77
2024-01-04,11.66
2024-01-05,11.6
2024-01-08,11.45
2024-01-09,11.47
2024-01-10,11.41
2024-01-11,11.48
2024-01-12,11.44
2024-01-15,11.42
2024-01-16,11.49
2024-01-17,11.24
2024-01-18,11.4
2024-01-19,11.38
2024-01-22,11.21
2024-01-23,11.25
2024-01-24,11.41
2024-01-25,11.64
2024-01-26,11.6
2024-01-29,11.49
2024-01-30,11.29
2024-01-31,11.19
2024-02-01,11.2
2024-02-02,11.06
2024-02-05,11.14
2024-02-06,11.53
2024-02-07,11.64
2024-02-08,11.72
2024-02-09,11.72
2024-02-12,11.72
2024-02-13,11.72
2024-02-14,11.72
2024-02-15,11.72
2024-02-16,11.72
2024-02-19,11.85
2024-02-20,11.87
2024-02-21,12.04
2024-02-22,12.14
2024-02-23,12.15
2024-02-26,12.02
2024-02-27,12.17
2024-02-28,12.01
2024-02-29,12.24
2024-03-01,12.32
2024-03-04,12.33
2024-03-05,12.41
2024-03-06,12.37
2024-03-07,12.29
2024-03-08,12.34
2024-03-11,12.5
2024-03-12,12.53
2024-03-13,12.44
2024-03-14,12.4
2024-03-15,12.43
2024-03-18,12.54
2024-03-19,12.45
2024-03-20,12.48
2024-03-21,12.47
2024-03-22,12.34
2024-03-25,12.27
2024-03-26,12.34
2024-03-27,12.2
2024-03-28,12.26
2024-03-29,12.31
2024-04-01,12.52
2024-04-02,12.47
2024-04-03,12.42
2024-04-04,12.42
2024-04-05,12.42
2024-04-08,12.31
2024-04-09,12.3
2024-04-10,12.2
2024-04-11,12.19
2024-04-12,12.09
2024-04-15,12.35
2024-04-16,12.23
2024-04-17,12.38
2024-04-18,12.4
2024-04-19,12.3
2024-04-22,12.26
2024-04-23,12.18
2024-04-24,12.23
2024-04-25,12.26
2024-04-26,12.45
2024-04-29,12.59
2024-04-30,12.52
2024-05-01,12.52
2024-05-02,12.52
2024-05-03,12.52
2024-05-06,13.66
2024-05-07,13.66
2024-05-08,13.54
2024-05-09,13.66
2024-05-10,13.67
2024-05-13,13.66
2024-05-14,13.63
2024-05-15,13.52
2024-05-16,13.57
2024-05-17,13.71
2024-05-20,13.75
2024-05-21,13.69
2024-05-22,13.72
2024-05-23,13.56
2024-05-24,13.41
2024-05-27,13.54
2024-05-28,13.44
2024-05-29,13.45
2024-05-30,13.38
2024-05-31,13.33
2024-06-03,13.36
2024-06-04,13.46
2024-06-05,13.38
2024-06-06,13.37
2024-06-07,13.29
2024-06-10,13.29
2024-06-11,13.17
2024-06-12,13.17
2024-06-13,13.09
2024-06-14,13.14
2024-06-17,13.28
2024-06-18,13.31
2024-06-19,13.25
2024-06-20,13.15
2024-06-21,13.12
2024-06-24,13.06
2024-06-25,12.99
2024-06-26,13.07
2024-06-27,12.97
2024-06-28,12.99
2024-07-01,13.05
2024-07-02,13.03
2024-07-03,13
2024-07-04,12.94
2024-07-05,12.88
2024-07-08,12.76
2024-07-09,12.9
2024-07-10,12.86
2024-07-11,13.01
2024-07-12,13.03
2024-07-15,13.04
2024-07-16,13.11
2024-07-17,13.12
2024-07-18,13.19
2024-07-19,13.25
2024-07-22,13.16
2024-07-23,12.88
2024-07-24,12.8
2024-07-25,12.73
2024-07-26,12.77
2024-07-29,12.7
2024-07-30,12.61
2024-07-31,12.88
2024-08-01,12.8
2024-08-02,12.66
2024-08-05,12.51
2024-08-06,12.51
2024-08-07,12.5
2024-08-08,12.51
2024-08-09,12.47
2024-08-12,12.45
2024-08-13,12.48
2024-08-14,12.38
2024-08-15,12.51
2024-08-16,12.53
2024-08-19,12.57
2024-08-20,12.49
2024-08-21,12.45
2024-08-22,12.42
2024-08-23,12.48
2024-08-26,12.47
2024-08-27,12.4
2024-08-28,12.33
2024-08-29,12.29
2024-08-30,12.45
2024-09-02,12.31
2024-09-03,12.34
2024-09-04,12.26
2024-09-05,12.29
2024-09-06,12.19
2024-09-09,12.04
2024-09-10,12.05
2024-09-11,12.01
2024-09-12,11.97
2024-09-13,11.92
2024-09-16,11.92
2024-09-17,11.92
2024-09-18,11.97
2024-09-19,12.06
2024-09-20,12.09
2024-09-23,12.13
2024-09-24,12.66
2024-09-25,12.85
2024-09-26,13.39
2024-09-27,13.98
2024-09-30,15.17
2024-10-01,15.17
2024-10-02,15.17
2024-10-03,15.17
2024-10-04,15.17
2024-10-07,15.17
2024-10-08,16.07
2024-10-09,14.93
2024-10-10,15.09
2024-10-11,14.68
2024-10-14,14.95
2024-10-15,14.56
2024-10-16,14.47
2024-10-17,14.3
2024-10-18,14.81
2024-10-21,14.84
2024-10-22,14.93
2024-10-23,14.99
2024-10-24,14.82
2024-10-25,14.93
2024-10-28,14.95
2024-10-29,14.8
2024-10-30,14.66
2024-10-31,14.66
2024-11-01,14.67
2024-11-04,14.88
2024-11-05,15.25
2024-11-06,15.17
2024-11-07,15.63
2024-11-08,15.48
2024-11-11,15.58
2024-11-12,15.41
2024-11-13,15.5
2024-11-14,15.23
2024-11-15,14.96
2024-11-18,14.9
2024-11-19,15
2024-11-20,15.03
2024-11-21,15.03
2024-11-22,14.56
2024-11-25,14.49
2024-11-26,14.46
2024-11-27,14.71
2024-11-28,14.58
2024-11-29,14.74
2024-12-02,14.86
2024-12-03,14.88
2024-12-04,14.81
2024-12-05,14.77
2024-12-06,14.96
2024-12-09,14.94
2024-12-10,15.05
2024-12-11,15.02
2024-12-12,15.17
2024-12-13,14.81
2024-12-16,14.91
2024-12-17,14.95
2024-12-18,15.02
2024-12-19,15.03
2024-12-20,14.95
2024-12-23,14.98
2024-12-24,15.18
2024-12-25,15.19
2024-12-26,15.19
2024-12-27,15.17
2024-12-30,15.24
2024-12-31,15
2025-01-01,15
2025-01-02,14.56
2025-01-03,14.39
2025-01-06,14.36
2025-01-07,14.45
2025-01-08,14.43
2025-01-09,14.39
2025-01-10,14.21
2025-01-13,14.17
2025-01-14,14.55
2025-01-15,14.45
2025-01-16,14.49
2025-01-17,14.53
2025-01-20,14.6
2025-01-21,14.61
2025-01-22,14.47
2025-01-23,14.5
2025-01-24,14.61
2025-01-27,14.55
2025-01-28,14.55
2025-01-29,14.55
2025-01-30,14.55
2025-01-31,14.55
2025-02-03,14.55
2025-02-04,14.55
2025-02-05,14.47
2025-02-06,14.65
2025-02-07,14.84
2025-02-10,14.86
2025-02-11,14.8
2025-02-12,14.94
2025-02-13,14.88
2025-02-14,15.01
2025-02-17,15.04
2025-02-18,14.92
2025-02-19,15.02
2025-02-20,14.98
2025-02-21,15.15
2025-02-24,15.11
2025-02-25,14.94
2025-02-26,15.07
2025-02-27,15.1
2025-02-28,14.81
2025-03-03,14.81
2025-03-04,14.74
2025-03-05,14.8
2025-03-06,14.99
2025-03-07,14.95
2025-03-10,14.89
2025-03-11,14.93
2025-03-12,14.89
2025-03-13,14.83
2025-03-14,15.2
2025-03-17,15.16
2025-03-18,15.2
2025-03-19,15.22
2025-03-20,15.09
2025-03-21,14.86
2025-03-24,14.94
2025-03-25,14.93
2025-03-26,14.88
2025-03-27,14.93
2025-03-28,14.86
2025-03-31,14.76
2025-04-01,14.76
2025-04-02,14.75
2025-04-03,14.66
2025-04-04,14.66
2025-04-07,13.62
2025-04-08,13.85
2025-04-09,13.97
2025-04-10,14.16
2025-04-11,14.22
2025-04-14,14.25
2025-04-15,14.26
2025-04-16,14.29
2025-04-17,14.29
2025-04-18,14.3
2025-04-21,14.34
2025-04-22,14.33
2025-04-23,14.35
2025-04-24,14.34
2025-04-25,14.35
2025-04-28,14.33
2025-04-29,14.3
2025-04-30,14.28
2025-05-01,14.28
2025-05-02,14.28
2025-05-05,14.28
2025-05-06,13.85
2025-05-07,13.93
2025-05-08,14.01
2025-05-09,14
2025-05-12,14.16
2025-05-13,14.17
2025-05-14,14.35
2025-05-15,14.23
2025-05-16,14.16
2025-05-19,14.12
2025-05-20,14.19
2025-05-21,14.26
2025-05-22,14.25
2025-05-23,14.13
2025-05-26,14.05
2025-05-27,13.98
2025-05-28,13.96
2025-05-29,14.04
2025-05-30,13.98
2025-06-02,13.98
2025-06-03,14.02
2025-06-04,14.08
2025-06-05,14.11
2025-06-06,14.1
2025-06-09,14.13
2025-06-10,14.06
2025-06-11,14.17
2025-06-12,14.16
2025-06-13,14.06
2025-06-16,14
2025-06-17,13.99
2025-06-18,14
2025-06-19,13.89
2025-06-20,13.9
2025-06-23,13.94
2025-06-24,14.07
2025-06-25,14.27
2025-06-26,14.22
2025-06-27,14.13
2025-06-30,14.18
2025-07-01,14.2
2025-07-02,14.19
2025-07-03,14.27
2025-07-04,14.33
2025-07-07,14.27
2025-07-08,14.38
2025-07-09,14.35
2025-07-10,14.42
2025-07-11,14.42
2025-07-14,14.44
2025-07-15,14.45
2025-07-16,14.4
2025-07-17,14.49
2025-07-18,14.58
2025-07-21,14.68
2025-07-22,14.79
2025-07-23,14.8
2025-07-24,14.88
2025-07-25,14.79
2025-07-28,14.82
2025-07-29,14.62
2025-07-30,14.62
2025-07-31,14.35
2025-08-01,14.28
2025-08-04,14.34
2025-08-05,14.46
2025-08-06,14.49
2025-08-07,14.49
2025-08-08,14.46
2025-08-11,14.52
2025-08-12,14.58
2025-08-13,14.69
2025-08-14,14.68
2025-08-15,14.77
2025-08-18,14.9
2025-08-19,14.85
2025-08-20,15.01
2025-08-21,15.06
2025-08-22,15.35
2025-08-25,15.65
2025-08-26,15.61
2025-08-27,15.37
2025-08-28,15.61
2025-08-29,15.74
2025-09-01,16.6
2025-09-02,16.48
2025-09-03,16.37
2025-09-04,16.04
2025-09-05,16.38
2025-09-08,16.41
2025-09-09,16.29
2025-09-10,16.33
2025-09-11,16.7
2025-09-12,16.59
2025-09-15,16.64
2025-09-16,16.6
2025-09-17,16.7
2025-09-18,16.51
2025-09-19,16.53
2025-09-22,16.61
2025-09-23,16.61
2025-09-24,16.76
2025-09-25,16.85
2025-09-26,16.7
2025-09-29,16.97
2025-09-30,17.04
2025-10-01,17.04
2025-10-02,17.04
2025-10-03,17.04
2025-10-06,17.04
2025-10-07,17.04
2025-10-08,17.04
2025-10-09,17.28
2025-10-10,16.96
2025-10-13,16.86
2025-10-14,16.66
2025-10-15,16.89
2025-10-16,16.94
2025-10-17,16.56
2025-10-20,16.65
2025-10-21,16.9
2025-10-22,16.84
2025-10-23,16.89
2025-10-24,17.08
2025-10-27,17.28
2025-10-28,17.2
2025-10-29,17.39
2025-10-30,17.24
2025-10-31,16.99
2025-11-03,17.02
2025-11-04,16.9
2025-11-05,16.93
2025-11-06,17.16
2025-11-07,17.1
2025-11-10,17.15
2025-11-11,17.01
2025-11-12,17
2025-11-13,17.19
2025-11-14,16.93
2025-11-17,16.8
2025-11-18,16.69
2025-11-19,16.77
2025-11-20,16.7
2025-11-21,16.31
2025-11-24,16.29
2025-11-25,16.45
2025-11-26,16.55
2025-11-27,16.54
2025-11-28,16.58
2025-12-01,16.76
2025-12-02,16.69
2025-12-03,16.61
2025-12-04,16.67
2025-12-05,16.82
2025-12-08,16.95
2025-12-09,16.85
2025-12-10,16.83
2025-12-11,16.69
2025-12-12,16.81
2025-12-15,17.17
2025-12-16,16.98
2025-12-17,17.28
2025-12-18,17.18
2025-12-19,17.24
2025-12-22,17.4
2025-12-23,17.43
2025-12-24,17.48
2025-12-25,17.52
2025-12-26,17.57
2025-12-29,17.49
2025-12-30,17.53
2025-12-31,17.46
2026-01-01,17.46
2026-01-02,17.46
2026-01-05,17.79
2026-01-06,18.06
2026-01-07,18.01
2026-01-08,17.85
2026-01-09,17.92
2026-01-12,18.02
