时间,中国:沪深300:资金净主动买入额
2008-08-19,2.799098
2009-01-07,3.067973
2009-01-12,-5.28276
2009-01-19,-20.456613
2009-01-22,6.167318
2009-03-03,-25.158871
2009-03-04,62.003604
2009-03-05,-37.007659
2009-03-13,-2.791981
2009-03-16,10.914022
2009-03-17,45.138637
2009-03-18,11.77345
2009-03-19,31.103421
2009-03-26,-32.570665
2009-03-31,-12.341748
2009-04-01,21.730726
2009-04-03,-10.456855
2009-04-07,-38.616824
2009-04-08,-78.435972
2009-04-09,-7.728749
2009-04-10,72.844367
2009-04-13,36.486833
2009-04-14,-10.003642
2009-04-15,-24.548989
2009-04-29,31.894428
2009-04-30,-3.5798
2009-05-05,-11.928878
2009-05-06,2.306231
2009-05-07,-19.7931
2009-05-13,24.057826
2009-05-14,-31.87814
2009-05-27,17.045886
2009-06-02,11.182332
2009-06-04,-25.634182
2009-06-05,-28.553952
2009-06-15,0.233088
2009-06-17,9.580947
2009-06-23,-30.209974
2009-06-24,18.547355
2009-07-01,48.937212
2009-07-02,20.62074
2009-07-03,7.955673
2009-07-06,-1.490459
2009-07-07,-24.546841
2009-07-08,-51.037921
2009-07-09,15.452684
2009-07-10,-4.780429
2009-07-14,54.857288
2009-07-17,0.899331
2009-07-21,-56.885389
2009-07-22,52.429827
2009-07-30,-3.930218
2009-07-31,34.302921
2009-08-03,-1.498058
2009-08-04,-44.127055
2009-08-05,-103.377916
2009-08-06,-91.565976
2009-08-10,-98.047159
2009-08-11,-42.713874
2009-08-12,-112.63182
2009-08-13,-24.092688
2009-08-14,-55.98401
2009-08-17,-104.951895
2009-08-18,-26.592755
2009-08-19,-83.963692
2009-08-20,48.731904
2009-08-21,-6.438373
2009-08-24,-16.983886
2009-08-25,-113.82611
2009-08-27,-50.00568
2009-08-28,-113.733523
2009-09-01,-5.724388
2009-09-02,20.071272
2009-09-03,95.194439
2009-09-04,-10.61048
2009-09-07,-2.418116
2009-09-09,-0.974862
2009-09-11,56.034523
2009-09-14,-12.063094
2009-09-15,-28.515695
2009-09-16,-79.711299
2009-09-17,18.707896
2009-09-22,-54.254668
2009-09-23,-55.940298
2009-09-24,-2.145069
2009-09-25,-26.738966
2009-09-28,-49.147014
2009-09-29,-0.021404
2009-09-30,3.868341
2009-10-09,57.664338
2009-10-12,-8.894301
2009-10-13,15.123027
2009-10-14,34.506427
2009-10-16,-14.298628
2009-10-19,76.112103
2009-10-20,15.073955
2009-10-21,-3.564887
2009-10-22,-31.424483
2009-10-23,58.656771
2009-10-26,-15.082223
2009-10-30,-0.871323
2009-11-02,47.015098
2009-11-03,2.838279
2009-11-04,-0.691368
2009-11-05,-13.616338
2009-11-06,7.999165
2009-11-13,-57.023142
2009-11-19,-51.233447
2009-11-23,-22.584593
2009-11-24,-141.602805
2009-11-25,5.151573
2009-12-01,9.609533
2009-12-07,-19.154853
2009-12-08,-88.329075
2009-12-09,-103.660905
2009-12-10,-51.322722
2009-12-14,16.674867
2009-12-16,-42.555284
2010-01-04,-50.370795
2010-01-05,25.701762
2010-01-06,-14.603032
2010-01-07,-133.136101
2010-01-08,-29.453919
2010-01-11,-81.481434
2010-01-12,38.702868
2010-01-13,-167.890175
2010-01-14,7.682866
2010-01-15,-36.017187
2010-01-18,-12.585177
2010-01-19,-39.049219
2010-01-20,-214.495923
2010-01-21,-57.422699
2010-01-22,-104.112623
2010-01-25,-66.799667
2010-01-26,-117.974255
2010-01-27,-45.857441
2010-01-28,-12.68888
2010-01-29,-35.934152
2010-02-01,-71.580287
2010-02-02,-50.843941
2010-02-03,44.756654
2010-02-04,-35.734463
2010-02-05,-74.249945
2010-02-08,-14.485649
2010-02-09,-14.323835
2010-02-10,8.524062
2010-02-11,-10.087888
2010-02-12,16.476307
2010-02-22,-31.330949
2010-02-23,-31.528912
2010-02-24,36.262111
2010-02-25,20.716216
2010-02-26,-45.629446
2010-03-01,15.19515
2010-03-02,-75.606108
2010-03-03,1.36904
2010-03-04,-151.718264
2010-03-05,-33.029599
2010-03-08,3.312106
2010-03-09,12.173627
2010-03-10,-66.691478
2010-03-11,-34.853522
2010-03-12,-85.301108
2010-03-15,-72.22611
2010-03-16,-17.811331
2010-03-17,68.485377
2010-03-18,-40.579764
2010-03-19,8.380715
2010-03-22,-16.44737
2010-03-23,-72.14226
2010-03-24,-39.488843
2010-03-25,-94.545008
2010-03-26,26.196216
2010-03-29,81.174697
2010-03-30,-16.962482
2010-03-31,-74.14054
2010-04-01,51.888762
2010-04-02,-6.549163
2010-04-06,-73.673045
2010-04-07,-61.89889
2010-04-08,-105.741845
2010-04-09,-0.753324
2010-04-12,-107.248268
2010-04-13,-6.725072
2010-04-14,-3.09595
2010-04-15,-50.037804
2010-04-16,-63.73566
2010-04-19,-239.790457
2010-04-20,-33.67077
2010-04-21,21.689401
2010-04-22,-68.396552
2010-04-23,-66.780679
2010-04-26,-57.173123
2010-04-27,-113.239992
2010-04-28,-14.884821
2010-04-29,-77.913013
2010-04-30,-20.292698
2010-05-04,-25.073957
2010-05-05,6.422092
2010-05-06,-133.775089
2010-05-07,-43.877418
2010-05-10,-10.818041
2010-05-11,-106.233477
2010-05-12,7.176544
2010-05-13,44.913526
2010-05-14,-38.93423
2010-05-17,-113.535011
2010-05-18,45.852146
2010-05-19,-9.198911
2010-05-20,-46.630747
2010-05-21,49.848943
2010-05-24,48.064945
2010-05-25,-75.490072
2010-05-26,-25.732214
2010-05-27,56.031831
2010-05-28,-45.935341
2010-05-31,-74.49044
2010-06-01,-37.485439
2010-06-02,-12.349317
2010-06-03,-32.085167
2010-06-04,-4.130642
2010-06-07,-42.256488
2010-06-08,-21.171806
2010-06-09,46.117284
2010-06-10,-26.806557
2010-06-11,-0.973351
2010-06-17,-35.324146
2010-06-18,-50.201657
2010-06-21,78.748222
2010-06-22,-8.54861
2010-06-23,-46.533529
2010-06-24,-10.324637
2010-06-25,-32.816927
2010-06-28,-18.813569
2010-06-29,-79.054668
2010-06-30,-15.742474
2010-07-01,-34.630163
2010-07-02,0.119809
2010-07-05,-14.946504
2010-07-06,30.787795
2010-07-07,-24.617647
2010-07-08,-17.185187
2010-07-09,65.053065
2010-07-12,16.327937
2010-07-13,-32.897938
2010-07-14,-11.626941
2010-07-15,-43.49981
2010-07-16,-0.074767
2010-07-19,89.920861
2010-07-20,51.395623
2010-07-21,-28.784078
2010-07-22,51.97937
2010-07-23,-11.166379
2010-07-26,-5.190702
2010-07-27,-27.613897
2010-07-28,126.753852
2010-07-29,-24.217039
2010-07-30,-35.698536
2010-08-02,65.138929
2010-08-03,-99.084396
2010-08-04,-31.227229
2010-08-05,-81.938855
2010-08-06,60.061423
2010-08-09,-3.834034
2010-08-10,-169.248005
2010-08-11,2.582616
2010-08-12,-46.965383
2010-08-13,28.056672
2010-08-16,88.8313
2010-08-17,-4.7484
2010-08-18,-36.996841
2010-08-19,11.746526
2010-08-20,-129.110998
2010-08-23,-44.321848
2010-08-24,-6.857544
2010-08-25,-127.954163
2010-08-26,-28.79283
2010-08-27,-10.883939
2010-08-30,60.928962
2010-08-31,-58.082686
2010-09-01,-76.033814
2010-09-02,2.670276
2010-09-03,-54.450397
2010-09-06,67.011167
2010-09-07,-8.623026
2010-09-08,-11.724879
2010-09-09,-142.743608
2010-09-10,-22.46203
2010-09-13,5.571388
2010-09-14,-65.967113
2010-09-15,-110.491971
2010-09-16,-103.168601
2010-09-17,-31.20426
2010-09-20,-29.605661
2010-09-21,-23.029015
2010-09-27,34.374922
2010-09-28,-55.577963
2010-09-29,-22.955267
2010-09-30,85.504517
2010-10-08,94.877684
2010-10-11,10.42099
2010-10-12,33.804111
2010-10-13,41.492969
2010-10-14,-7.240352
2010-10-15,154.295856
2010-10-18,-99.308389
2010-10-19,35.274444
2010-10-20,-26.532423
2010-10-21,-77.083657
2010-10-22,-8.360578
2010-10-25,75.140752
2010-10-26,-145.627089
2010-10-27,-140.708713
2010-10-28,-77.400486
2010-10-29,-123.816265
2010-11-01,68.908986
2010-11-02,-157.685684
2010-11-03,-143.342072
2010-11-04,30.684889
2010-11-05,-56.746099
2010-11-08,-80.892829
2010-11-09,-146.678256
2010-11-10,-141.077604
2010-11-11,4.889155
2010-11-12,-400.360588
2010-11-15,-72.984689
2010-11-16,-219.652817
2010-11-17,-87.061323
2010-11-18,-9.061055
2010-11-19,-75.704443
2010-11-22,-53.647761
2010-11-23,-137.25371
2010-11-24,60.928115
2010-11-25,-16.543053
2010-11-26,-77.849744
2010-11-29,-32.894056
2010-11-30,-101.077701
2010-12-01,-19.29067
2010-12-02,-25.153491
2010-12-03,-34.567994
2010-12-06,-29.954766
2010-12-07,49.400539
2010-12-08,-58.081713
2010-12-09,-72.628899
2010-12-10,37.036947
2010-12-13,120.534374
2010-12-14,-30.408836
2010-12-15,-77.871868
2010-12-16,-63.288177
2010-12-17,-52.085294
2010-12-20,-117.511808
2010-12-21,96.189124
2010-12-22,-70.526228
2010-12-23,-61.055153
2010-12-24,-46.975874
2010-12-27,-95.943249
2010-12-28,-76.4266
2010-12-29,-28.043913
2010-12-30,-25.872836
2010-12-31,72.52466
2011-01-04,36.469678
2011-01-05,-28.215427
2011-01-06,-28.788635
2011-01-07,-15.359727
2011-01-10,-96.779108
2011-01-11,-6.62307
2011-01-12,-24.72251
2011-01-13,-27.886206
2011-01-14,-76.207303
2011-01-17,-119.842373
2011-01-18,-29.827552
2011-01-19,32.182582
2011-01-20,-141.48236
2011-01-21,23.550057
2011-01-24,-47.617156
2011-01-25,-36.909896
2011-01-26,25.942632
2011-01-27,58.744516
2011-01-28,-25.057729
2011-01-31,35.322964
2011-02-01,-29.673858
2011-02-09,-61.296
2011-02-10,47.592362
2011-02-11,-24.340437
2011-02-14,159.636529
2011-02-15,-40.350641
2011-02-16,16.250787
2011-02-17,-77.0231
2011-02-18,-92.982382
2011-02-21,47.868172
2011-02-22,-240.117275
2011-02-23,-29.937008
2011-02-24,-32.453595
2011-02-25,-10.275295
2011-02-28,52.460215
2011-03-01,-13.952892
2011-03-02,-61.729046
2011-03-03,-71.218139
2011-03-04,81.950242
2011-03-07,95.620658
2011-03-08,-66.589855
2011-03-09,-37.376851
2011-03-10,-154.872852
2011-03-11,-95.373537
2011-03-14,-28.343585
2011-03-15,-181.716583
2011-03-16,7.534649
2011-03-17,-130.219374
2011-03-18,-25.009394
2011-03-21,-70.208258
2011-03-22,-12.180645
2011-03-23,67.442019
2011-03-24,-83.822374
2011-03-25,87.775605
2011-03-28,-65.80708
2011-03-29,-114.131098
2011-03-30,-26.120852
2011-03-31,-90.724472
2011-04-01,28.316294
2011-04-06,35.936091
2011-04-07,-40.097244
2011-04-08,38.057038
2011-04-11,-80.488929
2011-04-12,-96.268139
2011-04-13,63.307031
2011-04-14,-89.084224
2011-04-15,-50.066681
2011-04-18,-52.068113
2011-04-19,-138.415143
2011-04-20,-31.934817
2011-04-21,-18.531565
2011-04-22,-88.853532
2011-04-25,-112.718489
2011-04-26,-54.737872
2011-04-27,-80.965028
2011-04-28,-77.195766
2011-04-29,12.459202
2011-05-03,-2.366009
2011-05-04,-130.092152
2011-05-05,-30.731957
2011-05-06,-8.259259
2011-05-09,-49.033447
2011-05-10,-1.790869
2011-05-11,-37.97432
2011-05-12,-73.765785
2011-05-13,-4.378363
2011-05-16,-65.518622
2011-05-17,-24.463698
2011-05-18,6.775727
2011-05-19,-58.060381
2011-05-20,-23.694029
2011-05-23,-132.63977
2011-05-24,-2.745877
2011-05-25,-58.231179
2011-05-26,-40.150022
2011-05-27,-8.602474
2011-05-30,-13.028265
2011-05-31,26.840218
2011-06-01,-41.30468
2011-06-02,-45.266911
2011-06-03,29.546308
2011-06-07,11.103562
2011-06-08,-16.684022
2011-06-09,-69.69712
2011-06-10,-4.136633
2011-06-13,-0.804752
2011-06-14,18.518391
2011-06-15,-52.723107
2011-06-16,-54.384354
2011-06-17,-49.059834
2011-06-20,-27.062861
2011-06-21,9.342859
2011-06-22,-22.07334
2011-06-23,66.677587
2011-06-24,65.030975
2011-06-27,-40.884233
2011-06-28,-11.756482
2011-06-29,-66.547615
2011-06-30,63.31849
2011-07-01,-16.015928
2011-07-04,80.455947
2011-07-05,-46.786009
2011-07-06,-36.685757
2011-07-07,-63.971498
2011-07-08,-9.988947
2011-07-11,-4.660957
2011-07-12,-117.881313
2011-07-13,51.484209
2011-07-14,-36.039887
2011-07-15,7.058372
2011-07-18,-62.271671
2011-07-19,-54.003267
2011-07-20,-52.102021
2011-07-21,-68.082016
2011-07-22,-25.754095
2011-07-25,-138.531304
2011-07-26,-13.435621
2011-07-27,-0.039767
2011-07-28,-21.00149
2011-07-29,-54.509516
2011-08-01,-3.747825
2011-08-02,-36.279685
2011-08-03,-4.36317
2011-08-04,-32.501754
2011-08-05,-41.882002
2011-08-08,-72.074382
2011-08-09,-7.096336
2011-08-10,-49.746334
2011-08-11,55.615117
2011-08-12,-43.898887
2011-08-15,17.951386
2011-08-16,-54.835822
2011-08-17,-20.317321
2011-08-18,-68.308331
2011-08-19,-22.493778
2011-08-22,-58.466184
2011-08-23,16.484283
2011-08-24,-40.737248
2011-08-25,128.398426
2011-08-26,-24.97017
2011-08-29,-68.554003
2011-08-30,-42.271995
2011-08-31,-16.066966
2011-09-01,-35.700096
2011-09-02,-42.491449
2011-09-05,-53.336893
2011-09-06,-25.300056
2011-09-07,29.132412
2011-09-08,-26.726436
2011-09-09,-17.728308
2011-09-13,-14.427293
2011-09-14,-26.538666
2011-09-15,-12.216779
2011-09-16,-13.423326
2011-09-19,-53.273453
2011-09-20,-1.816153
2011-09-21,75.039732
2011-09-22,-97.847899
2011-09-23,-21.49589
2011-09-26,-59.049509
2011-09-27,22.902939
2011-09-28,-49.918684
2011-09-29,1.083579
2011-09-30,-21.569112
2011-10-10,-22.837316
2011-10-11,-43.004329
2011-10-12,64.108169
2011-10-13,-19.444717
2011-10-14,-12.898885
2011-10-17,-12.706592
2011-10-18,-77.574666
2011-10-19,-14.632358
2011-10-20,-56.943285
2011-10-21,-16.88289
2011-10-24,55.114168
2011-10-25,21.61255
2011-10-26,32.537005
2011-10-27,-8.523703
2011-10-28,25.932504
2011-10-31,-41.080325
2011-11-01,-4.723735
2011-11-02,47.464673
2011-11-03,-36.163837
2011-11-04,-4.069695
2011-11-07,-48.650792
2011-11-08,-32.77749
2011-11-09,4.583024
2011-11-10,-76.825366
2011-11-11,-24.691721
2011-11-14,42.905277
2011-11-15,-30.20232
2011-11-16,-138.152261
2011-11-17,-19.203037
2011-11-18,-74.959871
2011-11-21,-12.910368
2011-11-22,-9.082271
2011-11-23,-46.816347
2011-11-24,-0.291467
2011-11-25,-35.112078
2011-11-28,-5.098846
2011-11-29,21.701982
2011-11-30,-89.552177
2011-12-01,7.680424
2011-12-02,-29.689023
2011-12-05,-21.632923
2011-12-06,-2.868232
2011-12-07,2.159088
2011-12-08,-2.296222
2011-12-09,-20.726057
2011-12-12,-23.07448
2011-12-13,-17.807098
2011-12-14,-12.505933
2011-12-15,-23.49988
2011-12-16,-0.330419
2011-12-19,-14.191671
2011-12-20,-7.863731
2011-12-21,-35.354105
2011-12-22,7.54421
2011-12-23,8.110187
2011-12-26,-29.987949
2011-12-27,-24.099234
2011-12-28,6.925638
2011-12-29,-1.657333
2011-12-30,3.215819
2012-01-04,-46.291147
2012-01-05,-14.12554
2012-01-06,3.719606
2012-01-09,36.925581
2012-01-10,55.437146
2012-01-11,-6.50247
2012-01-12,-12.39101
2012-01-13,-30.040076
2012-01-16,-30.490901
2012-01-17,63.177468
2012-01-18,-53.362051
2012-01-19,36.994496
2012-01-20,28.527451
2012-01-30,-59.112388
2012-01-31,-5.553224
2012-02-01,-46.707712
2012-02-02,42.643963
2012-02-03,16.455012
2012-02-06,-21.682869
2012-02-07,-55.396258
2012-02-08,65.995207
2012-02-09,-20.54297
2012-02-10,-12.332948
2012-02-13,0.756126
2012-02-14,-39.847005
2012-02-15,22.677752
2012-02-16,-75.21549
2012-02-17,-12.748483
2012-02-20,-37.826178
2012-02-21,11.067571
2012-02-22,35.491312
2012-02-23,-14.198355
2012-02-24,48.400465
2012-02-27,3.633883
2012-02-28,17.960752
2012-02-29,-46.738336
2012-03-01,-18.02664
2012-03-02,35.283765
2012-03-05,-82.471814
2012-03-06,-66.343156
2012-03-07,-39.292936
2012-03-08,4.043156
2012-03-09,15.199663
2012-03-12,-62.171822
2012-03-13,15.990945
2012-03-14,-76.486809
2012-03-15,-25.727322
2012-03-16,0.601095
2012-03-19,-24.994037
2012-03-20,-74.479234
2012-03-21,-21.96288
2012-03-22,-32.763622
2012-03-23,-54.282717
2012-03-26,-15.677551
2012-03-27,-19.025792
2012-03-28,-59.076786
2012-03-29,-22.358635
2012-03-30,-5.892633
2012-04-05,5.000262
2012-04-06,-25.689139
2012-04-09,-30.376971
2012-04-10,-1.792349
2012-04-11,2.660729
2012-04-12,50.623807
2012-04-13,0.06827
2012-04-16,-6.917806
2012-04-17,-39.586476
2012-04-18,72.254528
2012-04-19,-27.716824
2012-04-20,34.119075
2012-04-23,-37.786192
2012-04-24,-6.893182
2012-04-25,17.062751
2012-04-26,-16.73596
2012-04-27,-14.919218
2012-05-02,51.65145
2012-05-03,0.848228
2012-05-04,45.287782
2012-05-07,32.395532
2012-05-08,-0.416844
2012-05-09,-65.148044
2012-05-10,-12.384785
2012-05-11,-39.711502
2012-05-14,-64.605819
2012-05-15,-10.968555
2012-05-16,-78.673164
2012-05-17,24.1655
2012-05-18,-67.029921
2012-05-21,4.181347
2012-05-22,27.440639
2012-05-23,-28.406424
2012-05-24,-45.974652
2012-05-25,-44.045158
2012-05-28,40.930623
2012-05-29,40.66309
2012-05-30,-36.237838
2012-05-31,-15.697242
2012-06-01,-14.286579
2012-06-04,-93.233017
2012-06-05,-30.212978
2012-06-06,-25.918764
2012-06-07,-51.398154
2012-06-08,-27.335175
2012-06-11,25.856227
2012-06-12,-33.291394
2012-06-13,30.620866
2012-06-14,-40.850223
2012-06-15,-2.973652
2012-06-18,-5.82889
2012-06-19,-35.485774
2012-06-20,-6.727289
2012-06-21,-56.265684
2012-06-25,-36.130775
2012-06-26,-0.682401
2012-06-27,-20.720646
2012-06-28,-18.823066
2012-06-29,32.191812
2012-07-02,-25.883833
2012-07-03,-5.312986
2012-07-04,-15.376078
2012-07-05,-23.675769
2012-07-06,42.010315
2012-07-09,-40.955408
2012-07-10,-1.596044
2012-07-11,23.817831
2012-07-12,15.979738
2012-07-13,-11.921898
2012-07-16,-30.892055
2012-07-17,8.595847
2012-07-18,-2.475647
2012-07-19,6.198498
2012-07-20,-50.858418
2012-07-23,-28.242281
2012-07-24,6.872171
2012-07-25,-23.967767
2012-07-26,-13.258908
2012-07-27,1.138092
2012-07-30,-10.55103
2012-07-31,3.990946
2012-08-01,17.242762
2012-08-02,-26.177993
2012-08-03,19.715853
2012-08-06,10.236027
2012-08-07,-22.274268
2012-08-08,-20.47068
2012-08-09,12.615271
2012-08-10,-19.212182
2012-08-13,-30.135604
2012-08-14,2.319084
2012-08-15,-20.384399
2012-08-16,-18.501282
2012-08-17,-17.320588
2012-08-20,-21.921007
2012-08-21,-6.673968
2012-08-22,-30.03937
2012-08-23,7.435493
2012-08-24,-36.250061
2012-08-27,-23.933374
2012-08-28,-1.178963
2012-08-29,-19.754453
2012-08-30,-5.154759
2012-08-31,-13.889766
2012-09-03,-5.660205
2012-09-04,-47.18728
2012-09-05,-10.498116
2012-09-06,-0.812496
2012-09-07,80.255057
2012-09-10,-13.021957
2012-09-11,-23.020018
2012-09-12,-17.628059
2012-09-13,-13.889227
2012-09-14,10.858138
2012-09-17,-51.734347
2012-09-18,-34.56886
2012-09-19,-8.353537
2012-09-20,-69.264431
2012-09-21,-8.179835
2012-09-24,1.957175
2012-09-25,-18.728392
2012-09-26,-25.950539
2012-09-27,49.508317
2012-09-28,54.662936
2012-10-08,-42.395291
2012-10-09,49.169571
2012-10-10,-4.866425
2012-10-11,-29.806345
2012-10-12,-8.412613
2012-10-15,-16.045247
2012-10-16,-0.114112
2012-10-17,-5.578821
2012-10-18,43.322878
2012-10-19,-9.017007
2012-10-22,14.954616
2012-10-23,-47.445199
2012-10-24,-9.457948
2012-10-25,-24.67077
2012-10-26,-62.42575
2012-10-29,-27.566619
2012-10-30,-12.304027
2012-10-31,2.641295
2012-11-01,40.052417
2012-11-02,7.947653
2012-11-05,-15.933119
2012-11-06,-14.685822
2012-11-07,-2.144558
2012-11-08,-43.401694
2012-11-09,-16.125732
2012-11-12,-2.328743
2012-11-13,-53.268539
2012-11-14,7.914008
2012-11-15,-28.953624
2012-11-16,-33.674579
2012-11-19,-7.100686
2012-11-20,-21.844264
2012-11-21,15.335345
2012-11-22,-17.749691
2012-11-23,11.989157
2012-11-26,-20.650411
2012-11-27,-11.474937
2012-11-28,-3.500908
2012-11-29,2.410754
2012-11-30,10.967388
2012-12-03,-18.823406
2012-12-04,25.076504
2012-12-05,52.603472
2012-12-06,1.272125
2012-12-07,33.268062
2012-12-10,26.5502
2012-12-11,-13.390408
2012-12-12,12.755792
2012-12-13,-22.29463
2012-12-14,149.672554
2012-12-17,-6.830084
2012-12-18,14.06238
2012-12-19,19.320507
2012-12-20,26.354627
2012-12-21,-23.13448
2012-12-24,6.543856
2012-12-25,95.919947
2012-12-26,-23.719383
2012-12-27,-27.539858
2012-12-28,54.487334
2012-12-31,72.518618
2013-01-04,-29.71558
2013-01-07,17.373089
2013-01-08,-20.939967
2013-01-09,-16.88669
2013-01-10,-10.165514
2013-01-11,-80.770838
2013-01-14,126.209895
2013-01-15,-2.917971
2013-01-16,-42.808037
2013-01-17,-49.783914
2013-01-18,47.742665
2013-01-21,-21.645456
2013-01-22,-85.200423
2013-01-23,5.27099
2013-01-24,-0.739051
2013-01-25,-5.616066
2013-01-28,87.227814
2013-01-29,-9.95367
2013-01-30,-17.198992
2013-01-31,9.950471
2013-02-01,70.382198
2013-02-04,-19.287983
2013-02-05,38.576171
2013-02-06,-15.139987
2013-02-07,-12.63419
2013-02-08,40.057132
2013-02-18,-80.621215
2013-02-19,-88.789296
2013-02-20,9.350299
2013-02-21,-147.920672
2013-02-22,-41.033799
2013-02-25,-21.905281
2013-02-26,-63.900142
2013-02-27,-10.014662
2013-02-28,90.142912
2013-03-01,-52.483348
2013-03-04,-100.044499
2013-03-05,37.621226
2013-03-06,-0.421785
2013-03-07,-61.776978
2013-03-08,-33.609687
2013-03-11,-24.839424
2013-03-12,-63.207736
2013-03-13,-53.539228
2013-03-14,-15.41289
2013-03-15,-5.687748
2013-03-18,-63.245626
2013-03-19,7.526035
2013-03-20,95.340607
2013-03-21,-8.636852
2013-03-22,-1.967012
2013-03-25,-26.789057
2013-03-26,-49.225938
2013-03-27,-15.039008
2013-03-28,-57.200212
2013-03-29,-16.506394
2013-04-01,-26.407074
2013-04-02,-28.466565
2013-04-03,-14.357416
2013-04-08,-9.944249
2013-04-09,-10.343828
2013-04-10,-22.447642
2013-04-11,-36.724193
2013-04-12,-27.853801
2013-04-15,-28.854278
2013-04-16,37.638654
2013-04-17,-19.700083
2013-04-18,11.77133
2013-04-19,81.395843
2013-04-22,-16.345831
2013-04-23,-99.413644
2013-04-24,31.549436
2013-04-25,-19.740188
2013-04-26,-35.678112
2013-05-02,-12.914202
2013-05-03,34.044447
2013-05-06,29.911182
2013-05-07,-14.031957
2013-05-08,-0.452127
2013-05-09,-41.499579
2013-05-10,3.912633
2013-05-13,-21.023612
2013-05-14,-71.357218
2013-05-15,-6.544277
2013-05-16,45.868968
2013-05-17,83.600965
2013-05-20,6.53525
2013-05-21,-15.36371
2013-05-22,-14.284725
2013-05-23,-62.718215
2013-05-24,-1.449665
2013-05-27,-13.46
2013-05-28,51.367827
2013-05-29,-13.247306
2013-05-30,-26.92193
2013-05-31,-65.43124
2013-06-03,-15.149264
2013-06-04,-67.92353
2013-06-05,-20.399967
2013-06-06,-48.357304
2013-06-07,-61.659063
2013-06-13,-61.712769
2013-06-14,-4.917611
2013-06-17,-31.080892
2013-06-18,-20.100677
2013-06-19,-19.218913
2013-06-20,-83.055894
2013-06-21,1.818717
2013-06-24,-75.564768
2013-06-25,-13.410121
2013-06-26,-20.718465
2013-06-27,-21.180669
2013-06-28,34.80787
2013-07-01,6.450576
2013-07-02,7.95883
2013-07-03,-19.805984
2013-07-04,12.362306
2013-07-05,-10.03888
2013-07-08,-38.916654
2013-07-09,-6.939801
2013-07-10,43.27601
2013-07-11,105.116808
2013-07-12,-54.580112
2013-07-15,10.855128
2013-07-16,-14.703301
2013-07-17,-45.071637
2013-07-18,-44.852877
2013-07-19,-65.346887
2013-07-22,4.197693
2013-07-23,46.373286
2013-07-24,-38.65117
2013-07-25,-27.580249
2013-07-26,-26.600977
2013-07-29,-50.647736
2013-07-30,8.787687
2013-07-31,-21.785729
2013-08-01,54.064129
2013-08-02,-5.620823
2013-08-05,38.197941
2013-08-06,27.56603
2013-08-07,-22.225123
2013-08-08,-16.823314
2013-08-09,-4.004464
2013-08-12,108.38647
2013-08-13,-11.192789
2013-08-14,-23.640001
2013-08-15,-54.221904
2013-08-16,-4.900779
2013-08-19,28.563481
2013-08-20,-45.700422
2013-08-21,-16.616207
2013-08-22,-30.114936
2013-08-23,-44.895997
2013-08-26,59.780376
2013-08-27,-14.209036
2013-08-28,-9.428051
2013-08-29,-54.339969
2013-08-30,-26.088875
2013-09-02,1.812713
2013-09-03,36.192957
2013-09-04,-24.494047
2013-09-05,-30.486907
2013-09-06,9.826257
2013-09-09,82.933652
2013-09-10,41.322916
2013-09-11,-13.539458
2013-09-12,20.59043
2013-09-13,-46.036248
2013-09-16,-28.269105
2013-09-17,-86.666915
2013-09-18,1.581341
2013-09-23,28.247693
2013-09-24,-58.728107
2013-09-25,-41.582844
2013-09-26,-77.041193
2013-09-27,-10.072445
2013-09-30,-12.025516
2013-10-08,19.163719
2013-10-09,-8.471726
2013-10-10,-60.804631
2013-10-11,44.059983
2013-10-14,-28.016338
2013-10-15,-40.601661
2013-10-16,-77.076485
2013-10-17,-36.655963
2013-10-18,0.2737
2013-10-21,41.472822
2013-10-22,-62.924323
2013-10-23,-49.80835
2013-10-24,-30.156382
2013-10-25,-60.183301
2013-10-28,-14.705297
2013-10-29,-3.860008
2013-10-30,34.531472
2013-10-31,-40.457941
2013-11-01,17.366451
2013-11-04,-22.073679
2013-11-05,3.409225
2013-11-06,-35.962461
2013-11-07,-20.504609
2013-11-08,-42.23553
2013-11-11,0.869496
2013-11-12,17.79184
2013-11-13,-54.515071
2013-11-14,12.168805
2013-11-15,48.754932
2013-11-18,83.6152
2013-11-19,-28.722487
2013-11-20,12.527746
2013-11-21,-19.278466
2013-11-22,-28.978081
2013-11-25,-11.403561
2013-11-26,-16.607604
2013-11-27,32.958375
2013-11-28,45.17884
2013-11-29,-20.335591
2013-12-02,-14.261791
2013-12-03,28.320882
2013-12-04,49.282725
2013-12-05,-14.040075
2013-12-06,-36.199542
2013-12-09,-15.87208
2013-12-10,-25.518396
2013-12-11,-78.208951
2013-12-12,-22.837117
2013-12-13,-20.85808
2013-12-16,-79.056142
2013-12-17,-32.841985
2013-12-18,-21.275512
2013-12-19,-48.30271
2013-12-20,-79.968663
2013-12-23,-4.810179
2013-12-24,-21.108273
2013-12-25,11.236463
2013-12-26,-57.568392
2013-12-27,62.157687
2013-12-30,-14.74006
2013-12-31,50.555859
2014-01-02,-16.701764
2014-01-03,-49.059648
2014-01-06,-67.583662
2014-01-07,-14.871736
2014-01-08,-6.762747
2014-01-09,-31.958516
2014-01-10,-20.295458
2014-01-13,-19.327096
2014-01-14,5.560656
2014-01-15,-16.644907
2014-01-16,-13.437447
2014-01-17,-54.657582
2014-01-20,-19.797419
2014-01-21,3.664116
2014-01-22,54.608992
2014-01-23,-33.736777
2014-01-24,0.796787
2014-01-27,-60.006411
2014-01-28,-7.581067
2014-01-29,-9.3007
2014-01-30,-51.263462
2014-02-07,-6.213209
2014-02-10,29.39426
2014-02-11,-27.263287
2014-02-12,-27.82775
2014-02-13,-47.041431
2014-02-14,-1.160178
2014-02-17,-10.246477
2014-02-18,-90.170343
2014-02-19,-7.586636
2014-02-20,-55.795135
2014-02-21,-68.455893
2014-02-24,-60.793154
2014-02-25,-102.059286
2014-02-26,-17.948645
2014-02-27,-36.541531
2014-02-28,6.221278
2014-03-03,-9.827465
2014-03-04,-33.093319
2014-03-05,-54.641271
2014-03-06,1.775193
2014-03-07,-27.036038
2014-03-10,-86.424353
2014-03-11,-3.345362
2014-03-12,-7.337143
2014-03-13,14.442346
2014-03-14,-40.594268
2014-03-17,3.689862
2014-03-18,-24.889492
2014-03-19,-41.623822
2014-03-20,-48.28668
2014-03-21,86.972615
2014-03-24,21.37148
2014-03-25,-7.595094
2014-03-26,-25.55108
2014-03-27,-18.246786
2014-03-28,-17.202914
2014-03-31,-7.42117
2014-04-01,12.984669
2014-04-02,12.280302
2014-04-03,-33.867288
2014-04-04,20.336456
2014-04-08,92.644648
2014-04-09,-0.524653
2014-04-10,35.934941
2014-04-11,-13.192381
2014-04-14,-18.198833
2014-04-15,-77.260811
2014-04-16,-6.389732
2014-04-17,-29.334794
2014-04-18,-9.752343
2014-04-21,-62.044044
2014-04-22,-29.335981
2014-04-23,-22.680036
2014-04-24,-23.166953
2014-04-25,-39.551551
2014-04-28,-32.595526
2014-04-29,21.007186
2014-04-30,-12.271683
2014-05-05,-11.907817
2014-05-06,-11.519985
2014-05-07,-27.737865
2014-05-08,4.159876
2014-05-09,-2.381797
2014-05-12,39.865848
2014-05-13,-37.094264
2014-05-14,-8.435797
2014-05-15,-33.930751
2014-05-16,4.736308
2014-05-19,-40.841794
2014-05-20,-15.410788
2014-05-21,28.253178
2014-05-22,-8.816659
2014-05-23,19.261121
2014-05-26,-8.5902
2014-05-27,-18.345714
2014-05-28,28.184599
2014-05-29,-30.063247
2014-05-30,5.673525
2014-06-03,-28.817967
2014-06-04,-47.586664
2014-06-05,22.803785
2014-06-06,-37.00949
2014-06-09,-6.861029
2014-06-10,47.487028
2014-06-11,-4.017676
2014-06-12,-15.849915
2014-06-13,39.290026
2014-06-16,25.878579
2014-06-17,-32.375157
2014-06-18,-15.424128
2014-06-19,-41.495833
2014-06-20,3.063895
2014-06-23,-15.71985
2014-06-24,11.23245
2014-06-25,-16.183986
2014-06-26,20.25831
2014-06-27,-1.308921
2014-06-30,15.899559
2014-07-01,-21.071025
2014-07-02,-7.295653
2014-07-03,3.420732
2014-07-04,-22.326034
2014-07-07,-30.493133
2014-07-08,-17.611198
2014-07-09,-80.761292
2014-07-10,-31.86597
2014-07-11,-6.970446
2014-07-14,17.476082
2014-07-15,-17.050871
2014-07-16,-17.743122
2014-07-17,-37.123499
2014-07-18,1.541896
2014-07-21,-11.805137
2014-07-22,52.858089
2014-07-23,-4.476527
2014-07-24,85.061674
2014-07-25,58.458552
2014-07-28,106.145789
2014-07-29,2.38061
2014-07-30,-17.932295
2014-07-31,39.247941
2014-08-01,-0.779608
2014-08-04,89.753842
2014-08-05,-41.816197
2014-08-06,-18.852532
2014-08-07,-123.09749
2014-08-08,-13.946001
2014-08-11,62.356515
2014-08-12,-67.447474
2014-08-13,-31.944179
2014-08-14,-80.81814
2014-08-15,34.391794
2014-08-18,-24.377132
2014-08-19,-70.83788
2014-08-20,-58.469563
2014-08-21,-77.971589
2014-08-22,-1.001358
2014-08-25,-57.497291
2014-08-26,-61.87113
2014-08-27,-14.497413
2014-08-28,-49.330776
2014-08-29,28.467885
2014-09-01,-10.758206
2014-09-02,19.453858
2014-09-03,46.830739
2014-09-04,19.624493
2014-09-05,58.773642
2014-09-09,-28.783837
2014-09-10,-54.617711
2014-09-11,-46.762397
2014-09-12,-8.141288
2014-09-15,-52.196473
2014-09-16,-172.363193
2014-09-17,-5.396658
2014-09-18,-27.493581
2014-09-19,20.372967
2014-09-22,-114.406351
2014-09-23,21.948141
2014-09-24,99.440962
2014-09-25,-22.492082
2014-09-26,-19.328305
2014-09-29,-50.860234
2014-09-30,-47.682186
2014-10-08,-12.987036
2014-10-09,-54.365831
2014-10-10,-90.751209
2014-10-13,-53.101841
2014-10-14,-77.346427
2014-10-15,8.542435
2014-10-16,-47.252815
2014-10-17,-23.531782
2014-10-20,0.6977
2014-10-21,-72.056611
2014-10-22,-51.133849
2014-10-23,-54.866947
2014-10-24,-29.293781
2014-10-27,-42.612352
2014-10-28,69.692964
2014-10-29,29.401959
2014-10-30,-3.557303
2014-10-31,107.015479
2014-11-03,-20.16154
2014-11-04,-42.181642
2014-11-05,-50.35303
2014-11-06,-28.531816
2014-11-07,-22.41768
2014-11-10,92.89457
2014-11-11,-73.162235
2014-11-12,72.7778
2014-11-13,-79.685177
2014-11-14,-34.048838
2014-11-17,-83.287104
2014-11-18,-95.065942
2014-11-19,-40.675657
2014-11-20,-19.265954
2014-11-21,122.227476
2014-11-24,136.755557
2014-11-25,74.16522
2014-11-26,30.89108
2014-11-27,-54.334027
2014-11-28,-12.733845
2014-12-01,-15.522445
2014-12-02,191.785065
2014-12-03,-11.242342
2014-12-04,208.928463
2014-12-05,-139.137266
2014-12-08,119.564279
2014-12-09,-274.595194
2014-12-10,97.925101
2014-12-11,-145.33367
2014-12-12,-9.120546
2014-12-15,23.34799
2014-12-16,30.746784
2014-12-17,-51.504105
2014-12-18,-1.36519
2014-12-19,26.167418
2014-12-22,-70.703852
2014-12-23,-115.006473
2014-12-24,-274.324376
2014-12-25,78.320997
2014-12-26,239.771546
2014-12-29,-100.338146
2014-12-30,-42.855825
2014-12-31,178.623077
2015-01-05,211.904562
2015-01-06,-108.004736
2015-01-07,-77.843336
2015-01-08,-241.37675
2015-01-09,68.091847
2015-01-12,-126.169252
2015-01-13,-24.254587
2015-01-14,-91.648819
2015-01-15,167.558957
2015-01-16,58.509417
2015-01-19,-286.69687
2015-01-20,-11.60108
2015-01-21,169.069303
2015-01-22,-59.694423
2015-01-23,-68.876548
2015-01-26,-8.659019
2015-01-27,-115.508442
2015-01-28,-117.67358
2015-01-29,-94.845328
2015-01-30,-157.310389
2015-02-02,-86.742696
2015-02-03,103.396115
2015-02-04,-57.090916
2015-02-05,-63.186268
2015-02-06,-135.578837
2015-02-09,90.747561
2015-02-10,96.72851
2015-02-11,42.30118
2015-02-12,5.815325
2015-02-13,45.522283
2015-02-16,17.881335
2015-02-17,7.950929
2015-02-25,-173.94515
2015-02-26,133.519869
2015-02-27,18.053085
2015-03-02,-92.866357
2015-03-03,-288.650784
2015-03-04,-15.893005
2015-03-05,-157.130724
2015-03-06,-85.564168
2015-03-09,82.488875
2015-03-10,-19.177403
2015-03-11,-5.244516
2015-03-12,185.327977
2015-03-13,36.844676
2015-03-16,160.597633
2015-03-17,7.082187
2015-03-18,174.579083
2015-03-19,-111.716801
2015-03-20,-20.349114
2015-03-23,151.931213
2015-03-24,-132.922477
2015-03-25,-233.985755
2015-03-26,-50.013117
2015-03-27,-14.389036
2015-03-30,279.821567
2015-03-31,-185.751395
2015-04-01,156.754963
2015-04-02,-250.710268
2015-04-03,97.894241
2015-04-07,96.78696
2015-04-08,-28.204192
2015-04-09,-179.127386
2015-04-10,232.592321
2015-04-13,4.837293
2015-04-14,-99.838969
2015-04-15,-102.381902
2015-04-16,287.473509
2015-04-17,50.966681
2015-04-20,-423.595624
2015-04-21,75.3017
2015-04-22,209.362214
2015-04-23,-265.901497
2015-04-24,-275.425497
2015-04-27,120.585199
2015-04-28,-386.203696
2015-04-29,61.35706
2015-04-30,-158.41646
2015-05-04,-2.768744
2015-05-05,-451.294104
2015-05-06,-39.497146
2015-05-07,-23.018711
2015-05-08,0.922477
2015-05-11,109.697918
2015-05-12,5.229692
2015-05-13,-240.982337
2015-05-14,-127.593092
2015-05-15,-170.920544
2015-05-18,-103.592517
2015-05-19,357.079219
2015-05-20,151.46206
2015-05-21,105.894539
2015-05-22,211.473436
2015-05-25,245.538875
2015-05-26,16.431386
2015-05-27,-115.280869
2015-05-28,-490.739351
2015-05-29,-43.400488
2015-06-01,414.159516
2015-06-02,36.376835
2015-06-03,-95.56169
2015-06-04,-19.808786
2015-06-05,70.510468
2015-06-08,276.109039
2015-06-09,-264.689775
2015-06-10,27.535435
2015-06-11,-105.098098
2015-06-12,5.228428
2015-06-15,-213.172655
2015-06-16,-333.131284
2015-06-17,84.866363
2015-06-18,-239.048499
2015-06-19,-155.320614
2015-06-23,151.353315
2015-06-24,1.59414
2015-06-25,-282.711307
2015-06-26,-359.510827
2015-06-29,1.998953
2015-06-30,394.80248
2015-07-01,-254.976258
2015-07-02,-50.477344
2015-07-03,-7.50974
2015-07-06,-28.47965
2015-07-07,244.825032
2015-07-08,321.078234
2015-07-09,272.236147
2015-07-10,-111.898187
2015-07-13,-136.956712
2015-07-14,-405.122961
2015-07-15,-372.699928
2015-07-16,-19.316435
2015-07-17,155.221812
2015-07-20,-172.230218
2015-07-21,-43.151557
2015-07-22,-132.660971
2015-07-23,197.931837
2015-07-24,-98.059057
2015-07-27,-403.530093
2015-07-28,-147.196553
2015-07-29,-116.804833
2015-07-30,-110.549325
2015-07-31,-211.596221
2015-08-03,-206.816597
2015-08-04,126.635119
2015-08-05,-179.082159
2015-08-06,-33.405841
2015-08-07,87.437649
2015-08-10,287.512364
2015-08-11,-255.18103
2015-08-12,-158.117981
2015-08-13,-22.08206
2015-08-14,-139.115815
2015-08-17,-102.525685
2015-08-18,-470.542037
2015-08-19,-116.380107
2015-08-20,-231.379538
2015-08-21,-269.254078
2015-08-24,42.924576
2015-08-25,48.043897
2015-08-26,-25.421879
2015-08-27,30.987218
2015-08-28,25.700164
2015-08-31,-176.107287
2015-09-01,-433.598537
2015-09-02,-202.92585
2015-09-07,-257.893635
2015-09-08,66.26451
2015-09-09,8.938927
2015-09-10,-74.253447
2015-09-11,-48.260165
2015-09-14,-83.564902
2015-09-15,-100.653808
2015-09-16,98.547532
2015-09-17,-21.794405
2015-09-18,-47.305015
2015-09-21,72.17425
2015-09-22,-3.660055
2015-09-23,-116.853576
2015-09-24,-32.847595
2015-09-25,-110.45261
2015-09-28,10.17288
2015-09-29,-103.798665
2015-09-30,12.26027
2015-10-08,-7.601266
2015-10-09,78.2923
2015-10-12,19.589293
2015-10-13,-42.794111
2015-10-14,-136.806739
2015-10-15,128.602753
2015-10-16,6.427689
2015-10-19,-117.648038
2015-10-20,-6.773606
2015-10-21,-164.226652
2015-10-22,-0.927428
2015-10-23,-25.873095
2015-10-26,-104.5247
2015-10-27,-42.655881
2015-10-28,-185.55448
2015-10-29,-34.237962
2015-10-30,-13.151336
2015-11-02,-131.501411
2015-11-03,-87.911919
2015-11-04,297.80055
2015-11-05,-46.476914
2015-11-06,139.809147
2015-11-09,-136.162269
2015-11-10,-149.869619
2015-11-11,-153.028874
2015-11-12,-239.49295
2015-11-13,-136.475377
2015-11-16,-22.493862
2015-11-17,-227.763397
2015-11-18,-206.832321
2015-11-19,45.492081
2015-11-20,-140.845156
2015-11-23,-176.65199
2015-11-24,-77.860477
2015-11-25,10.570056
2015-11-26,-147.764508
2015-11-27,-383.012366
2015-11-30,-63.031967
2015-12-01,-27.188099
2015-12-02,196.592727
2015-12-03,37.247759
2015-12-04,-197.608988
2015-12-07,-42.796001
2015-12-08,-144.161583
2015-12-09,3.796279
2015-12-10,-52.755126
2015-12-11,-48.152819
2015-12-14,163.605845
2015-12-15,-82.04291
2015-12-16,-74.909557
2015-12-17,9.051543
2015-12-18,-93.13816
2015-12-21,141.387988
2015-12-22,-38.356301
2015-12-23,-43.302948
2015-12-24,-152.081549
2015-12-25,-71.313621
2015-12-28,-306.117096
2015-12-29,-20.135662
2015-12-30,-46.26034
2015-12-31,-65.709473
2016-01-04,-220.712226
2016-01-05,-65.272718
2016-01-06,18.481165
2016-01-07,-54.771314
2016-01-08,-38.402192
2016-01-11,-174.652255
2016-01-12,-18.384847
2016-01-13,-94.391658
2016-01-14,62.543477
2016-01-15,-134.768637
2016-01-18,17.593277
2016-01-19,68.926412
2016-01-20,-122.000702
2016-01-21,-97.132486
2016-01-22,-15.715449
2016-01-25,-16.149745
2016-01-26,-148.174928
2016-01-27,-8.813714
2016-01-28,-64.578451
2016-01-29,72.84809
2016-02-01,-72.845326
2016-02-02,54.971892
2016-02-03,-42.494911
2016-02-04,17.669745
2016-02-05,-39.85772
2016-02-15,14.594621
2016-02-16,69.194859
2016-02-17,12.83797
2016-02-18,-52.32804
2016-02-19,-39.129921
2016-02-22,79.154468
2016-02-23,-152.538312
2016-02-24,-12.485426
2016-02-25,-340.038352
2016-02-26,-23.44255
2016-02-29,-117.64817
2016-03-01,87.692122
2016-03-02,216.592005
2016-03-03,-45.501773
2016-03-04,-108.905318
2016-03-07,-48.376334
2016-03-08,-56.957176
2016-03-09,-78.199158
2016-03-10,-102.721699
2016-03-11,6.159324
2016-03-14,55.136623
2016-03-15,-23.846997
2016-03-16,-90.558625
2016-03-17,86.10258
2016-03-18,-7.451572
2016-03-21,-170.343645
2016-03-22,-116.199239
2016-03-23,-21.426176
2016-03-24,-197.714023
2016-03-25,-33.746989
2016-03-28,-140.146968
2016-03-29,-121.431223
2016-03-30,177.903079
2016-03-31,-68.941544
2016-04-01,-97.340611
2016-04-05,112.111606
2016-04-06,-95.312141
2016-04-07,-243.729008
2016-04-08,-150.55121
2016-04-11,24.829428
2016-04-12,-94.949826
2016-04-13,183.614126
2016-04-14,-51.185376
2016-04-15,-115.030017
2016-04-18,-186.569876
2016-04-19,-45.085968
2016-04-20,-268.060453
2016-04-21,-11.965652
2016-04-22,-8.349879
2016-04-25,-45.84645
2016-04-26,-6.260643
2016-04-27,-72.608183
2016-04-28,-35.101204
2016-04-29,-28.251281
2016-05-03,74.32164
2016-05-04,-60.963221
2016-05-05,-10.872624
2016-05-06,-263.225047
2016-05-09,-148.496269
2016-05-10,-33.083119
2016-05-11,-1.165288
2016-05-12,17.974446
2016-05-13,-82.892409
2016-05-16,27.814349
2016-05-17,-40.181643
2016-05-18,-116.851052
2016-05-19,-6.926317
2016-05-20,44.277024
2016-05-23,-15.182434
2016-05-24,-88.278145
2016-05-25,-46.593223
2016-05-26,-21.958174
2016-05-27,14.528071
2016-05-30,14.284209
2016-05-31,272.681068
2016-06-01,-71.208838
2016-06-02,-9.294521
2016-06-03,64.903091
2016-06-06,-93.341781
2016-06-07,-32.868252
2016-06-08,-49.817854
2016-06-13,-221.401248
2016-06-14,-40.862138
2016-06-15,70.409389
2016-06-16,-96.886624
2016-06-17,7.224704
2016-06-20,-25.92185
2016-06-21,-65.614025
2016-06-22,92.44387
2016-06-23,-77.545554
2016-06-24,-126.627365
2016-06-27,108.120083
2016-06-28,24.132198
2016-06-29,-7.81606
2016-06-30,-2.742853
2016-07-01,-38.010396
2016-07-04,250.044196
2016-07-05,15.155481
2016-07-06,-15.729176
2016-07-07,-78.741026
2016-07-08,-53.808567
2016-07-11,-8.127418
2016-07-12,239.033622
2016-07-13,15.579605
2016-07-14,-92.847851
2016-07-15,-63.864329
2016-07-18,-80.286652
2016-07-19,-77.614475
2016-07-20,-89.773165
2016-07-21,20.336484
2016-07-22,-131.449917
2016-07-25,-13.935192
2016-07-26,110.566566
2016-07-27,-213.863462
2016-07-28,23.594198
2016-07-29,-98.359091
2016-08-01,-75.897693
2016-08-02,5.984574
2016-08-03,-19.229735
2016-08-04,-17.289205
2016-08-05,2.55229
2016-08-08,66.016947
2016-08-09,58.543157
2016-08-10,-83.11766
2016-08-11,-48.291408
2016-08-12,181.229775
2016-08-15,266.899211
2016-08-16,-297.056456
2016-08-17,-97.424394
2016-08-18,-117.966639
2016-08-19,-51.974012
2016-08-22,-175.313292
2016-08-23,-53.965005
2016-08-24,-84.135374
2016-08-25,-105.442035
2016-08-26,-52.030242
2016-08-29,-36.887261
2016-08-30,-38.004861
2016-08-31,-3.248465
2016-09-01,-127.223818
2016-09-02,-25.350866
2016-09-05,-30.802537
2016-09-06,-18.919811
2016-09-07,-38.583894
2016-09-08,-77.315446
2016-09-09,-99.796593
2016-09-12,-249.6103
2016-09-13,-36.749075
2016-09-14,-98.520993
2016-09-19,-0.575509
2016-09-20,-69.462778
2016-09-21,14.999211
2016-09-22,60.800563
2016-09-23,-83.535988
2016-09-26,-164.389399
2016-09-27,26.602268
2016-09-28,-48.029801
2016-09-29,27.144514
2016-09-30,14.207771
2016-10-10,50.837275
2016-10-11,-22.964807
2016-10-12,-64.773317
2016-10-13,-16.196265
2016-10-14,-23.103615
2016-10-17,-125.440873
2016-10-18,161.169887
2016-10-19,-59.739131
2016-10-20,-19.645844
2016-10-21,-18.77944
2016-10-24,127.868897
2016-10-25,-108.471466
2016-10-26,-100.251616
2016-10-27,-74.816341
2016-10-28,-81.529629
2016-10-31,-38.365272
2016-11-01,46.282154
2016-11-02,-112.988367
2016-11-03,100.903378
2016-11-04,-112.736099
2016-11-07,-30.291764
2016-11-08,-12.233936
2016-11-09,-138.971702
2016-11-10,48.532243
2016-11-11,150.60866
2016-11-14,14.586095
2016-11-15,-113.380234
2016-11-16,-52.767647
2016-11-17,-16.614027
2016-11-18,-161.772167
2016-11-21,-2.824507
2016-11-22,-4.625464
2016-11-23,-71.676402
2016-11-24,27.384068
2016-11-25,86.561798
2016-11-28,-49.93815
2016-11-29,91.299654
2016-11-30,-173.024052
2016-12-01,-9.562664
2016-12-02,-243.292894
2016-12-05,-225.135217
2016-12-06,-101.475831
2016-12-07,-0.482614
2016-12-08,-111.244452
2016-12-09,37.38862
2016-12-12,-307.332899
2016-12-13,-27.327512
2016-12-14,-122.636116
2016-12-15,-150.432644
2016-12-16,-47.736954
2016-12-19,-90.583537
2016-12-20,-127.90321
2016-12-21,56.902525
2016-12-22,-33.927591
2016-12-23,-112.009034
2016-12-26,40.115792
2016-12-27,-54.903487
2016-12-28,-98.173818
2016-12-29,-32.568194
2016-12-30,-40.05417
2017-01-03,42.83205
2017-01-04,66.269973
2017-01-05,-18.199185
2017-01-06,-86.758267
2017-01-09,33.924627
2017-01-10,-52.906138
2017-01-11,-107.613867
2017-01-12,-72.493459
2017-01-13,-50.011794
2017-01-16,-55.679718
2017-01-17,6.176956
2017-01-18,41.177488
2017-01-19,-33.093344
2017-01-20,77.704652
2017-01-23,-2.532432
2017-01-24,1.787564
2017-01-25,37.467897
2017-01-26,-7.893508
2017-02-03,-67.283344
2017-02-06,-40.613261
2017-02-07,-61.194608
2017-02-08,43.647049
2017-02-09,-26.345412
2017-02-10,58.060495
2017-02-13,-26.385627
2017-02-14,-33.719625
2017-02-15,-101.667661
2017-02-16,13.441424
2017-02-17,-123.034847
2017-02-20,60.640597
2017-02-21,7.826439
2017-02-22,-26.126968
2017-02-23,-147.467485
2017-02-24,-30.515721
2017-02-27,-164.089279
2017-02-28,-32.883716
2017-03-01,-4.245082
2017-03-02,-158.545053
2017-03-03,-72.754111
2017-03-06,-4.345155
2017-03-07,-52.189008
2017-03-08,-62.149649
2017-03-09,-117.024833
2017-03-10,-36.842593
2017-03-13,98.883611
2017-03-14,-48.877029
2017-03-15,-5.02187
2017-03-16,3.595102
2017-03-17,-213.983211
2017-03-20,-87.718387
2017-03-21,3.707253
2017-03-22,-95.174572
2017-03-23,-22.627198
2017-03-24,112.525768
2017-03-27,-82.978843
2017-03-28,-72.918927
2017-03-29,-19.582796
2017-03-30,-144.933095
2017-03-31,37.503022
2017-04-05,49.004013
2017-04-06,12.601429
2017-04-07,-65.798359
2017-04-10,-106.522932
2017-04-11,-169.865149
2017-04-12,-71.676268
2017-04-13,-13.881201
2017-04-14,-136.744519
2017-04-17,-34.702572
2017-04-18,-47.853905
2017-04-19,-84.551144
2017-04-20,16.323606
2017-04-21,-5.507276
2017-04-24,-88.439141
2017-04-25,-2.918534
2017-04-26,24.2017
2017-04-27,-31.034227
2017-04-28,-31.660108
2017-05-02,-42.146398
2017-05-03,-84.723857
2017-05-04,-46.687262
2017-05-05,-100.109257
2017-05-08,-52.113624
2017-05-09,-16.593024
2017-05-10,-76.154829
2017-05-11,31.833396
2017-05-12,46.859843
2017-05-15,4.802122
2017-05-16,76.663081
2017-05-17,-79.331893
2017-05-18,-58.634559
2017-05-19,-28.707722
2017-05-22,-50.922516
2017-05-23,18.039852
2017-05-24,-6.815336
2017-05-25,148.848322
2017-05-26,-47.23915
2017-05-31,-49.389139
2017-06-01,3.348359
2017-06-02,-45.187129
2017-06-05,-67.127759
2017-06-06,28.681774
2017-06-07,51.63943
2017-06-08,21.462794
2017-06-09,-9.416963
2017-06-12,-64.999483
2017-06-13,-3.722696
2017-06-14,-170.948758
2017-06-15,-59.680014
2017-06-16,-56.951135
2017-06-19,27.487238
2017-06-20,-57.124641
2017-06-21,45.83241
2017-06-22,-12.274302
2017-06-23,5.722166
2017-06-26,70.088812
2017-06-27,-40.766343
2017-06-28,-101.983674
2017-06-29,38.002922
2017-06-30,-34.451642
2017-07-03,-90.524354
2017-07-04,-162.00585
2017-07-05,80.965131
2017-07-06,-51.898746
2017-07-07,-8.768785
2017-07-10,-34.678925
2017-07-11,39.159584
2017-07-12,-82.474546
2017-07-13,59.93538
2017-07-14,4.749056
2017-07-17,-72.812014
2017-07-18,-21.086091
2017-07-19,150.945461
2017-07-20,-5.132332
2017-07-21,-70.922861
2017-07-24,-24.017542
2017-07-25,-129.425832
2017-07-26,-109.00405
2017-07-27,-50.499468
2017-07-28,13.161967
2017-07-31,-19.502796
2017-08-01,24.107505
2017-08-02,-61.111536
2017-08-03,-154.687759
2017-08-04,-88.522959
2017-08-07,-15.041349
2017-08-08,-20.455245
2017-08-09,-63.457989
2017-08-10,-94.532226
2017-08-11,-245.071358
2017-08-14,79.326817
2017-08-15,-39.107516
2017-08-16,-42.949899
2017-08-17,20.68868
2017-08-18,-50.242312
2017-08-21,-7.171147
2017-08-22,-84.721245
2017-08-23,-24.646061
2017-08-24,-121.52301
2017-08-25,230.517668
2017-08-28,35.315087
2017-08-29,-109.235694
2017-08-30,-18.371992
2017-08-31,-173.379911
2017-09-01,-103.390518
2017-09-04,-26.047367
2017-09-05,-47.037487
2017-09-06,-79.769427
2017-09-07,-173.517173
2017-09-08,-110.322722
2017-09-11,-94.807456
2017-09-12,-88.398107
2017-09-13,-51.538105
2017-09-14,-138.781613
2017-09-15,-45.389715
2017-09-18,-6.392258
2017-09-19,-180.911075
2017-09-20,-42.179483
2017-09-21,-97.681912
2017-09-22,-53.412513
2017-09-25,-96.851753
2017-09-26,-18.945882
2017-09-27,-16.197107
2017-09-28,-33.382729
2017-09-29,-53.670383
2017-10-09,-114.753673
2017-10-10,-110.691512
2017-10-11,-55.439865
2017-10-12,-46.304502
2017-10-13,2.91836
2017-10-16,-68.3721
2017-10-17,-60.162006
2017-10-18,42.616306
2017-10-19,-111.728599
2017-10-20,-18.969963
2017-10-23,-35.596117
2017-10-24,34.405559
2017-10-25,13.837618
2017-10-26,-60.805668
2017-10-27,-75.294439
2017-10-30,-85.853413
2017-10-31,-29.147191
2017-11-01,-117.235251
2017-11-02,-105.064206
2017-11-03,-104.054769
2017-11-06,36.241219
2017-11-07,-20.195405
2017-11-08,-101.449911
2017-11-09,11.417164
2017-11-10,11.167209
2017-11-13,-76.691585
2017-11-14,-172.278941
2017-11-15,-159.349123
2017-11-16,20.461561
2017-11-17,-5.90634
2017-11-20,16.972766
2017-11-21,161.561919
2017-11-22,-28.918213
2017-11-23,-330.776885
2017-11-24,-122.23021
2017-11-27,-262.865972
2017-11-28,-19.052992
2017-11-29,-60.401777
2017-11-30,-142.004905
2017-12-01,-49.136711
2017-12-04,26.218918
2017-12-05,-93.329087
2017-12-06,-142.114394
2017-12-07,-172.264126
2017-12-08,6.72699
2017-12-11,123.818491
2017-12-12,-157.08431
2017-12-13,32.530337
2017-12-14,-98.191554
2017-12-15,-179.802397
2017-12-18,-60.727439
2017-12-19,98.998651
2017-12-20,-32.450046
2017-12-21,122.684523
2017-12-22,-86.620639
2017-12-25,-91.504737
2017-12-26,4.435244
2017-12-27,-178.14329
2017-12-28,42.331499
2017-12-29,-20.889654
2018-01-02,-22.428425
2018-01-03,51.459068
2018-01-04,-69.734528
2018-01-05,-59.058923
2018-01-08,2.63153
2018-01-09,14.10521
2018-01-10,-26.000592
2018-01-11,-20.539042
2018-01-12,-19.773168
2018-01-15,-83.5304
2018-01-16,-69.191329
2018-01-17,-108.315922
2018-01-18,-121.638598
2018-01-19,-28.700419
2018-01-22,-40.333233
2018-01-23,-48.940996
2018-01-24,-27.551675
2018-01-25,-89.136077
2018-01-26,37.800594
2018-01-29,-271.275151
2018-01-30,-187.260556
2018-01-31,-39.710132
2018-02-01,-179.726857
2018-02-02,91.818374
2018-02-05,56.714695
2018-02-06,-434.769096
2018-02-07,-321.276605
2018-02-08,-173.380503
2018-02-09,-324.589239
2018-02-12,29.773437
2018-02-13,-43.447329
2018-02-14,1.960605
2018-02-22,36.489785
2018-02-23,-25.132199
2018-02-26,-11.656754
2018-02-27,-255.227885
2018-02-28,-49.517526
2018-03-01,6.367787
2018-03-02,-112.356345
2018-03-05,-72.131808
2018-03-06,-2.394134
2018-03-07,-133.973535
2018-03-08,8.497559
2018-03-09,60.565353
2018-03-12,-50.139486
2018-03-13,-150.079603
2018-03-14,-86.606398
2018-03-15,-13.150273
2018-03-16,-168.494646
2018-03-19,-21.21544
2018-03-20,-35.668407
2018-03-21,-128.384027
2018-03-22,-180.2507
2018-03-23,-301.236753
2018-03-26,-56.798626
2018-03-27,-70.739943
2018-03-28,-144.243044
2018-03-29,65.594687
2018-03-30,-1.142153
2018-04-02,-93.429393
2018-04-03,-72.428629
2018-04-04,-95.841375
2018-04-09,-34.529242
2018-04-10,147.9574
2018-04-11,-19.728121
2018-04-12,-128.125882
2018-04-13,-103.127676
2018-04-16,-193.531587
2018-04-17,-147.805519
2018-04-18,-2.57931
2018-04-19,30.362964
2018-04-20,-160.636954
2018-04-23,-25.946745
2018-04-24,128.030272
2018-04-25,-67.938901
2018-04-26,-187.442416
2018-04-27,20.258901
2018-05-02,-23.460461
2018-05-03,100.721136
2018-05-04,-56.501192
2018-05-07,112.076126
2018-05-08,75.760949
2018-05-09,-61.328628
2018-05-10,-8.492684
2018-05-11,-42.670132
2018-05-14,20.42224
2018-05-15,-24.603698
2018-05-16,-102.522504
2018-05-17,-104.960971
2018-05-18,70.194405
2018-05-21,-49.038745
2018-05-22,-117.852299
2018-05-23,-184.443517
2018-05-24,-116.408921
2018-05-25,-71.020052
2018-05-28,-6.126225
2018-05-29,-112.462498
2018-05-30,-121.833595
2018-05-31,94.571369
2018-06-01,-81.384564
2018-06-04,51.718472
2018-06-05,59.084956
2018-06-06,-32.221353
2018-06-07,-12.596193
2018-06-08,-167.337602
2018-06-11,-1.03714
2018-06-12,105.956651
2018-06-13,-107.692828
2018-06-14,-39.761151
2018-06-15,-40.501007
2018-06-19,-294.28578
2018-06-20,0.856647
2018-06-21,-72.540549
2018-06-22,38.123713
2018-06-25,-105.890616
2018-06-26,-37.645204
2018-06-27,-153.326195
2018-06-28,-30.956713
2018-06-29,144.682401
2018-07-02,-225.278778
2018-07-03,23.633439
2018-07-04,-78.166476
2018-07-05,-75.302407
2018-07-06,26.095909
2018-07-09,130.174159
2018-07-10,-35.785501
2018-07-11,-76.833459
2018-07-12,142.677661
2018-07-13,3.890507
2018-07-16,-60.731039
2018-07-17,-69.907266
2018-07-18,-67.812759
2018-07-19,-31.048277
2018-07-20,148.838947
2018-07-23,113.944128
2018-07-24,81.556034
2018-07-25,-82.577183
2018-07-26,-154.862919
2018-07-27,-48.290238
2018-07-30,-66.235744
2018-07-31,-12.394556
2018-08-01,-143.980429
2018-08-02,-141.020404
2018-08-03,-94.892917
2018-08-06,-55.355364
2018-08-07,134.537421
2018-08-08,-115.847261
2018-08-09,153.510218
2018-08-10,-19.643579
2018-08-13,-21.220013
2018-08-14,-62.678457
2018-08-15,-182.190082
2018-08-16,-6.149943
2018-08-17,-108.980263
2018-08-20,47.180901
2018-08-21,80.2228
2018-08-22,-61.316505
2018-08-23,41.410105
2018-08-24,15.858764
2018-08-27,151.391417
2018-08-28,-22.632641
2018-08-29,-61.755341
2018-08-30,-108.5035
2018-08-31,-45.399997
2018-09-03,-34.338805
2018-09-04,61.351129
2018-09-05,-130.199019
2018-09-06,-67.331627
2018-09-07,-19.06516
2018-09-10,-91.37453
2018-09-11,-17.538785
2018-09-12,-37.483449
2018-09-13,34.594696
2018-09-14,-3.40977
2018-09-17,-51.92689
2018-09-18,122.577704
2018-09-19,121.745248
2018-09-20,-6.363117
2018-09-21,269.559057
2018-09-25,-50.446956
2018-09-26,76.673362
2018-09-27,-44.176467
2018-09-28,70.366728
2018-10-08,-185.592213
2018-10-09,-40.713255
2018-10-10,-45.974763
2018-10-11,-175.469535
2018-10-12,46.002835
2018-10-15,-103.46614
2018-10-16,-34.45614
2018-10-17,21.512185
2018-10-18,-73.844
2018-10-19,159.15314
2018-10-22,160.686033
2018-10-23,-180.23242
2018-10-24,17.263923
2018-10-25,45.904441
2018-10-26,-83.342402
2018-10-29,-77.87028
2018-10-30,107.426124
2018-10-31,46.894958
2018-11-01,-16.16721
2018-11-02,158.984812
2018-11-05,-99.16671
2018-11-06,-57.438111
2018-11-07,-65.923533
2018-11-08,-84.374362
2018-11-09,-69.672393
2018-11-12,83.807613
2018-11-13,71.686083
2018-11-14,-122.594028
2018-11-15,101.511287
2018-11-16,30.852365
2018-11-19,57.210553
2018-11-20,-234.118379
2018-11-21,-1.954187
2018-11-22,-60.264109
2018-11-23,-171.43624
2018-11-26,-45.935306
2018-11-27,-41.052552
2018-11-28,71.173388
2018-11-29,-103.127812
2018-11-30,50.845317
2018-12-03,81.138696
2018-12-04,14.912001
2018-12-05,13.474227
2018-12-06,-165.994064
2018-12-07,-4.201295
2018-12-10,-68.556283
2018-12-11,-2.908817
2018-12-12,-4.350397
2018-12-13,123.180278
2018-12-14,-134.522297
2018-12-17,-6.231745
2018-12-18,-73.308365
2018-12-19,-92.267707
2018-12-20,-65.338962
2018-12-21,-91.594301
2018-12-24,11.329147
2018-12-25,-40.914705
2018-12-26,-26.365111
2018-12-27,-46.043129
2018-12-28,41.968278
2019-01-02,-91.001068
2019-01-03,-33.07921
2019-01-04,134.634094
2019-01-07,-2.998783
2019-01-08,-41.007346
2019-01-09,63.520283
2019-01-10,-52.668995
2019-01-11,19.070033
2019-01-14,-94.113152
2019-01-15,143.399239
2019-01-16,-33.535936
2019-01-17,-40.443607
2019-01-18,143.464414
2019-01-21,11.328625
2019-01-22,-118.268589
2019-01-23,-20.369525
2019-01-24,30.157339
2019-01-25,67.373525
2019-01-28,-37.877197
2019-01-29,-2.25567
2019-01-30,-39.920567
2019-01-31,52.79178
2019-02-01,81.024621
2019-02-11,94.141555
2019-02-12,22.778534
2019-02-13,133.789033
2019-02-14,-57.305973
2019-02-15,-197.199537
2019-02-18,210.033595
2019-02-19,-138.813375
2019-02-20,-13.907173
2019-02-21,-50.239081
2019-02-22,160.890309
2019-02-25,244.01527
2019-02-26,-184.639431
2019-02-27,-160.69532
2019-02-28,-76.401474
2019-03-01,153.541609
2019-03-04,0.115657
2019-03-05,17.186474
2019-03-06,-71.620834
2019-03-07,-290.219526
2019-03-08,-411.354131
2019-03-11,41.105333
2019-03-12,-105.167431
2019-03-13,-261.290305
2019-03-14,-127.32768
2019-03-15,46.73943
2019-03-18,310.100285
2019-03-19,-183.894942
2019-03-20,-78.872952
2019-03-21,-64.567481
2019-03-22,-166.555605
2019-03-25,-325.897165
2019-03-26,-253.362451
2019-03-27,22.650172
2019-03-28,-111.151541
2019-03-29,450.984493
2019-04-01,206.955808
2019-04-02,-157.303026
2019-04-03,182.388744
2019-04-04,-48.38706
2019-04-08,-238.243437
2019-04-09,-51.973285
2019-04-10,-27.597131
2019-04-11,-347.937442
2019-04-12,-44.883472
2019-04-15,-189.986146
2019-04-16,339.232899
2019-04-17,-41.740755
2019-04-18,-90.988782
2019-04-19,56.532865
2019-04-22,-398.552994
2019-04-23,-53.837589
2019-04-24,-6.246335
2019-04-25,-227.059669
2019-04-26,-82.89093
2019-04-29,10.244321
2019-04-30,4.839792
2019-05-06,-241.612439
2019-05-07,17.396362
2019-05-08,-43.242161
2019-05-09,-113.807523
2019-05-10,180.285248
2019-05-13,-148.044464
2019-05-14,2.965753
2019-05-15,133.592512
2019-05-16,-7.786355
2019-05-17,-282.068967
2019-05-20,-38.990113
2019-05-21,108.59376
2019-05-22,-63.796758
2019-05-23,-128.213425
2019-05-24,26.299192
2019-05-27,71.692325
2019-05-28,4.56844
2019-05-29,-20.067515
2019-05-30,-76.925854
2019-05-31,-13.611817
2019-06-03,-11.061049
2019-06-04,-79.22926
2019-06-05,13.184723
2019-06-06,-68.362711
2019-06-10,94.185019
2019-06-11,305.982857
2019-06-12,-88.969876
2019-06-13,-47.644541
2019-06-14,-120.908969
2019-06-17,-7.648945
2019-06-18,20.75732
2019-06-19,10.908356
2019-06-20,373.082511
2019-06-21,29.192783
2019-06-24,-47.118387
2019-06-25,-142.776847
2019-06-26,-14.465524
2019-06-27,114.653287
2019-06-28,-18.699539
2019-07-01,154.79857
2019-07-02,-69.56796
2019-07-03,-131.233481
2019-07-04,-74.966094
2019-07-05,28.422804
2019-07-08,-215.623273
2019-07-09,-34.810231
2019-07-10,-58.934592
2019-07-11,-41.651671
2019-07-12,69.589206
2019-07-15,55.775861
2019-07-16,-53.067927
2019-07-17,-6.395912
2019-07-18,-101.10204
2019-07-19,89.849528
2019-07-22,-43.992992
2019-07-23,8.248883
2019-07-24,58.493367
2019-07-25,101.838788
2019-07-26,31.138863
2019-07-29,-36.456455
2019-07-30,13.001987
2019-07-31,-97.05554
2019-08-01,-117.307228
2019-08-02,-93.148415
2019-08-05,-160.818202
2019-08-06,-15.222164
2019-08-07,-77.261807
2019-08-08,36.373206
2019-08-09,-110.547675
2019-08-12,129.042363
2019-08-13,-70.186817
2019-08-14,-28.037253
2019-08-15,76.604968
2019-08-16,43.337185
2019-08-19,181.260492
2019-08-20,-50.139985
2019-08-21,-33.815689
2019-08-22,-25.67485
2019-08-23,28.291621
2019-08-26,-108.398981
2019-08-27,137.545484
2019-08-28,-108.866024
2019-08-29,-84.502303
2019-08-30,-67.879183
2019-09-02,110.510329
2019-09-03,-46.092824
2019-09-04,87.158182
2019-09-05,126.633888
2019-09-06,19.199403
2019-09-09,30.879748
2019-09-10,-92.763399
2019-09-11,-87.596049
2019-09-12,117.095168
2019-09-16,-136.409267
2019-09-17,-234.370508
2019-09-18,-4.102013
2019-09-19,27.831986
2019-09-20,15.60424
2019-09-23,-130.975646
2019-09-24,1.021456
2019-09-25,-107.249615
2019-09-26,-77.849516
2019-09-27,8.129013
2019-09-30,-114.499784
2019-10-08,-8.021411
2019-10-09,18.431189
2019-10-10,45.440485
2019-10-11,104.648101
2019-10-14,52.837702
2019-10-15,-97.626506
2019-10-16,-76.375456
2019-10-17,-14.53365
2019-10-18,-174.348218
2019-10-21,18.684055
2019-10-22,5.102156
2019-10-23,-90.836734
2019-10-24,-14.214291
2019-10-25,70.16858
2019-10-28,0.991922
2019-10-29,-88.036854
2019-10-30,-74.084744
2019-10-31,-74.289836
2019-11-01,176.328034
2019-11-04,29.821835
2019-11-05,111.689687
2019-11-06,-98.748355
2019-11-07,-2.227862
2019-11-08,-76.750366
2019-11-11,-174.615251
2019-11-12,-52.832908
2019-11-13,-11.583505
2019-11-14,14.668781
2019-11-15,-88.54777
2019-11-18,47.237925
2019-11-19,89.072691
2019-11-20,-143.405351
2019-11-21,-70.204785
2019-11-22,-115.663011
2019-11-25,83.440671
2019-11-26,21.079993
2019-11-27,-23.288275
2019-11-28,-39.653184
2019-11-29,-65.740156
2019-12-02,7.234352
2019-12-03,42.18836
2019-12-04,-9.773905
2019-12-05,79.840408
2019-12-06,2.296318
2019-12-09,-25.384366
2019-12-10,27.477402
2019-12-11,-25.210865
2019-12-12,-40.222988
2019-12-13,251.661264
2019-12-16,33.98523
2019-12-17,195.576807
2019-12-18,-53.297781
2019-12-19,-56.665873
2019-12-20,-59.141213
2019-12-23,-144.061105
2019-12-24,56.868223
2019-12-25,-51.315174
2019-12-26,85.593245
2019-12-27,-40.234459
2019-12-30,210.177273
2019-12-31,8.010036
2020-01-02,112.709479
2020-01-03,-63.842872
2020-01-06,-55.961628
2020-01-07,1.837129
2020-01-08,-217.676024
2020-01-09,71.609909
2020-01-10,-51.315783
2020-01-13,100.41079
2020-01-14,-72.402931
2020-01-15,-106.647699
2020-01-16,-92.372873
2020-01-17,5.800795
2020-01-20,85.718396
2020-01-21,-263.341316
2020-01-22,41.69624
2020-01-23,-393.768244
2020-02-03,416.072458
2020-02-04,32.085774
2020-02-05,-84.671983
2020-02-06,66.129641
2020-02-07,-135.523003
2020-02-10,-35.757396
2020-02-11,6.431197
2020-02-12,21.041849
2020-02-13,-195.078437
2020-02-14,6.298754
2020-02-17,255.93783
2020-02-18,-210.470681
2020-02-19,-83.370951
2020-02-20,237.269366
2020-02-21,-58.853524
2020-02-24,-124.461495
2020-02-25,-121.998742
2020-02-26,-126.490148
2020-02-27,-60.446562
2020-02-28,-366.218932
2020-03-02,253.531192
2020-03-03,-115.402487
2020-03-04,23.797504
2020-03-05,228.809249
2020-03-06,-286.0557
2020-03-09,-445.156526
2020-03-10,215.929081
2020-03-11,-274.467489
2020-03-12,-254.812099
2020-03-13,17.506596
2020-03-16,-349.048762
2020-03-17,26.262179
2020-03-18,-212.168743
2020-03-19,-23.391174
2020-03-20,60.082215
2020-03-23,-134.484683
2020-03-24,125.857112
2020-03-25,32.006004
2020-03-26,-83.289131
2020-03-27,-8.925692
2020-03-30,-28.302573
2020-03-31,-42.055505
2020-04-01,-8.964733
2020-04-02,164.686238
2020-04-03,-110.165097
2020-04-07,98.071082
2020-04-08,-89.220625
2020-04-09,-26.896126
2020-04-10,-111.927891
2020-04-13,-29.402187
2020-04-14,140.221569
2020-04-15,-87.587906
2020-04-16,40.549393
2020-04-17,63.316121
2020-04-20,-45.470126
2020-04-21,-193.278198
2020-04-22,46.726976
2020-04-23,-108.060485
2020-04-24,-127.381494
2020-04-27,25.48059
2020-04-28,48.937883
2020-04-29,35.060701
2020-04-30,185.091891
2020-05-06,29.183759
2020-05-07,-115.091556
2020-05-08,73.716187
2020-05-11,-98.488299
2020-05-12,-97.141154
2020-05-13,-13.672797
2020-05-14,-172.574231
2020-05-15,-38.662816
2020-05-18,12.653636
2020-05-19,7.072498
2020-05-20,-105.969405
2020-05-21,-126.724943
2020-05-22,-214.325012
2020-05-25,-35.385018
2020-05-26,43.306486
2020-05-27,-128.502776
2020-05-28,13.551434
2020-05-29,3.333417
2020-06-01,257.447385
2020-06-02,18.516788
2020-06-03,-49.336681
2020-06-04,-76.597148
2020-06-05,-1.824571
2020-06-08,-7.396465
2020-06-09,70.048899
2020-06-10,-26.410341
2020-06-11,-176.132268
2020-06-12,25.478672
2020-06-15,-191.367196
2020-06-16,113.803849
2020-06-17,-77.744387
2020-06-18,147.663433
2020-06-19,267.956768
2020-06-22,-102.236239
2020-06-23,-12.084891
2020-06-24,7.608902
2020-06-29,-182.247906
2020-06-30,129.457824
2020-07-01,146.667224
2020-07-02,360.706057
2020-07-03,207.749092
2020-07-06,547.599372
2020-07-07,-130.919317
2020-07-08,96.353653
2020-07-09,-134.402193
2020-07-10,-515.340403
2020-07-13,152.819415
2020-07-14,-410.56874
2020-07-15,-320.918871
2020-07-16,-503.797917
2020-07-17,-114.630643
2020-07-20,175.226733
2020-07-21,-136.325301
2020-07-22,58.005407
2020-07-23,-145.984714
2020-07-24,-634.44936
2020-07-27,-43.08129
2020-07-28,-21.071635
2020-07-29,345.811154
2020-07-30,-160.570128
2020-07-31,-40.600317
2020-08-03,0.4777
2020-08-04,-95.755319
2020-08-05,-23.628495
2020-08-06,-143.660657
2020-08-07,-278.550289
2020-08-10,119.436504
2020-08-11,-179.284806
2020-08-12,-77.584433
2020-08-13,-101.659924
2020-08-14,260.920885
2020-08-17,441.261576
2020-08-18,-145.698071
2020-08-19,-253.652788
2020-08-20,-194.243251
2020-08-21,3.467914
2020-08-24,87.805038
2020-08-25,-101.203702
2020-08-26,-281.742289
2020-08-27,-18.047733
2020-08-28,325.94334
2020-08-31,-100.94429
2020-09-01,41.64521
2020-09-02,-125.216039
2020-09-03,-203.738445
2020-09-04,-77.272578
2020-09-07,-318.313628
2020-09-08,49.327042
2020-09-09,-189.602963
2020-09-10,-93.819772
2020-09-11,71.879232
2020-09-14,-58.862823
2020-09-15,100.260136
2020-09-16,-45.707122
2020-09-17,-50.796081
2020-09-18,398.554594
2020-09-21,-153.673953
2020-09-22,-144.211337
2020-09-23,-16.167993
2020-09-24,-255.374727
2020-09-25,21.188913
2020-09-28,41.764105
2020-09-29,17.134543
2020-09-30,-82.548411
2020-10-09,118.752493
2020-10-12,233.398683
2020-10-13,-7.936522
2020-10-14,-143.15908
2020-10-15,-26.322353
2020-10-16,15.671663
2020-10-19,-123.597623
2020-10-20,72.838618
2020-10-21,-57.572584
2020-10-22,-23.118645
2020-10-23,5.72465
2020-10-26,-38.35357
2020-10-27,-7.624283
2020-10-28,70.306147
2020-10-29,105.505386
2020-10-30,-192.68881
2020-11-02,38.044676
2020-11-03,117.101939
2020-11-04,76.863323
2020-11-05,167.595473
2020-11-06,-28.691864
2020-11-09,212.570295
2020-11-10,-117.801973
2020-11-11,-90.085322
2020-11-12,-42.326617
2020-11-13,-138.434296
2020-11-16,45.160119
2020-11-17,-51.285492
2020-11-18,110.962107
2020-11-19,94.101622
2020-11-20,57.91071
2020-11-23,196.611125
2020-11-24,-72.164079
2020-11-25,-194.227033
2020-11-26,-3.799902
2020-11-27,181.243954
2020-11-30,142.227079
2020-12-01,312.21097
2020-12-02,-41.67877
2020-12-03,-96.305864
2020-12-04,-31.123023
2020-12-07,-186.446661
2020-12-08,-28.900227
2020-12-09,-210.437566
2020-12-10,-72.05717
2020-12-11,-215.019273
2020-12-14,66.44631
2020-12-15,-14.269719
2020-12-16,-31.466707
2020-12-17,138.196636
2020-12-18,-68.282392
2020-12-21,147.918371
2020-12-22,-345.45797
2020-12-23,84.921683
2020-12-24,-85.935131
2020-12-25,124.005523
2020-12-28,2.880403
2020-12-29,-14.825205
2020-12-30,205.164921
2020-12-31,244.145181
2021-01-04,16.309125
2021-01-05,22.427072
2021-01-06,15.0963
2021-01-07,107.827989
2021-01-08,68.642152
2021-01-11,-113.673338
2021-01-12,349.532497
2021-01-13,-71.489098
2021-01-14,-110.100149
2021-01-15,-112.136253
2021-01-18,89.838353
2021-01-19,-335.940938
2021-01-20,29.25306
2021-01-21,133.457126
2021-01-22,-199.037866
2021-01-25,-106.07777
2021-01-26,-289.195087
2021-01-27,-2.879921
2021-01-28,-328.914307
2021-01-29,-104.223226
2021-02-01,77.638212
2021-02-02,115.155012
2021-02-03,-61.267577
2021-02-04,-51.049943
2021-02-05,-17.341353
2021-02-08,146.526947
2021-02-09,235.533685
2021-02-10,148.454472
2021-02-18,-205.069568
2021-02-19,36.917769
2021-02-22,-337.860396
2021-02-23,-46.562893
2021-02-24,-292.069367
2021-02-25,33.667194
2021-02-26,-156.878503
2021-03-01,1.939565
2021-03-02,-319.083159
2021-03-03,271.460053
2021-03-04,-344.539125
2021-03-05,86.199292
2021-03-08,-336.032035
2021-03-09,-36.250555
2021-03-10,-87.408899
2021-03-11,105.875447
2021-03-12,-95.641446
2021-03-15,-141.669019
2021-03-16,48.169975
2021-03-17,6.079001
2021-03-18,-3.3934
2021-03-19,-337.769369
2021-03-22,89.933031
2021-03-23,-179.887112
2021-03-24,-127.356375
2021-03-25,7.728047
2021-03-26,226.814064
2021-03-29,-85.859212
2021-03-30,76.11348
2021-03-31,-171.821741
2021-04-01,87.036636
2021-04-02,39.321964
2021-04-06,-119.041289
2021-04-07,-120.678807
2021-04-08,-41.534134
2021-04-09,-196.910337
2021-04-12,-163.860172
2021-04-13,0.287249
2021-04-14,127.295015
2021-04-15,-95.979763
2021-04-16,29.242378
2021-04-19,379.379597
2021-04-20,-115.841928
2021-04-21,-3.436004
2021-04-22,-109.28394
2021-04-23,73.742624
2021-04-26,-213.188244
2021-04-27,-44.763072
2021-04-28,26.282592
2021-04-29,85.771337
2021-04-30,-100.60392
2021-05-06,-127.177853
2021-05-07,-127.477878
2021-05-10,-64.934842
2021-05-11,41.923576
2021-05-12,-5.025028
2021-05-13,-202.157894
2021-05-14,384.37707
2021-05-17,155.791489
2021-05-18,-54.229034
2021-05-19,-104.971439
2021-05-20,-26.25628
2021-05-21,-191.207424
2021-05-24,-31.414471
2021-05-25,562.837918
2021-05-26,-98.761334
2021-05-27,6.009493
2021-05-28,-174.327801
2021-05-31,-52.52723
2021-06-01,-98.813099
2021-06-02,-326.682163
2021-06-03,-90.823087
2021-06-04,8.491517
2021-06-07,-96.018267
2021-06-08,-167.442881
2021-06-09,-16.13292
2021-06-10,63.898259
2021-06-11,-135.414165
2021-06-15,-237.469537
2021-06-16,-234.474731
2021-06-17,22.901627
2021-06-18,19.655683
2021-06-21,-132.938696
2021-06-22,-38.354857
2021-06-23,75.365361
2021-06-24,-33.430607
2021-06-25,311.422309
2021-06-28,-104.844625
2021-06-29,-262.483218
2021-06-30,51.377048
2021-07-01,-128.706142
2021-07-02,-342.307145
2021-07-05,3.973694
2021-07-06,-14.003552
2021-07-07,151.171228
2021-07-08,-225.807943
2021-07-09,-31.096371
2021-07-12,3.182041
2021-07-13,-74.822972
2021-07-14,-293.480586
2021-07-15,169.275248
2021-07-16,-142.142172
2021-07-19,46.712056
2021-07-20,-8.173805
2021-07-21,-16.253694
2021-07-22,68.103054
2021-07-23,-218.924781
2021-07-26,-308.498367
2021-07-27,-302.190888
2021-07-28,22.010855
2021-07-29,49.40866
2021-07-30,-6.255011
2021-08-02,204.807705
2021-08-03,-67.225537
2021-08-04,135.18854
2021-08-05,-143.101779
2021-08-06,-61.681076
2021-08-09,181.996326
2021-08-10,27.691433
2021-08-11,-163.915464
2021-08-12,-79.089941
2021-08-13,-127.228579
2021-08-16,-36.495121
2021-08-17,-243.681915
2021-08-18,196.285222
2021-08-19,-186.592588
2021-08-20,-161.518764
2021-08-23,165.600394
2021-08-24,55.69236
2021-08-25,-45.979343
2021-08-26,-239.912646
2021-08-27,93.415177
2021-08-30,-90.633614
2021-08-31,49.78465
2021-09-01,273.399273
2021-09-02,48.281253
2021-09-03,-122.459313
2021-09-06,247.460933
2021-09-07,208.598536
2021-09-08,-72.948359
2021-09-09,6.781377
2021-09-10,153.613412
2021-09-13,-95.439821
2021-09-14,-385.91482
2021-09-15,-197.92495
2021-09-16,-168.597072
2021-09-17,28.746712
2021-09-22,-39.958699
2021-09-23,-14.716429
2021-09-24,-84.36089
2021-09-27,-15.166049
2021-09-28,75.103263
2021-09-29,-79.167967
2021-09-30,38.331831
2021-10-08,145.262589
2021-10-11,-24.966933
2021-10-12,-175.909808
2021-10-13,156.335148
2021-10-14,-67.531336
2021-10-15,59.682333
2021-10-18,-94.901199
2021-10-19,59.760033
2021-10-20,-63.587274
2021-10-21,13.943649
2021-10-22,104.014241
2021-10-25,84.870548
2021-10-26,-62.529622
2021-10-27,-228.865762
2021-10-28,-52.221309
2021-10-29,138.867758
2021-11-01,18.696239
2021-11-02,-186.669729
2021-11-03,-16.297747
2021-11-04,145.631337
2021-11-05,-75.364247
2021-11-08,26.965445
2021-11-09,-62.853584
2021-11-10,-148.406155
2021-11-11,274.778693
2021-11-12,-78.937923
2021-11-15,-62.080793
2021-11-16,-40.163206
2021-11-17,-31.364879
2021-11-18,-194.097283
2021-11-19,118.535169
2021-11-22,57.543005
2021-11-23,-81.847086
2021-11-24,0.410514
2021-11-25,-120.732946
2021-11-26,-171.89589
2021-11-29,-72.489982
2021-11-30,-135.771128
2021-12-01,2.500863
2021-12-02,11.685554
2021-12-03,41.72481
2021-12-06,-38.917548
2021-12-07,87.537183
2021-12-08,258.530424
2021-12-09,467.365034
2021-12-10,-139.508676
2021-12-13,36.857394
2021-12-14,-195.789179
2021-12-15,-153.128645
2021-12-16,86.479414
2021-12-17,-207.784159
2021-12-20,-73.43812
2021-12-21,124.219033
2021-12-22,-103.475338
2021-12-23,88.248237
2021-12-24,-43.892458
2021-12-27,25.71476
2021-12-28,91.854238
2021-12-29,-200.389608
2021-12-30,127.318122
2021-12-31,17.363641
2022-01-04,-45.764292
2022-01-05,42.022126
2022-01-06,-87.280172
2022-01-07,135.572007
2022-01-10,50.989133
2022-01-11,-140.738046
2022-01-12,38.224573
2022-01-13,-266.100734
2022-01-14,-183.486047
2022-01-17,-14.926903
2022-01-18,148.128133
2022-01-19,-85.393993
2022-01-20,323.134646
2022-01-21,-115.55838
2022-01-24,54.546813
2022-01-25,-239.177777
2022-01-26,54.738032
2022-01-27,-197.762662
2022-01-28,-101.546191
2022-02-07,59.788654
2022-02-08,88.223066
2022-02-09,137.842884
2022-02-10,22.653349
2022-02-11,5.156594
2022-02-14,-200.21597
2022-02-15,35.077884
2022-02-16,-40.419444
2022-02-17,41.128652
2022-02-18,28.210761
2022-02-21,-121.619186
2022-02-22,-162.690372
2022-02-23,65.404352
2022-02-24,-334.29813
2022-02-25,12.730829
2022-02-28,12.890733
2022-03-01,-0.364138
2022-03-02,-88.128975
2022-03-03,-93.421699
2022-03-04,-131.26433
2022-03-07,-303.2774
2022-03-08,-278.018614
2022-03-09,-115.641246
2022-03-10,-21.014751
2022-03-11,12.446243
2022-03-14,-191.005695
2022-03-15,-187.230543
2022-03-16,258.84147
2022-03-17,-81.719327
2022-03-18,130.332027
2022-03-21,-159.587275
2022-03-22,-3.311141
2022-03-23,-23.098039
2022-03-24,-46.70437
2022-03-25,-226.476217
2022-03-28,43.771201
2022-03-29,-40.177906
2022-03-30,293.645479
2022-03-31,-122.931171
2022-04-01,200.317065
2022-04-06,-53.334596
2022-04-07,-91.983692
2022-04-08,107.835395
2022-04-11,-212.158202
2022-04-12,173.249043
2022-04-13,1.623721
2022-04-14,121.091384
2022-04-15,21.412516
2022-04-18,-64.122557
2022-04-19,-89.250373
2022-04-20,-113.593545
2022-04-21,-106.9052
2022-04-22,87.690069
2022-04-25,-109.17856
2022-04-26,31.173999
2022-04-27,151.090417
2022-04-28,41.043315
2022-04-29,144.952495
2022-05-05,-17.950586
2022-05-06,-243.84243
2022-05-09,-109.111537
2022-05-10,128.268929
2022-05-11,70.895207
2022-05-12,-98.760369
2022-05-13,28.441552
2022-05-16,-155.841701
2022-05-17,102.70649
2022-05-18,-98.676204
2022-05-19,43.76247
2022-05-20,230.916512
2022-05-23,-134.502982
2022-05-24,-254.532859
2022-05-25,9.791633
2022-05-26,14.213271
2022-05-27,-17.188114
2022-05-30,43.06817
2022-05-31,188.337357
2022-06-01,-113.64526
2022-06-02,-2.304822
2022-06-06,113.911011
2022-06-07,-30.479112
2022-06-08,60.804306
2022-06-09,-123.67302
2022-06-10,245.574908
2022-06-13,-216.161078
2022-06-14,63.53628
2022-06-15,323.100042
2022-06-16,-176.682037
2022-06-17,147.847279
2022-06-20,-73.468534
2022-06-21,-96.43241
2022-06-22,-228.015438
2022-06-23,203.115756
2022-06-24,108.548545
2022-06-27,81.57764
2022-06-28,118.623827
2022-06-29,-262.811867
2022-06-30,222.798888
2022-07-01,-105.796245
2022-07-04,52.856662
2022-07-05,-192.537418
2022-07-06,-285.433971
2022-07-07,88.624591
2022-07-08,-94.797494
2022-07-11,-151.511776
2022-07-12,-98.638936
2022-07-13,-74.02644
2022-07-14,-65.331094
2022-07-15,-219.726584
2022-07-18,41.918168
2022-07-19,-145.347312
2022-07-20,-39.801793
2022-07-21,-231.258169
2022-07-22,-98.714037
2022-07-25,-115.183251
2022-07-26,92.229297
2022-07-27,-117.199792
2022-07-28,-15.234714
2022-07-29,-243.709464
2022-08-01,61.346535
2022-08-02,-118.54488
2022-08-03,-167.308705
2022-08-04,1.946877
2022-08-05,153.386926
2022-08-08,-65.848261
2022-08-09,-22.684897
2022-08-10,-258.844864
2022-08-11,326.130547
2022-08-12,-34.230548
2022-08-15,-45.139736
2022-08-16,-135.429543
2022-08-17,125.361531
2022-08-18,-215.681168
2022-08-19,-121.091093
2022-08-22,130.672774
2022-08-23,-158.673831
2022-08-24,-249.118169
2022-08-25,59.976189
2022-08-26,-38.319344
2022-08-29,-50.850097
2022-08-30,-75.028289
2022-08-31,106.484922
2022-09-01,-97.31901
2022-09-02,-97.57868
2022-09-05,-21.023696
2022-09-06,167.948991
2022-09-07,-18.071016
2022-09-08,-49.345405
2022-09-09,274.597936
2022-09-13,81.878079
2022-09-14,-75.512061
2022-09-15,-65.289743
2022-09-16,-188.030037
2022-09-19,13.46539
2022-09-20,-37.629761
2022-09-21,-46.155888
2022-09-22,-97.278566
2022-09-23,-10.936993
2022-09-26,-7.316486
2022-09-27,92.252947
2022-09-28,-136.121101
2022-09-29,-28.265993
2022-09-30,-7.697706
2022-10-10,-75.795806
2022-10-11,35.525035
2022-10-12,73.540268
2022-10-13,-95.750408
2022-10-14,209.447852
2022-10-17,-30.876854
2022-10-18,-94.341889
2022-10-19,-180.952113
2022-10-20,-44.374687
2022-10-21,-71.69191
2022-10-24,-229.039976
2022-10-25,39.751558
2022-10-26,-24.081307
2022-10-27,-41.612179
2022-10-28,-124.650962
2022-10-31,-61.99743
2022-11-01,278.060438
2022-11-02,71.089039
2022-11-03,-123.22375
2022-11-04,403.184771
2022-11-07,-61.780605
2022-11-08,-128.761001
2022-11-09,-117.96097
2022-11-10,-69.183413
2022-11-11,341.592238
2022-11-14,-37.508938
2022-11-15,227.378613
2022-11-16,-160.387844
2022-11-17,-117.014789
2022-11-18,-119.963365
2022-11-21,-97.966461
2022-11-22,-40.265825
2022-11-23,78.013811
2022-11-24,-105.884104
2022-11-25,153.45758
2022-11-28,-42.194281
2022-11-29,355.058281
2022-11-30,21.871898
2022-12-01,39.778057
2022-12-02,-58.493813
2022-12-05,264.557406
2022-12-06,44.328057
2022-12-07,-58.08559
2022-12-08,-22.3696
2022-12-09,138.906656
2022-12-12,-175.441798
2022-12-13,-52.705116
2022-12-14,-8.853869
2022-12-15,-49.25685
2022-12-16,28.161546
2022-12-19,-182.913802
2022-12-20,-127.668051
2022-12-21,-35.437683
2022-12-22,-1.555268
2022-12-23,48.551434
2022-12-26,37.127525
2022-12-27,108.213431
2022-12-28,1.96696
2022-12-29,-27.015353
2022-12-30,73.687861
2023-01-03,59.42685
2023-01-04,0.129924
2023-01-05,244.236451
2023-01-06,40.78405
2023-01-09,69.51352
2023-01-10,31.053235
2023-01-11,-10.940093
2023-01-12,11.24879
2023-01-13,178.657451
2023-01-16,305.460917
2023-01-17,3.224926
2023-01-18,-29.146353
2023-01-19,55.960539
2023-01-20,74.618575
2023-01-30,-154.986788
2023-01-31,-94.558581
2023-02-01,45.200114
2023-02-02,-180.35137
2023-02-03,-204.355144
2023-02-06,-200.062581
2023-02-07,-82.474348
2023-02-08,-161.677711
2023-02-09,163.253902
2023-02-10,-157.082284
2023-02-13,65.466777
2023-02-14,-64.792611
2023-02-15,-146.042023
2023-02-16,-121.323653
2023-02-17,-237.243529
2023-02-20,322.152104
2023-02-21,63.470086
2023-02-22,-115.380813
2023-02-23,-79.525047
2023-02-24,-223.331453
2023-02-27,-99.646196
2023-02-28,44.079514
2023-03-01,291.037927
2023-03-02,-12.937456
2023-03-03,129.608635
2023-03-06,-114.864023
2023-03-07,-196.881956
2023-03-08,-95.643988
2023-03-09,-93.159578
2023-03-10,-204.599414
2023-03-13,152.438838
2023-03-14,-9.457069
2023-03-15,-20.899066
2023-03-16,-60.663843
2023-03-17,158.691255
2023-03-20,-74.978595
2023-03-21,19.431364
2023-03-22,0.550812
2023-03-23,162.039567
2023-03-24,-127.394796
2023-03-27,-140.225237
2023-03-28,-115.580397
2023-03-29,-63.992991
2023-03-30,84.538104
2023-03-31,49.150194
2023-04-03,187.117683
2023-04-04,16.358822
2023-04-06,12.126502
2023-04-07,72.050084
2023-04-10,-36.436553
2023-04-11,-18.493879
2023-04-12,24.798237
2023-04-13,-172.117124
2023-04-14,68.104859
2023-04-17,252.873927
2023-04-18,91.442008
2023-04-19,-173.805036
2023-04-20,-6.303116
2023-04-21,-228.476167
2023-04-24,-128.967532
2023-04-25,1.603472
2023-04-26,12.325092
2023-04-27,92.227658
2023-04-28,108.128789
2023-05-04,-4.418194
2023-05-05,-57.473177
2023-05-08,210.641918
2023-05-09,-91.550647
2023-05-10,-122.308289
2023-05-11,-136.695712
2023-05-12,-211.848174
2023-05-15,149.435586
2023-05-16,-103.339132
2023-05-17,-76.097604
2023-05-18,-47.281792
2023-05-19,-75.67383
2023-05-22,14.142354
2023-05-23,-221.076585
2023-05-24,-189.761793
2023-05-25,-81.571582
2023-05-26,1.275641
2023-05-29,-55.048782
2023-05-30,18.139733
2023-05-31,-67.270367
2023-06-01,34.405894
2023-06-02,126.791151
2023-06-05,-70.788957
2023-06-06,-92.8727
2023-06-07,-60.28926
2023-06-08,110.942014
2023-06-09,79.013854
2023-06-12,23.671849
2023-06-13,81.2501
2023-06-14,-27.900992
2023-06-15,194.685688
2023-06-16,185.302933
2023-06-19,-90.561507
2023-06-20,-19.672761
2023-06-21,-203.761494
2023-06-26,-125.570922
2023-06-27,68.843041
2023-06-28,41.7095
2023-06-29,-60.294717
2023-06-30,103.648632
2023-07-03,153.007014
2023-07-04,-20.068077
2023-07-05,-129.359397
2023-07-06,-119.428023
2023-07-07,-80.898604
2023-07-10,8.385663
2023-07-11,66.588216
2023-07-12,-106.852546
2023-07-13,215.992707
2023-07-14,-21.072775
2023-07-17,-109.887691
2023-07-18,-81.844409
2023-07-19,-43.227309
2023-07-20,-110.222505
2023-07-21,-2.127962
2023-07-24,-56.284244
2023-07-25,431.810877
2023-07-26,-26.840551
2023-07-27,-21.929217
2023-07-28,538.58404
2023-07-31,72.687841
2023-08-01,-56.094314
2023-08-02,-146.7216
2023-08-03,130.459751
2023-08-04,82.658988
2023-08-07,-59.035616
2023-08-08,-20.209625
2023-08-09,-14.185951
2023-08-10,32.95874
2023-08-11,-328.784985
2023-08-14,-48.01302
2023-08-15,-46.859151
2023-08-16,-52.288283
2023-08-17,31.244157
2023-08-18,-124.42584
2023-08-21,-132.150275
2023-08-22,91.740391
2023-08-23,-111.149261
2023-08-24,59.868867
2023-08-25,6.597223
2023-08-28,-25.972459
2023-08-29,106.510856
2023-08-30,-123.698887
2023-08-31,-77.147675
2023-09-01,50.742297
2023-09-04,171.926991
2023-09-05,-117.447828
2023-09-06,-55.947561
2023-09-07,-171.63497
2023-09-08,-58.272251
2023-09-11,63.938649
2023-09-12,-25.677317
2023-09-13,-115.355008
2023-09-14,17.264885
2023-09-15,-73.969243
2023-09-18,54.066855
2023-09-19,-17.21564
2023-09-20,-11.380407
2023-09-21,-90.095387
2023-09-22,288.13425
2023-09-25,-82.000657
2023-09-26,-85.74212
2023-09-27,32.949061
2023-09-28,-63.471667
2023-10-09,33.353067
2023-10-10,-112.787959
2023-10-11,-13.839848
2023-10-12,83.742648
2023-10-13,-113.841762
2023-10-16,-108.459822
2023-10-17,21.622697
2023-10-18,-23.234766
2023-10-19,-180.671407
2023-10-20,-56.424633
2023-10-23,-65.23629
2023-10-24,11.668419
2023-10-25,-28.047207
2023-10-26,58.037249
2023-10-27,138.161718
2023-10-30,-31.21277
2023-10-31,-73.572763
2023-11-01,-89.587513
2023-11-02,-57.745138
2023-11-03,105.327478
2023-11-06,56.736965
2023-11-07,-75.965121
2023-11-08,-105.900787
2023-11-09,23.216391
2023-11-10,-109.898966
2023-11-13,-80.754897
2023-11-14,-42.307058
2023-11-15,24.499889
2023-11-16,-152.389518
2023-11-17,-93.867126
2023-11-20,-33.098603
2023-11-21,-30.97198
2023-11-22,-152.942347
2023-11-23,19.737855
2023-11-24,-110.778301
2023-11-27,-133.558668
2023-11-28,-37.481155
2023-11-29,-122.440122
2023-11-30,58.959399
2023-12-01,-2.874464
2023-12-04,-55.573492
2023-12-05,-189.727721
2023-12-06,-23.134682
2023-12-07,-50.102614
2023-12-08,-21.088084
2023-12-11,49.754988
2023-12-12,25.004851
2023-12-13,-204.408109
2023-12-14,-94.661587
2023-12-15,-33.413756
2023-12-18,-20.576003
2023-12-19,8.655352
2023-12-20,-77.269118
2023-12-21,134.550942
2023-12-22,68.949212
2023-12-25,43.396673
2023-12-26,-63.097845
2023-12-27,34.272278
2023-12-28,340.446837
2023-12-29,59.49503
2024-01-02,-141.493098
2024-01-03,-44.110427
2024-01-04,-137.080931
2024-01-05,-39.623768
2024-01-08,-75.641609
2024-01-09,47.624467
2024-01-10,-26.488721
2024-01-11,46.810197
2024-01-12,-43.108261
2024-01-15,-23.111546
2024-01-16,73.309397
2024-01-17,-123.774891
2024-01-18,216.372628
2024-01-19,113.648228
2024-01-22,170.218691
2024-01-23,82.314716
2024-01-24,107.753106
2024-01-25,231.711797
2024-01-26,41.24195
2024-01-29,-37.23537
2024-01-30,-54.538537
2024-01-31,27.020614
2024-02-01,68.176908
2024-02-02,-40.466398
2024-02-05,194.59211
2024-02-06,242.258711
2024-02-07,187.97665
2024-02-08,56.488556
2024-02-19,122.436769
2024-02-20,35.485956
2024-02-21,213.33808
2024-02-22,72.497102
2024-02-23,-90.056851
2024-02-26,-218.671357
2024-02-27,79.723431
2024-02-28,-156.740849
2024-02-29,211.456735
2024-03-01,43.271264
2024-03-04,-136.130184
2024-03-05,173.570763
2024-03-06,-52.667671
2024-03-07,-148.866978
2024-03-08,59.830535
2024-03-11,76.582313
2024-03-12,-91.603296
2024-03-13,-190.61507
2024-03-14,-138.198729
2024-03-15,-21.999632
2024-03-18,86.042823
2024-03-19,-202.912852
2024-03-20,-26.362919
2024-03-21,-91.935946
2024-03-22,-182.468706
2024-03-25,-35.336864
2024-03-26,28.460382
2024-03-27,-92.016979
2024-03-28,68.094697
2024-03-29,-19.016306
2024-04-01,132.374052
2024-04-02,-130.97405
2024-04-03,-102.358617
2024-04-08,-95.189271
2024-04-09,-74.065628
2024-04-10,-127.966539
2024-04-11,-13.66237
2024-04-12,-185.968434
2024-04-15,216.67324
2024-04-16,-137.137534
2024-04-17,130.932804
2024-04-18,-5.361701
2024-04-19,-154.656351
2024-04-22,-73.207413
2024-04-23,-89.041241
2024-04-24,23.486617
2024-04-25,12.931771
2024-04-26,279.491942
2024-04-29,114.967284
2024-04-30,-93.538486
2024-05-06,2.827239
2024-05-07,-76.507602
2024-05-08,-150.02505
2024-05-09,105.404459
2024-05-10,-27.737283
2024-05-13,53.969567
2024-05-14,-71.90567
2024-05-15,-166.256692
2024-05-16,32.213901
2024-05-17,142.675831
2024-05-20,36.460378
2024-05-21,-91.717496
2024-05-22,58.772526
2024-05-23,-238.206339
2024-05-24,-155.922509
2024-05-27,74.771729
2024-05-28,-143.150847
2024-05-29,-10.565679
2024-05-30,-76.078682
2024-05-31,-63.587975
2024-06-03,-0.387395
2024-06-04,114.989906
2024-06-05,-105.255983
2024-06-06,8.99401
2024-06-07,-90.918751
2024-06-11,-49.134136
2024-06-12,-14.514789
2024-06-13,-41.93252
2024-06-14,47.509859
2024-06-17,-42.852719
2024-06-18,-21.370847
2024-06-19,-58.441621
2024-06-20,-95.403901
2024-06-21,32.193263
2024-06-24,38.741441
2024-06-25,-30.681433
2024-06-26,70.89484
2024-06-27,1.667208
2024-06-28,103.858396
2024-07-01,59.405484
2024-07-02,-61.664281
2024-07-03,-45.014138
2024-07-04,-32.092335
2024-07-05,-26.456216
2024-07-08,-13.242713
2024-07-09,158.981367
2024-07-10,-31.889907
2024-07-11,53.690731
2024-07-12,24.860678
2024-07-15,59.280973
2024-07-16,156.675036
2024-07-17,94.325935
2024-07-18,113.408616
2024-07-19,256.971266
2024-07-22,-92.530108
2024-07-23,-163.212881
2024-07-24,-49.353251
2024-07-25,-7.861032
2024-07-26,-4.900482
2024-07-29,-27.119096
2024-07-30,-8.169077
2024-07-31,209.138378
2024-08-01,-118.338146
2024-08-02,-102.305992
2024-08-05,-58.204805
2024-08-06,-65.928188
2024-08-07,-9.968086
2024-08-08,-9.349388
2024-08-09,-66.96523
2024-08-12,-43.443321
2024-08-13,5.172938
2024-08-14,-56.792938
2024-08-15,140.877499
2024-08-16,23.07092
2024-08-19,28.595111
2024-08-20,-66.435798
2024-08-21,35.772479
2024-08-22,10.79389
2024-08-23,76.724195
2024-08-26,-6.805329
2024-08-27,-12.316263
2024-08-28,-2.866262
2024-08-29,12.855221
2024-08-30,120.780786
2024-09-02,-195.649335
2024-09-03,7.38449
2024-09-04,-55.392139
2024-09-05,3.851841
2024-09-06,-83.209332
2024-09-09,-81.032834
2024-09-10,-14.714777
2024-09-11,2.446308
2024-09-12,-65.438459
2024-09-13,-25.481221
2024-09-18,56.017279
2024-09-19,69.820077
2024-09-20,124.144632
2024-09-23,52.291784
2024-09-24,521.731654
2024-09-25,47.270502
2024-09-26,627.59641
2024-09-27,97.683034
2024-09-30,308.681124
2024-10-08,-1028.386864
2024-10-09,-341.78181
2024-10-10,48.864268
2024-10-11,-257.906134
2024-10-14,74.144186
2024-10-15,-388.178582
2024-10-16,55.660293
2024-10-17,-292.916116
2024-10-18,561.405194
2024-10-21,-239.560182
2024-10-22,-53.263076
2024-10-23,-59.176856
2024-10-24,-270.195965
2024-10-25,7.388639
2024-10-28,-49.745421
2024-10-29,-292.025729
2024-10-30,-160.128063
2024-10-31,30.968657
2024-11-01,-9.714887
2024-11-04,152.869602
2024-11-05,469.265105
2024-11-06,-329.026077
2024-11-07,569.708929
2024-11-08,-499.57459
2024-11-11,-97.153472
2024-11-12,-519.259143
2024-11-13,103.339579
2024-11-14,-276.950222
2024-11-15,-134.456801
2024-11-18,-62.376442
2024-11-19,-79.357162
2024-11-20,-79.069756
2024-11-21,-5.637763
2024-11-22,-486.39017
2024-11-25,-67.353872
2024-11-26,-11.18457
2024-11-27,309.167082
2024-11-28,-173.833577
2024-11-29,241.965536
2024-12-02,15.899425
2024-12-03,-23.043779
2024-12-04,-120.393579
2024-12-05,-59.529002
2024-12-06,325.429932
2024-12-09,-95.518216
2024-12-10,-0.390465
2024-12-11,-49.133238
2024-12-12,159.297177
2024-12-13,-640.159798
2024-12-16,-89.761654
2024-12-17,127.508147
2024-12-18,46.097511
2024-12-19,156.41222
2024-12-20,-58.16599
2024-12-23,51.755466
2024-12-24,305.793109
2024-12-25,-49.313348
2024-12-26,70.448444
2024-12-27,-21.047268
2024-12-30,122.57755
2024-12-31,-278.829412
2025-01-02,-369.67445
2025-01-03,-52.19861
2025-01-06,15.275103
2025-01-07,124.660123
2025-01-08,-36.566007
2025-01-09,-8.837852
2025-01-10,-149.405664
2025-01-13,61.07925
2025-01-14,333.54785
2025-01-15,-106.408275
2025-01-16,-16.380013
2025-01-17,71.922682
2025-01-20,-95.025727
2025-01-21,0.571783
2025-01-22,-124.807374
2025-01-23,-43.771479
2025-01-24,241.443339
2025-01-27,-120.970014
2025-02-05,-57.421659
2025-02-06,175.497761
2025-02-07,128.631232
2025-02-10,-131.270231
2025-02-11,-207.936754
2025-02-12,48.619084
2025-02-13,-92.340742
2025-02-14,151.02686
2025-02-17,-114.775604
2025-02-18,-195.772235
2025-02-19,27.120007
2025-02-20,-212.781879
2025-02-21,211.783612
2025-02-24,-167.516109
2025-02-25,-284.968786
2025-02-26,79.087374
2025-02-27,-149.802065
2025-02-28,-374.170407
2025-03-03,-48.122766
2025-03-04,-13.292683
2025-03-05,-12.667876
2025-03-06,225.015996
2025-03-07,-136.629944
2025-03-10,-231.924699
2025-03-11,71.645077
2025-03-12,-143.453697
2025-03-13,-105.535987
2025-03-14,653.276878
2025-03-17,-167.488239
2025-03-18,-31.892382
2025-03-19,-84.545794
2025-03-20,-237.501776
2025-03-21,-298.726619
2025-03-24,33.423752
2025-03-25,5.238697
2025-03-26,-57.591035
2025-03-27,61.289696
2025-03-28,-121.653762
2025-03-31,-96.830629
2025-04-01,-43.116636
2025-04-02,8.121529
2025-04-03,-27.888063
2025-04-07,141.291303
2025-04-08,544.080568
2025-04-09,177.935085
2025-04-10,-93.114668
2025-04-11,5.820547
2025-04-14,-147.204749
2025-04-15,-12.40667
2025-04-16,112.20544
2025-04-17,39.96177
2025-04-18,95.789302
2025-04-21,11.803801
2025-04-22,-51.602188
2025-04-23,-119.543951
2025-04-24,-53.366019
2025-04-25,-13.494217
2025-04-28,-36.155808
2025-04-29,-95.400111
2025-04-30,-85.703353
2025-05-06,118.283711
2025-05-07,-122.817285
2025-05-08,144.45445
2025-05-09,-136.953443
2025-05-12,169.613336
2025-05-13,-115.581592
2025-05-14,310.378135
2025-05-15,-236.710462
2025-05-16,-138.725665
2025-05-19,-105.993573
2025-05-20,18.873051
2025-05-21,86.982002
2025-05-22,-48.373933
2025-05-23,-145.943299
2025-05-26,-104.399748
2025-05-27,-117.044822
2025-05-28,-66.777203
2025-05-29,146.600757
2025-05-30,-102.326061
2025-06-03,3.711057
2025-06-04,82.645631
2025-06-05,30.182111
2025-06-06,-12.776897
2025-06-09,18.045226
2025-06-10,-175.163441
2025-06-11,118.248397
2025-06-12,-44.877937
2025-06-13,-216.76212
2025-06-16,28.873475
2025-06-17,-47.690718
2025-06-18,38.200721
2025-06-19,-192.538292
2025-06-20,-18.271821
2025-06-23,90.618702
2025-06-24,210.845481
2025-06-25,364.095553
2025-06-26,-115.419119
2025-06-27,-131.212808
2025-06-30,22.054328
2025-07-01,-96.625279
2025-07-02,-18.534145
2025-07-03,114.883378
2025-07-04,63.239159
2025-07-07,-133.694959
2025-07-08,207.965997
2025-07-09,-92.623895
2025-07-10,120.597582
2025-07-11,141.52043
2025-07-14,-139.094859
2025-07-15,-148.289704
2025-07-16,-183.365687
2025-07-17,119.624214
2025-07-18,109.358712
2025-07-21,35.141763
2025-07-22,39.726135
2025-07-23,-110.342732
2025-07-24,204.317871
2025-07-25,-284.79976
2025-07-28,-122.949797
2025-07-29,-72.135399
2025-07-30,-41.530408
2025-07-31,-551.787499
2025-08-01,-172.729611
2025-08-04,-4.69929
2025-08-05,63.043253
2025-08-06,3.781713
2025-08-07,-131.792164
2025-08-08,-105.474304
2025-08-11,62.152818
2025-08-12,64.140263
2025-08-13,1.336695
2025-08-14,-128.185183
2025-08-15,207.876517
2025-08-18,110.908486
2025-08-19,-307.822242
2025-08-20,229.012736
2025-08-21,-1.117561
2025-08-22,651.793164
2025-08-25,142.659115
2025-08-26,-207.715392
2025-08-27,-506.768822
2025-08-28,60.076505
2025-08-29,-80.586762
2025-09-01,-331.984104
2025-09-02,-213.064468
2025-09-03,-288.158462
2025-09-04,-293.973929
2025-09-05,339.355885
2025-09-08,-258.815952
2025-09-09,-178.266933
2025-09-10,-57.86181
2025-09-11,411.306867
2025-09-12,-305.364306
2025-09-15,-225.422547
2025-09-16,-361.699195
2025-09-17,79.422418
2025-09-18,-510.407826
2025-09-19,-63.746229
2025-09-22,-50.075887
2025-09-23,-256.38487
2025-09-24,305.593379
2025-09-25,192.615603
2025-09-26,-186.51683
2025-09-29,450.049276
2025-09-30,-3.023248
2025-10-09,264.687627
2025-10-10,-468.415298
2025-10-13,-7.389857
2025-10-14,-359.554787
2025-10-15,210.495714
2025-10-16,70.261381
2025-10-17,-483.616529
2025-10-20,-39.346269
2025-10-21,255.812271
2025-10-22,-46.929203
2025-10-23,-4.822847
2025-10-24,239.347053
2025-10-27,84.542964
2025-10-28,-184.20161
2025-10-29,244.587477
2025-10-30,-211.569172
2025-10-31,-333.475073
2025-11-03,0.062007
2025-11-04,-239.089258
2025-11-05,49.310892
2025-11-06,271.420736
2025-11-07,-107.455559
2025-11-10,-51.464338
2025-11-11,-401.059059
2025-11-12,-19.367158
2025-11-13,180.540305
2025-11-14,-349.803226
2025-11-17,-183.30966
2025-11-18,-225.970606
2025-11-19,101.600115
2025-11-20,-146.199654
2025-11-21,-303.731782
2025-11-24,30.919546
2025-11-25,22.466103
2025-11-26,67.157678
2025-11-27,-77.375984
2025-11-28,-41.101544
2025-12-01,144.992131
2025-12-02,-200.879723
2025-12-03,-126.201988
2025-12-04,72.520007
2025-12-05,197.37126
2025-12-08,33.953973
2025-12-09,-238.84888
2025-12-10,-107.507291
2025-12-11,-246.901583
2025-12-12,179.562322
2025-12-15,-162.163849
2025-12-16,-147.680256
2025-12-17,577.004539
2025-12-18,-158.505961
2025-12-19,163.953639
2025-12-22,222.27728
2025-12-23,54.417911
2025-12-24,85.152316
2025-12-25,21.921012
2025-12-26,115.555495
2025-12-29,-150.767636
2025-12-30,84.858491
2025-12-31,-177.021855
2026-01-05,368.044881
2026-01-06,396.752456
2026-01-07,-368.612344
2026-01-08,-405.819672
2026-01-09,112.684897
2026-01-12,-3.986593
2026-01-13,-396.753739
